162482,"SUCCEEDED","Cluster Iterator running iteration 1 over priorPath: hdfs://192.168.100.53:9000/HiBench/Keans/Output/clusters-0",1,6,126,2,8,130,60,5,.7,.70,.3,.9,.2,1600,.70,40,40,4,2,1024,1664,1152,3,0,760,602462587,11,40,9,4.44444,2.45452,67.2222,44.2412,29.3,16.8734,49,9,5.44444,3.2356,67.3333,41.8569,20.6429,15.8502,48,9,5.33333,3.74166,68.2222,47.679,23.64,16.6586,
24533,"SUCCEEDED","Cluster Classification Driver running over input: hdfs://192.168.100.53:9000/HiBench/Keans/Input_1/saples",1,6,0,2,8,130,60,5,.7,.70,.3,.9,.2,1600,.70,40,40,4,2,1024,1664,1152,3,0,760,602462587,11,40,9,4.44444,2.45452,67.2222,44.2412,29.3,16.8734,49,9,5.44444,3.2356,67.3333,41.8569,20.6429,15.8502,48,9,5.33333,3.74166,68.2222,47.679,23.64,16.6586,
186131,"SUCCEEDED","Cluster Iterator running iteration 1 over priorPath: hdfs://192.168.100.53:9000/HiBench/Keans/Output/clusters-0",1,6,67,6,12,150,80,5,.8,.75,.3,.8,.5,1600,1.00,30,50,1,3,1664,1536,1664,3,0,420,4016371685,11,35,6,5.83333,2.33928,97.3333,36.4676,28.2,18.7659,37,10,3.7,1.34536,59.2,30.5084,31.8889,19.6664,38,9,4.22222,2.04275,68.3333,46.6738,37.5625,22.8418,
133575,"SUCCEEDED","Cluster Classification Driver running over input: hdfs://192.168.100.53:9000/HiBench/Keans/Input_2/saples",1,6,0,6,12,150,80,5,.8,.75,.3,.8,.5,1600,1.00,30,50,1,3,1664,1536,1664,3,0,420,4016371685,11,35,6,5.83333,2.33928,97.3333,36.4676,28.2,18.7659,37,10,3.7,1.34536,59.2,30.5084,31.8889,19.6664,38,9,4.22222,2.04275,68.3333,46.6738,37.5625,22.8418,
514919,"SUCCEEDED","Cluster Iterator running iteration 1 over priorPath: hdfs://192.168.100.53:9000/HiBench/Keans/Output/clusters-0",1,6,34,12,8,100,10,15,1.0,.90,.2,.7,.4,900,.20,10,60,1,2,1664,1152,1792,1,0,665,10040917091,11,42,9,4.66667,2.98142,65,45.8718,23.5,20.8006,34,11,3.09091,1.83177,54.2727,44.4729,30.4737,23.8843,41,14,3.07692,2.12898,46.0769,37.294,25.1304,22.1365,
320669,"SUCCEEDED","Cluster Classification Driver running over input: hdfs://192.168.100.53:9000/HiBench/Keans/Input_3/saples",1,6,0,12,8,100,10,15,1.0,.90,.2,.7,.4,900,.20,10,60,1,2,1664,1152,1792,1,0,665,10040917091,11,42,9,4.66667,2.98142,65,45.8718,23.5,20.8006,34,11,3.09091,1.83177,54.2727,44.4729,30.4737,23.8843,41,14,3.07692,2.12898,46.0769,37.294,25.1304,22.1365,
49757,"SUCCEEDED","Cluster Iterator running iteration 1 over priorPath: hdfs://192.168.100.53:9000/HiBench/Keans/Output/clusters-0",1,6,15,6,6,120,80,10,1.0,.60,.5,.5,.8,1700,0,60,60,2,4,1152,1280,1024,3,0,516,602462587,11,40,9,4.44444,2.45452,67.2222,44.2412,29.3,16.8734,49,9,5.44444,3.2356,67.3333,41.8569,20.6429,15.8502,48,9,5.33333,3.74166,68.2222,47.679,23.64,16.6586,
23455,"SUCCEEDED","Cluster Classification Driver running over input: hdfs://192.168.100.53:9000/HiBench/Keans/Input_1/saples",1,6,0,6,6,120,80,10,1.0,.60,.5,.5,.8,1700,0,60,60,2,4,1152,1280,1024,3,0,516,602462587,11,40,9,4.44444,2.45452,67.2222,44.2412,29.3,16.8734,49,9,5.44444,3.2356,67.3333,41.8569,20.6429,15.8502,48,9,5.33333,3.74166,68.2222,47.679,23.64,16.6586,
712371,"SUCCEEDED","Cluster Iterator running iteration 1 over priorPath: hdfs://192.168.100.53:9000/HiBench/Keans/Output/clusters-0",1,6,50,8,8,140,60,10,.8,.65,.4,.5,1.0,1200,.50,90,50,2,1,1792,1792,1792,1,0,1004,20081826210,11,38,11,3.45455,2.42576,56.0909,45.1351,27.3182,21.9512,47,16,2.9375,1.67589,39.5625,28.2488,22.4815,17.6936,41,10,4.1,2.62488,61.9,47.3042,31.6842,22.6275,
631072,"SUCCEEDED","Cluster Classification Driver running over input: hdfs://192.168.100.53:9000/HiBench/Keans/Input_4/saples",1,6,0,8,8,140,60,10,.8,.65,.4,.5,1.0,1200,.50,90,50,2,1,1792,1792,1792,1,0,1004,20081826210,11,38,11,3.45455,2.42576,56.0909,45.1351,27.3182,21.9512,47,16,2.9375,1.67589,39.5625,28.2488,22.4815,17.6936,41,10,4.1,2.62488,61.9,47.3042,31.6842,22.6275,
157946,"SUCCEEDED","Cluster Iterator running iteration 1 over priorPath: hdfs://192.168.100.53:9000/HiBench/Keans/Output/clusters-0",1,6,43,6,12,110,60,10,.5,.60,.5,.6,0,1300,.55,30,50,3,4,1536,1792,1280,2,0,646,4016371685,11,35,6,5.83333,2.33928,97.3333,36.4676,28.2,18.7659,37,10,3.7,1.34536,59.2,30.5084,31.8889,19.6664,38,9,4.22222,2.04275,68.3333,46.6738,37.5625,22.8418,
116543,"SUCCEEDED","Cluster Classification Driver running over input: hdfs://192.168.100.53:9000/HiBench/Keans/Input_2/saples",1,6,0,6,12,110,60,10,.5,.60,.5,.6,0,1300,.55,30,50,3,4,1536,1792,1280,2,0,646,4016371685,11,35,6,5.83333,2.33928,97.3333,36.4676,28.2,18.7659,37,10,3.7,1.34536,59.2,30.5084,31.8889,19.6664,38,9,4.22222,2.04275,68.3333,46.6738,37.5625,22.8418,
196894,"SUCCEEDED","Cluster Iterator running iteration 1 over priorPath: hdfs://192.168.100.53:9000/HiBench/Keans/Output/clusters-0",1,6,82,12,4,140,100,15,.7,.70,.5,.9,.1,1400,.10,40,40,4,1,1280,1152,1536,4,0,312,4016371685,11,35,6,5.83333,2.33928,97.3333,36.4676,28.2,18.7659,37,10,3.7,1.34536,59.2,30.5084,31.8889,19.6664,38,9,4.22222,2.04275,68.3333,46.6738,37.5625,22.8418,
117738,"SUCCEEDED","Cluster Classification Driver running over input: hdfs://192.168.100.53:9000/HiBench/Keans/Input_2/saples",1,6,0,12,4,140,100,15,.7,.70,.5,.9,.1,1400,.10,40,40,4,1,1280,1152,1536,4,0,312,4016371685,11,35,6,5.83333,2.33928,97.3333,36.4676,28.2,18.7659,37,10,3.7,1.34536,59.2,30.5084,31.8889,19.6664,38,9,4.22222,2.04275,68.3333,46.6738,37.5625,22.8418,
82510,"SUCCEEDED","Cluster Iterator running iteration 1 over priorPath: hdfs://192.168.100.53:9000/HiBench/Keans/Output/clusters-0",1,6,54,12,6,120,100,20,1.0,.80,.2,.8,.9,600,.80,40,60,3,4,1536,1280,1792,3,0,470,602462587,11,40,9,4.44444,2.45452,67.2222,44.2412,29.3,16.8734,49,9,5.44444,3.2356,67.3333,41.8569,20.6429,15.8502,48,9,5.33333,3.74166,68.2222,47.679,23.64,16.6586,
24592,"SUCCEEDED","Cluster Classification Driver running over input: hdfs://192.168.100.53:9000/HiBench/Keans/Input_1/saples",1,6,0,12,6,120,100,20,1.0,.80,.2,.8,.9,600,.80,40,60,3,4,1536,1280,1792,3,0,470,602462587,11,40,9,4.44444,2.45452,67.2222,44.2412,29.3,16.8734,49,9,5.44444,3.2356,67.3333,41.8569,20.6429,15.8502,48,9,5.33333,3.74166,68.2222,47.679,23.64,16.6586,
398932,"SUCCEEDED","Cluster Iterator running iteration 1 over priorPath: hdfs://192.168.100.53:9000/HiBench/Keans/Output/clusters-0",1,6,127,10,4,100,50,15,.6,.50,.2,.9,.1,1300,.05,50,60,3,3,1280,1536,1024,2,0,323,10040917091,11,42,9,4.66667,2.98142,65,45.8718,23.5,20.8006,34,11,3.09091,1.83177,54.2727,44.4729,30.4737,23.8843,41,14,3.07692,2.12898,46.0769,37.294,25.1304,22.1365,
282612,"SUCCEEDED","Cluster Classification Driver running over input: hdfs://192.168.100.53:9000/HiBench/Keans/Input_3/saples",1,6,0,10,4,100,50,15,.6,.50,.2,.9,.1,1300,.05,50,60,3,3,1280,1536,1024,2,0,323,10040917091,11,42,9,4.66667,2.98142,65,45.8718,23.5,20.8006,34,11,3.09091,1.83177,54.2727,44.4729,30.4737,23.8843,41,14,3.07692,2.12898,46.0769,37.294,25.1304,22.1365,
413593,"SUCCEEDED","Cluster Iterator running iteration 1 over priorPath: hdfs://192.168.100.53:9000/HiBench/Keans/Output/clusters-0",1,6,10,4,8,150,10,10,.8,.65,.3,.6,1.0,800,.10,40,60,3,3,2048,1920,1024,3,0,918,10040917091,11,42,9,4.66667,2.98142,65,45.8718,23.5,20.8006,34,11,3.09091,1.83177,54.2727,44.4729,30.4737,23.8843,41,14,3.07692,2.12898,46.0769,37.294,25.1304,22.1365,
308817,"SUCCEEDED","Cluster Classification Driver running over input: hdfs://192.168.100.53:9000/HiBench/Keans/Input_3/saples",1,6,0,4,8,150,10,10,.8,.65,.3,.6,1.0,800,.10,40,60,3,3,2048,1920,1024,3,0,918,10040917091,11,42,9,4.66667,2.98142,65,45.8718,23.5,20.8006,34,11,3.09091,1.83177,54.2727,44.4729,30.4737,23.8843,41,14,3.07692,2.12898,46.0769,37.294,25.1304,22.1365,
823298,"SUCCEEDED","Cluster Iterator running iteration 1 over priorPath: hdfs://192.168.100.53:9000/HiBench/Keans/Output/clusters-0",1,6,119,6,4,140,70,20,.6,.65,.3,.7,.9,1400,.70,60,50,4,3,1792,1152,1152,3,0,891,20081826210,11,38,11,3.45455,2.42576,56.0909,45.1351,27.3182,21.9512,47,16,2.9375,1.67589,39.5625,28.2488,22.4815,17.6936,41,10,4.1,2.62488,61.9,47.3042,31.6842,22.6275,
651644,"SUCCEEDED","Cluster Classification Driver running over input: hdfs://192.168.100.53:9000/HiBench/Keans/Input_4/saples",1,6,0,6,4,140,70,20,.6,.65,.3,.7,.9,1400,.70,60,50,4,3,1792,1152,1152,3,0,891,20081826210,11,38,11,3.45455,2.42576,56.0909,45.1351,27.3182,21.9512,47,16,2.9375,1.67589,39.5625,28.2488,22.4815,17.6936,41,10,4.1,2.62488,61.9,47.3042,31.6842,22.6275,
101544,"SUCCEEDED","Cluster Iterator running iteration 1 over priorPath: hdfs://192.168.100.53:9000/HiBench/Keans/Output/clusters-0",1,6,80,6,6,120,70,10,1.0,.85,.4,.7,.8,1800,.25,70,60,3,3,2048,1536,1024,1,0,688,602462587,11,40,9,4.44444,2.45452,67.2222,44.2412,29.3,16.8734,49,9,5.44444,3.2356,67.3333,41.8569,20.6429,15.8502,48,9,5.33333,3.74166,68.2222,47.679,23.64,16.6586,
23366,"SUCCEEDED","Cluster Classification Driver running over input: hdfs://192.168.100.53:9000/HiBench/Keans/Input_1/saples",1,6,0,6,6,120,70,10,1.0,.85,.4,.7,.8,1800,.25,70,60,3,3,2048,1536,1024,1,0,688,602462587,11,40,9,4.44444,2.45452,67.2222,44.2412,29.3,16.8734,49,9,5.44444,3.2356,67.3333,41.8569,20.6429,15.8502,48,9,5.33333,3.74166,68.2222,47.679,23.64,16.6586,
844004,"SUCCEEDED","Cluster Iterator running iteration 1 over priorPath: hdfs://192.168.100.53:9000/HiBench/Keans/Output/clusters-0",1,6,103,4,12,130,70,15,1.0,1.00,.3,.5,1.0,500,.65,100,40,1,2,1920,1664,1280,4,0,830,20081826210,11,38,11,3.45455,2.42576,56.0909,45.1351,27.3182,21.9512,47,16,2.9375,1.67589,39.5625,28.2488,22.4815,17.6936,41,10,4.1,2.62488,61.9,47.3042,31.6842,22.6275,
640187,"SUCCEEDED","Cluster Classification Driver running over input: hdfs://192.168.100.53:9000/HiBench/Keans/Input_4/saples",1,6,0,4,12,130,70,15,1.0,1.00,.3,.5,1.0,500,.65,100,40,1,2,1920,1664,1280,4,0,830,20081826210,11,38,11,3.45455,2.42576,56.0909,45.1351,27.3182,21.9512,47,16,2.9375,1.67589,39.5625,28.2488,22.4815,17.6936,41,10,4.1,2.62488,61.9,47.3042,31.6842,22.6275,
156970,"SUCCEEDED","Cluster Iterator running iteration 1 over priorPath: hdfs://192.168.100.53:9000/HiBench/Keans/Output/clusters-0",1,6,63,8,8,140,40,10,.8,1.00,.3,.9,1.0,1200,.85,10,60,3,3,1280,1280,1536,1,0,506,4016371685,11,35,6,5.83333,2.33928,97.3333,36.4676,28.2,18.7659,37,10,3.7,1.34536,59.2,30.5084,31.8889,19.6664,38,9,4.22222,2.04275,68.3333,46.6738,37.5625,22.8418,
118676,"SUCCEEDED","Cluster Classification Driver running over input: hdfs://192.168.100.53:9000/HiBench/Keans/Input_2/saples",1,6,0,8,8,140,40,10,.8,1.00,.3,.9,1.0,1200,.85,10,60,3,3,1280,1280,1536,1,0,506,4016371685,11,35,6,5.83333,2.33928,97.3333,36.4676,28.2,18.7659,37,10,3.7,1.34536,59.2,30.5084,31.8889,19.6664,38,9,4.22222,2.04275,68.3333,46.6738,37.5625,22.8418,
208939,"SUCCEEDED","Cluster Iterator running iteration 1 over priorPath: hdfs://192.168.100.53:9000/HiBench/Keans/Output/clusters-0",1,6,100,4,6,100,40,10,.6,.80,.4,.7,.7,900,.10,40,50,4,1,1024,1152,1536,4,0,546,4016371685,11,35,6,5.83333,2.33928,97.3333,36.4676,28.2,18.7659,37,10,3.7,1.34536,59.2,30.5084,31.8889,19.6664,38,9,4.22222,2.04275,68.3333,46.6738,37.5625,22.8418,
112090,"SUCCEEDED","Cluster Classification Driver running over input: hdfs://192.168.100.53:9000/HiBench/Keans/Input_2/saples",1,6,0,4,6,100,40,10,.6,.80,.4,.7,.7,900,.10,40,50,4,1,1024,1152,1536,4,0,546,4016371685,11,35,6,5.83333,2.33928,97.3333,36.4676,28.2,18.7659,37,10,3.7,1.34536,59.2,30.5084,31.8889,19.6664,38,9,4.22222,2.04275,68.3333,46.6738,37.5625,22.8418,
128664,"SUCCEEDED","Cluster Iterator running iteration 1 over priorPath: hdfs://192.168.100.53:9000/HiBench/Keans/Output/clusters-0",1,6,107,8,4,150,80,5,.6,.80,.5,.5,.3,1400,.60,70,60,3,2,1280,1536,1152,4,0,798,602462587,11,40,9,4.44444,2.45452,67.2222,44.2412,29.3,16.8734,49,9,5.44444,3.2356,67.3333,41.8569,20.6429,15.8502,48,9,5.33333,3.74166,68.2222,47.679,23.64,16.6586,
24087,"SUCCEEDED","Cluster Classification Driver running over input: hdfs://192.168.100.53:9000/HiBench/Keans/Input_1/saples",1,6,0,8,4,150,80,5,.6,.80,.5,.5,.3,1400,.60,70,60,3,2,1280,1536,1152,4,0,798,602462587,11,40,9,4.44444,2.45452,67.2222,44.2412,29.3,16.8734,49,9,5.44444,3.2356,67.3333,41.8569,20.6429,15.8502,48,9,5.33333,3.74166,68.2222,47.679,23.64,16.6586,
62405,"SUCCEEDED","Cluster Iterator running iteration 1 over priorPath: hdfs://192.168.100.53:9000/HiBench/Keans/Output/clusters-0",1,6,38,8,10,100,30,15,.9,1.00,.3,.9,.1,1600,.15,10,50,4,1,1536,1920,1024,4,0,936,602462587,11,40,9,4.44444,2.45452,67.2222,44.2412,29.3,16.8734,49,9,5.44444,3.2356,67.3333,41.8569,20.6429,15.8502,48,9,5.33333,3.74166,68.2222,47.679,23.64,16.6586,
24485,"SUCCEEDED","Cluster Classification Driver running over input: hdfs://192.168.100.53:9000/HiBench/Keans/Input_1/saples",1,6,0,8,10,100,30,15,.9,1.00,.3,.9,.1,1600,.15,10,50,4,1,1536,1920,1024,4,0,936,602462587,11,40,9,4.44444,2.45452,67.2222,44.2412,29.3,16.8734,49,9,5.44444,3.2356,67.3333,41.8569,20.6429,15.8502,48,9,5.33333,3.74166,68.2222,47.679,23.64,16.6586,
115351,"SUCCEEDED","Cluster Iterator running iteration 1 over priorPath: hdfs://192.168.100.53:9000/HiBench/Keans/Output/clusters-0",1,6,21,8,4,120,90,20,.8,.55,.5,.5,.4,700,.95,100,60,3,3,1024,1152,1664,4,0,368,4016371685,11,35,6,5.83333,2.33928,97.3333,36.4676,28.2,18.7659,37,10,3.7,1.34536,59.2,30.5084,31.8889,19.6664,38,9,4.22222,2.04275,68.3333,46.6738,37.5625,22.8418,
111272,"SUCCEEDED","Cluster Classification Driver running over input: hdfs://192.168.100.53:9000/HiBench/Keans/Input_2/saples",1,6,0,8,4,120,90,20,.8,.55,.5,.5,.4,700,.95,100,60,3,3,1024,1152,1664,4,0,368,4016371685,11,35,6,5.83333,2.33928,97.3333,36.4676,28.2,18.7659,37,10,3.7,1.34536,59.2,30.5084,31.8889,19.6664,38,9,4.22222,2.04275,68.3333,46.6738,37.5625,22.8418,
791127,"SUCCEEDED","Cluster Iterator running iteration 1 over priorPath: hdfs://192.168.100.53:9000/HiBench/Keans/Output/clusters-0",1,6,70,4,12,100,40,15,1.0,.65,.3,.5,.9,2000,.15,90,50,2,1,2048,1792,2048,4,0,525,20081826210,11,38,11,3.45455,2.42576,56.0909,45.1351,27.3182,21.9512,47,16,2.9375,1.67589,39.5625,28.2488,22.4815,17.6936,41,10,4.1,2.62488,61.9,47.3042,31.6842,22.6275,
657271,"SUCCEEDED","Cluster Classification Driver running over input: hdfs://192.168.100.53:9000/HiBench/Keans/Input_4/saples",1,6,0,4,12,100,40,15,1.0,.65,.3,.5,.9,2000,.15,90,50,2,1,2048,1792,2048,4,0,525,20081826210,11,38,11,3.45455,2.42576,56.0909,45.1351,27.3182,21.9512,47,16,2.9375,1.67589,39.5625,28.2488,22.4815,17.6936,41,10,4.1,2.62488,61.9,47.3042,31.6842,22.6275,
637887,"SUCCEEDED","Cluster Iterator running iteration 1 over priorPath: hdfs://192.168.100.53:9000/HiBench/Keans/Output/clusters-0",1,6,109,8,10,150,30,15,.9,.95,.4,.9,.2,1600,.35,30,50,4,2,1152,1024,1280,3,0,429,20081826210,11,38,11,3.45455,2.42576,56.0909,45.1351,27.3182,21.9512,47,16,2.9375,1.67589,39.5625,28.2488,22.4815,17.6936,41,10,4.1,2.62488,61.9,47.3042,31.6842,22.6275,
534448,"SUCCEEDED","Cluster Classification Driver running over input: hdfs://192.168.100.53:9000/HiBench/Keans/Input_4/saples",1,6,0,8,10,150,30,15,.9,.95,.4,.9,.2,1600,.35,30,50,4,2,1152,1024,1280,3,0,429,20081826210,11,38,11,3.45455,2.42576,56.0909,45.1351,27.3182,21.9512,47,16,2.9375,1.67589,39.5625,28.2488,22.4815,17.6936,41,10,4.1,2.62488,61.9,47.3042,31.6842,22.6275,
141323,"SUCCEEDED","Cluster Iterator running iteration 1 over priorPath: hdfs://192.168.100.53:9000/HiBench/Keans/Output/clusters-0",1,6,102,4,10,110,20,20,.9,.50,.2,.7,1.0,1900,0,50,40,4,1,1664,1920,1920,4,0,458,602462587,11,40,9,4.44444,2.45452,67.2222,44.2412,29.3,16.8734,49,9,5.44444,3.2356,67.3333,41.8569,20.6429,15.8502,48,9,5.33333,3.74166,68.2222,47.679,23.64,16.6586,
24628,"SUCCEEDED","Cluster Classification Driver running over input: hdfs://192.168.100.53:9000/HiBench/Keans/Input_1/saples",1,6,0,4,10,110,20,20,.9,.50,.2,.7,1.0,1900,0,50,40,4,1,1664,1920,1920,4,0,458,602462587,11,40,9,4.44444,2.45452,67.2222,44.2412,29.3,16.8734,49,9,5.44444,3.2356,67.3333,41.8569,20.6429,15.8502,48,9,5.33333,3.74166,68.2222,47.679,23.64,16.6586,
92853,"SUCCEEDED","Cluster Iterator running iteration 1 over priorPath: hdfs://192.168.100.53:9000/HiBench/Keans/Output/clusters-0",1,6,71,4,10,100,50,5,.6,.85,.4,.9,.3,500,.35,50,60,2,3,1152,1280,1280,3,0,368,602462587,11,40,9,4.44444,2.45452,67.2222,44.2412,29.3,16.8734,49,9,5.44444,3.2356,67.3333,41.8569,20.6429,15.8502,48,9,5.33333,3.74166,68.2222,47.679,23.64,16.6586,
25021,"SUCCEEDED","Cluster Classification Driver running over input: hdfs://192.168.100.53:9000/HiBench/Keans/Input_1/saples",1,6,0,4,10,100,50,5,.6,.85,.4,.9,.3,500,.35,50,60,2,3,1152,1280,1280,3,0,368,602462587,11,40,9,4.44444,2.45452,67.2222,44.2412,29.3,16.8734,49,9,5.44444,3.2356,67.3333,41.8569,20.6429,15.8502,48,9,5.33333,3.74166,68.2222,47.679,23.64,16.6586,
65256,"SUCCEEDED","Cluster Iterator running iteration 1 over priorPath: hdfs://192.168.100.53:9000/HiBench/Keans/Output/clusters-0",1,6,41,8,6,120,10,20,.9,1.00,.5,.5,.2,1500,.70,70,60,3,2,1408,1536,1408,3,0,783,602462587,11,40,9,4.44444,2.45452,67.2222,44.2412,29.3,16.8734,49,9,5.44444,3.2356,67.3333,41.8569,20.6429,15.8502,48,9,5.33333,3.74166,68.2222,47.679,23.64,16.6586,
24435,"SUCCEEDED","Cluster Classification Driver running over input: hdfs://192.168.100.53:9000/HiBench/Keans/Input_1/saples",1,6,0,8,6,120,10,20,.9,1.00,.5,.5,.2,1500,.70,70,60,3,2,1408,1536,1408,3,0,783,602462587,11,40,9,4.44444,2.45452,67.2222,44.2412,29.3,16.8734,49,9,5.44444,3.2356,67.3333,41.8569,20.6429,15.8502,48,9,5.33333,3.74166,68.2222,47.679,23.64,16.6586,
87370,"SUCCEEDED","Cluster Iterator running iteration 1 over priorPath: hdfs://192.168.100.53:9000/HiBench/Keans/Output/clusters-0",1,6,61,2,2,110,40,10,.8,.90,.5,.6,.4,800,.35,70,60,1,3,1536,1792,1664,4,0,669,602462587,11,40,9,4.44444,2.45452,67.2222,44.2412,29.3,16.8734,49,9,5.44444,3.2356,67.3333,41.8569,20.6429,15.8502,48,9,5.33333,3.74166,68.2222,47.679,23.64,16.6586,
24474,"SUCCEEDED","Cluster Classification Driver running over input: hdfs://192.168.100.53:9000/HiBench/Keans/Input_1/saples",1,6,0,2,2,110,40,10,.8,.90,.5,.6,.4,800,.35,70,60,1,3,1536,1792,1664,4,0,669,602462587,11,40,9,4.44444,2.45452,67.2222,44.2412,29.3,16.8734,49,9,5.44444,3.2356,67.3333,41.8569,20.6429,15.8502,48,9,5.33333,3.74166,68.2222,47.679,23.64,16.6586,
216356,"SUCCEEDED","Cluster Iterator running iteration 1 over priorPath: hdfs://192.168.100.53:9000/HiBench/Keans/Output/clusters-0",1,6,2,10,6,100,10,5,.7,.55,.5,.5,1.0,500,.95,60,40,4,3,1024,1664,1664,1,0,686,10040917091,11,42,9,4.66667,2.98142,65,45.8718,23.5,20.8006,34,11,3.09091,1.83177,54.2727,44.4729,30.4737,23.8843,41,14,3.07692,2.12898,46.0769,37.294,25.1304,22.1365,
265598,"SUCCEEDED","Cluster Classification Driver running over input: hdfs://192.168.100.53:9000/HiBench/Keans/Input_3/saples",1,6,0,10,6,100,10,5,.7,.55,.5,.5,1.0,500,.95,60,40,4,3,1024,1664,1664,1,0,686,10040917091,11,42,9,4.66667,2.98142,65,45.8718,23.5,20.8006,34,11,3.09091,1.83177,54.2727,44.4729,30.4737,23.8843,41,14,3.07692,2.12898,46.0769,37.294,25.1304,22.1365,
163353,"SUCCEEDED","Cluster Iterator running iteration 1 over priorPath: hdfs://192.168.100.53:9000/HiBench/Keans/Output/clusters-0",1,6,126,6,12,110,70,5,.9,.75,.2,.6,.9,500,.85,30,40,2,1,1024,1792,2048,3,0,904,602462587,11,40,9,4.44444,2.45452,67.2222,44.2412,29.3,16.8734,49,9,5.44444,3.2356,67.3333,41.8569,20.6429,15.8502,48,9,5.33333,3.74166,68.2222,47.679,23.64,16.6586,
24746,"SUCCEEDED","Cluster Classification Driver running over input: hdfs://192.168.100.53:9000/HiBench/Keans/Input_1/saples",1,6,0,6,12,110,70,5,.9,.75,.2,.6,.9,500,.85,30,40,2,1,1024,1792,2048,3,0,904,602462587,11,40,9,4.44444,2.45452,67.2222,44.2412,29.3,16.8734,49,9,5.44444,3.2356,67.3333,41.8569,20.6429,15.8502,48,9,5.33333,3.74166,68.2222,47.679,23.64,16.6586,
49985,"SUCCEEDED","Cluster Iterator running iteration 1 over priorPath: hdfs://192.168.100.53:9000/HiBench/Keans/Output/clusters-0",1,6,25,2,2,100,100,10,.8,.55,.5,.6,.2,700,.45,70,60,2,4,1408,1792,1408,3,0,730,602462587,11,40,9,4.44444,2.45452,67.2222,44.2412,29.3,16.8734,49,9,5.44444,3.2356,67.3333,41.8569,20.6429,15.8502,48,9,5.33333,3.74166,68.2222,47.679,23.64,16.6586,
23859,"SUCCEEDED","Cluster Classification Driver running over input: hdfs://192.168.100.53:9000/HiBench/Keans/Input_1/saples",1,6,0,2,2,100,100,10,.8,.55,.5,.6,.2,700,.45,70,60,2,4,1408,1792,1408,3,0,730,602462587,11,40,9,4.44444,2.45452,67.2222,44.2412,29.3,16.8734,49,9,5.44444,3.2356,67.3333,41.8569,20.6429,15.8502,48,9,5.33333,3.74166,68.2222,47.679,23.64,16.6586,
637357,"SUCCEEDED","Cluster Iterator running iteration 1 over priorPath: hdfs://192.168.100.53:9000/HiBench/Keans/Output/clusters-0",1,6,101,6,2,120,20,5,1.0,.60,.5,.9,.3,1600,.35,70,60,4,2,1280,1024,1536,1,0,937,20081826210,11,38,11,3.45455,2.42576,56.0909,45.1351,27.3182,21.9512,47,16,2.9375,1.67589,39.5625,28.2488,22.4815,17.6936,41,10,4.1,2.62488,61.9,47.3042,31.6842,22.6275,
572608,"SUCCEEDED","Cluster Classification Driver running over input: hdfs://192.168.100.53:9000/HiBench/Keans/Input_4/saples",1,6,0,6,2,120,20,5,1.0,.60,.5,.9,.3,1600,.35,70,60,4,2,1280,1024,1536,1,0,937,20081826210,11,38,11,3.45455,2.42576,56.0909,45.1351,27.3182,21.9512,47,16,2.9375,1.67589,39.5625,28.2488,22.4815,17.6936,41,10,4.1,2.62488,61.9,47.3042,31.6842,22.6275,
820266,"SUCCEEDED","Cluster Iterator running iteration 1 over priorPath: hdfs://192.168.100.53:9000/HiBench/Keans/Output/clusters-0",1,6,25,10,12,110,40,10,.6,.80,.3,.6,.1,800,.55,20,40,3,4,1920,1152,1152,2,0,250,20081826210,11,38,11,3.45455,2.42576,56.0909,45.1351,27.3182,21.9512,47,16,2.9375,1.67589,39.5625,28.2488,22.4815,17.6936,41,10,4.1,2.62488,61.9,47.3042,31.6842,22.6275,
616880,"SUCCEEDED","Cluster Classification Driver running over input: hdfs://192.168.100.53:9000/HiBench/Keans/Input_4/saples",1,6,0,10,12,110,40,10,.6,.80,.3,.6,.1,800,.55,20,40,3,4,1920,1152,1152,2,0,250,20081826210,11,38,11,3.45455,2.42576,56.0909,45.1351,27.3182,21.9512,47,16,2.9375,1.67589,39.5625,28.2488,22.4815,17.6936,41,10,4.1,2.62488,61.9,47.3042,31.6842,22.6275,
162324,"SUCCEEDED","Cluster Iterator running iteration 1 over priorPath: hdfs://192.168.100.53:9000/HiBench/Keans/Output/clusters-0",1,6,66,4,6,110,90,15,.7,.55,.5,.9,1.0,1700,.05,50,60,2,4,1024,1408,1536,1,0,504,4016371685,11,35,6,5.83333,2.33928,97.3333,36.4676,28.2,18.7659,37,10,3.7,1.34536,59.2,30.5084,31.8889,19.6664,38,9,4.22222,2.04275,68.3333,46.6738,37.5625,22.8418,
124350,"SUCCEEDED","Cluster Classification Driver running over input: hdfs://192.168.100.53:9000/HiBench/Keans/Input_2/saples",1,6,0,4,6,110,90,15,.7,.55,.5,.9,1.0,1700,.05,50,60,2,4,1024,1408,1536,1,0,504,4016371685,11,35,6,5.83333,2.33928,97.3333,36.4676,28.2,18.7659,37,10,3.7,1.34536,59.2,30.5084,31.8889,19.6664,38,9,4.22222,2.04275,68.3333,46.6738,37.5625,22.8418,
57082,"SUCCEEDED","Cluster Iterator running iteration 1 over priorPath: hdfs://192.168.100.53:9000/HiBench/Keans/Output/clusters-0",1,6,28,2,2,140,90,15,.9,.55,.2,.8,.3,1400,.65,70,60,2,4,1920,1664,1792,1,0,787,602462587,11,40,9,4.44444,2.45452,67.2222,44.2412,29.3,16.8734,49,9,5.44444,3.2356,67.3333,41.8569,20.6429,15.8502,48,9,5.33333,3.74166,68.2222,47.679,23.64,16.6586,
23487,"SUCCEEDED","Cluster Classification Driver running over input: hdfs://192.168.100.53:9000/HiBench/Keans/Input_1/saples",1,6,0,2,2,140,90,15,.9,.55,.2,.8,.3,1400,.65,70,60,2,4,1920,1664,1792,1,0,787,602462587,11,40,9,4.44444,2.45452,67.2222,44.2412,29.3,16.8734,49,9,5.44444,3.2356,67.3333,41.8569,20.6429,15.8502,48,9,5.33333,3.74166,68.2222,47.679,23.64,16.6586,
246322,"SUCCEEDED","Cluster Iterator running iteration 1 over priorPath: hdfs://192.168.100.53:9000/HiBench/Keans/Output/clusters-0",1,6,10,8,6,120,70,15,1.0,.95,.5,.8,.1,1200,.05,50,50,2,4,1024,1408,1536,3,0,330,10040917091,11,42,9,4.66667,2.98142,65,45.8718,23.5,20.8006,34,11,3.09091,1.83177,54.2727,44.4729,30.4737,23.8843,41,14,3.07692,2.12898,46.0769,37.294,25.1304,22.1365,
266489,"SUCCEEDED","Cluster Classification Driver running over input: hdfs://192.168.100.53:9000/HiBench/Keans/Input_3/saples",1,6,0,8,6,120,70,15,1.0,.95,.5,.8,.1,1200,.05,50,50,2,4,1024,1408,1536,3,0,330,10040917091,11,42,9,4.66667,2.98142,65,45.8718,23.5,20.8006,34,11,3.09091,1.83177,54.2727,44.4729,30.4737,23.8843,41,14,3.07692,2.12898,46.0769,37.294,25.1304,22.1365,
282609,"SUCCEEDED","Cluster Iterator running iteration 1 over priorPath: hdfs://192.168.100.53:9000/HiBench/Keans/Output/clusters-0",1,6,59,2,4,130,10,15,1.0,.80,.2,.6,1.0,500,.85,60,40,3,2,1408,1280,1408,4,0,254,10040917091,11,42,9,4.66667,2.98142,65,45.8718,23.5,20.8006,34,11,3.09091,1.83177,54.2727,44.4729,30.4737,23.8843,41,14,3.07692,2.12898,46.0769,37.294,25.1304,22.1365,
270259,"SUCCEEDED","Cluster Classification Driver running over input: hdfs://192.168.100.53:9000/HiBench/Keans/Input_3/saples",1,6,0,2,4,130,10,15,1.0,.80,.2,.6,1.0,500,.85,60,40,3,2,1408,1280,1408,4,0,254,10040917091,11,42,9,4.66667,2.98142,65,45.8718,23.5,20.8006,34,11,3.09091,1.83177,54.2727,44.4729,30.4737,23.8843,41,14,3.07692,2.12898,46.0769,37.294,25.1304,22.1365,
203949,"SUCCEEDED","Cluster Iterator running iteration 1 over priorPath: hdfs://192.168.100.53:9000/HiBench/Keans/Output/clusters-0",1,6,62,6,10,120,10,15,.9,.55,.5,.5,.9,800,.40,70,60,3,3,1792,1792,1536,1,0,916,4016371685,11,35,6,5.83333,2.33928,97.3333,36.4676,28.2,18.7659,37,10,3.7,1.34536,59.2,30.5084,31.8889,19.6664,38,9,4.22222,2.04275,68.3333,46.6738,37.5625,22.8418,
131870,"SUCCEEDED","Cluster Classification Driver running over input: hdfs://192.168.100.53:9000/HiBench/Keans/Input_2/saples",1,6,0,6,10,120,10,15,.9,.55,.5,.5,.9,800,.40,70,60,3,3,1792,1792,1536,1,0,916,4016371685,11,35,6,5.83333,2.33928,97.3333,36.4676,28.2,18.7659,37,10,3.7,1.34536,59.2,30.5084,31.8889,19.6664,38,9,4.22222,2.04275,68.3333,46.6738,37.5625,22.8418,
225695,"SUCCEEDED","Cluster Iterator running iteration 1 over priorPath: hdfs://192.168.100.53:9000/HiBench/Keans/Output/clusters-0",1,6,110,2,4,110,40,10,.9,.90,.3,.5,.4,2000,.90,40,50,1,2,1920,2048,1408,2,0,652,4016371685,11,35,6,5.83333,2.33928,97.3333,36.4676,28.2,18.7659,37,10,3.7,1.34536,59.2,30.5084,31.8889,19.6664,38,9,4.22222,2.04275,68.3333,46.6738,37.5625,22.8418,
129825,"SUCCEEDED","Cluster Classification Driver running over input: hdfs://192.168.100.53:9000/HiBench/Keans/Input_2/saples",1,6,0,2,4,110,40,10,.9,.90,.3,.5,.4,2000,.90,40,50,1,2,1920,2048,1408,2,0,652,4016371685,11,35,6,5.83333,2.33928,97.3333,36.4676,28.2,18.7659,37,10,3.7,1.34536,59.2,30.5084,31.8889,19.6664,38,9,4.22222,2.04275,68.3333,46.6738,37.5625,22.8418,
122777,"SUCCEEDED","Cluster Iterator running iteration 1 over priorPath: hdfs://192.168.100.53:9000/HiBench/Keans/Output/clusters-0",1,6,92,6,4,120,100,10,.6,.85,.5,.7,.2,2000,.05,20,40,3,3,1920,1792,1024,2,0,405,602462587,11,40,9,4.44444,2.45452,67.2222,44.2412,29.3,16.8734,49,9,5.44444,3.2356,67.3333,41.8569,20.6429,15.8502,48,9,5.33333,3.74166,68.2222,47.679,23.64,16.6586,
24660,"SUCCEEDED","Cluster Classification Driver running over input: hdfs://192.168.100.53:9000/HiBench/Keans/Input_1/saples",1,6,0,6,4,120,100,10,.6,.85,.5,.7,.2,2000,.05,20,40,3,3,1920,1792,1024,2,0,405,602462587,11,40,9,4.44444,2.45452,67.2222,44.2412,29.3,16.8734,49,9,5.44444,3.2356,67.3333,41.8569,20.6429,15.8502,48,9,5.33333,3.74166,68.2222,47.679,23.64,16.6586,
43928,"SUCCEEDED","Cluster Iterator running iteration 1 over priorPath: hdfs://192.168.100.53:9000/HiBench/Keans/Output/clusters-0",1,6,14,12,12,130,10,5,.5,.90,.5,.9,.6,1200,.75,80,50,1,1,1152,1280,1408,4,0,382,602462587,11,40,9,4.44444,2.45452,67.2222,44.2412,29.3,16.8734,49,9,5.44444,3.2356,67.3333,41.8569,20.6429,15.8502,48,9,5.33333,3.74166,68.2222,47.679,23.64,16.6586,
23933,"SUCCEEDED","Cluster Classification Driver running over input: hdfs://192.168.100.53:9000/HiBench/Keans/Input_1/saples",1,6,0,12,12,130,10,5,.5,.90,.5,.9,.6,1200,.75,80,50,1,1,1152,1280,1408,4,0,382,602462587,11,40,9,4.44444,2.45452,67.2222,44.2412,29.3,16.8734,49,9,5.44444,3.2356,67.3333,41.8569,20.6429,15.8502,48,9,5.33333,3.74166,68.2222,47.679,23.64,16.6586,
245583,"SUCCEEDED","Cluster Iterator running iteration 1 over priorPath: hdfs://192.168.100.53:9000/HiBench/Keans/Output/clusters-0",1,6,27,10,4,100,10,20,.7,.75,.5,.9,.2,2000,.55,100,60,2,2,1024,1920,1024,2,0,623,10040917091,11,42,9,4.66667,2.98142,65,45.8718,23.5,20.8006,34,11,3.09091,1.83177,54.2727,44.4729,30.4737,23.8843,41,14,3.07692,2.12898,46.0769,37.294,25.1304,22.1365,
265049,"SUCCEEDED","Cluster Classification Driver running over input: hdfs://192.168.100.53:9000/HiBench/Keans/Input_3/saples",1,6,0,10,4,100,10,20,.7,.75,.5,.9,.2,2000,.55,100,60,2,2,1024,1920,1024,2,0,623,10040917091,11,42,9,4.66667,2.98142,65,45.8718,23.5,20.8006,34,11,3.09091,1.83177,54.2727,44.4729,30.4737,23.8843,41,14,3.07692,2.12898,46.0769,37.294,25.1304,22.1365,
708522,"SUCCEEDED","Cluster Iterator running iteration 1 over priorPath: hdfs://192.168.100.53:9000/HiBench/Keans/Output/clusters-0",1,6,16,10,2,150,70,20,.5,.50,.3,.5,.6,1400,0,20,40,1,3,1792,2048,2048,3,0,205,20081826210,11,38,11,3.45455,2.42576,56.0909,45.1351,27.3182,21.9512,47,16,2.9375,1.67589,39.5625,28.2488,22.4815,17.6936,41,10,4.1,2.62488,61.9,47.3042,31.6842,22.6275,
650683,"SUCCEEDED","Cluster Classification Driver running over input: hdfs://192.168.100.53:9000/HiBench/Keans/Input_4/saples",1,6,0,10,2,150,70,20,.5,.50,.3,.5,.6,1400,0,20,40,1,3,1792,2048,2048,3,0,205,20081826210,11,38,11,3.45455,2.42576,56.0909,45.1351,27.3182,21.9512,47,16,2.9375,1.67589,39.5625,28.2488,22.4815,17.6936,41,10,4.1,2.62488,61.9,47.3042,31.6842,22.6275,
33919,"SUCCEEDED","Cluster Iterator running iteration 1 over priorPath: hdfs://192.168.100.53:9000/HiBench/Keans/Output/clusters-0",1,6,7,8,2,150,10,5,.7,.70,.2,.6,.4,700,.95,100,60,4,2,1792,1152,1536,4,0,457,602462587,11,40,9,4.44444,2.45452,67.2222,44.2412,29.3,16.8734,49,9,5.44444,3.2356,67.3333,41.8569,20.6429,15.8502,48,9,5.33333,3.74166,68.2222,47.679,23.64,16.6586,
22646,"SUCCEEDED","Cluster Classification Driver running over input: hdfs://192.168.100.53:9000/HiBench/Keans/Input_1/saples",1,6,0,8,2,150,10,5,.7,.70,.2,.6,.4,700,.95,100,60,4,2,1792,1152,1536,4,0,457,602462587,11,40,9,4.44444,2.45452,67.2222,44.2412,29.3,16.8734,49,9,5.44444,3.2356,67.3333,41.8569,20.6429,15.8502,48,9,5.33333,3.74166,68.2222,47.679,23.64,16.6586,
77769,"SUCCEEDED","Cluster Iterator running iteration 1 over priorPath: hdfs://192.168.100.53:9000/HiBench/Keans/Output/clusters-0",1,6,50,12,2,140,80,10,.5,.65,.2,.9,.7,1200,.85,30,50,4,3,1920,1920,1152,4,0,898,602462587,11,40,9,4.44444,2.45452,67.2222,44.2412,29.3,16.8734,49,9,5.44444,3.2356,67.3333,41.8569,20.6429,15.8502,48,9,5.33333,3.74166,68.2222,47.679,23.64,16.6586,
24344,"SUCCEEDED","Cluster Classification Driver running over input: hdfs://192.168.100.53:9000/HiBench/Keans/Input_1/saples",1,6,0,12,2,140,80,10,.5,.65,.2,.9,.7,1200,.85,30,50,4,3,1920,1920,1152,4,0,898,602462587,11,40,9,4.44444,2.45452,67.2222,44.2412,29.3,16.8734,49,9,5.44444,3.2356,67.3333,41.8569,20.6429,15.8502,48,9,5.33333,3.74166,68.2222,47.679,23.64,16.6586,
199002,"SUCCEEDED","Cluster Iterator running iteration 1 over priorPath: hdfs://192.168.100.53:9000/HiBench/Keans/Output/clusters-0",1,6,93,12,2,100,20,20,.5,.95,.4,.5,.6,2000,.40,20,60,2,3,1024,1920,1920,3,0,580,4016371685,11,35,6,5.83333,2.33928,97.3333,36.4676,28.2,18.7659,37,10,3.7,1.34536,59.2,30.5084,31.8889,19.6664,38,9,4.22222,2.04275,68.3333,46.6738,37.5625,22.8418,
115856,"SUCCEEDED","Cluster Classification Driver running over input: hdfs://192.168.100.53:9000/HiBench/Keans/Input_2/saples",1,6,0,12,2,100,20,20,.5,.95,.4,.5,.6,2000,.40,20,60,2,3,1024,1920,1920,3,0,580,4016371685,11,35,6,5.83333,2.33928,97.3333,36.4676,28.2,18.7659,37,10,3.7,1.34536,59.2,30.5084,31.8889,19.6664,38,9,4.22222,2.04275,68.3333,46.6738,37.5625,22.8418,
399774,"SUCCEEDED","Cluster Iterator running iteration 1 over priorPath: hdfs://192.168.100.53:9000/HiBench/Keans/Output/clusters-0",1,6,28,4,6,120,60,10,.7,.95,.2,.6,.3,1600,0,40,50,4,1,2048,1536,1152,2,0,965,10040917091,11,42,9,4.66667,2.98142,65,45.8718,23.5,20.8006,34,11,3.09091,1.83177,54.2727,44.4729,30.4737,23.8843,41,14,3.07692,2.12898,46.0769,37.294,25.1304,22.1365,
327545,"SUCCEEDED","Cluster Classification Driver running over input: hdfs://192.168.100.53:9000/HiBench/Keans/Input_3/saples",1,6,0,4,6,120,60,10,.7,.95,.2,.6,.3,1600,0,40,50,4,1,2048,1536,1152,2,0,965,10040917091,11,42,9,4.66667,2.98142,65,45.8718,23.5,20.8006,34,11,3.09091,1.83177,54.2727,44.4729,30.4737,23.8843,41,14,3.07692,2.12898,46.0769,37.294,25.1304,22.1365,
102928,"SUCCEEDED","Cluster Iterator running iteration 1 over priorPath: hdfs://192.168.100.53:9000/HiBench/Keans/Output/clusters-0",1,6,71,6,12,130,100,20,.8,.90,.2,.7,.1,700,.95,90,60,1,1,1664,1920,1536,1,0,288,602462587,11,40,9,4.44444,2.45452,67.2222,44.2412,29.3,16.8734,49,9,5.44444,3.2356,67.3333,41.8569,20.6429,15.8502,48,9,5.33333,3.74166,68.2222,47.679,23.64,16.6586,
23457,"SUCCEEDED","Cluster Classification Driver running over input: hdfs://192.168.100.53:9000/HiBench/Keans/Input_1/saples",1,6,0,6,12,130,100,20,.8,.90,.2,.7,.1,700,.95,90,60,1,1,1664,1920,1536,1,0,288,602462587,11,40,9,4.44444,2.45452,67.2222,44.2412,29.3,16.8734,49,9,5.44444,3.2356,67.3333,41.8569,20.6429,15.8502,48,9,5.33333,3.74166,68.2222,47.679,23.64,16.6586,
187060,"SUCCEEDED","Cluster Iterator running iteration 1 over priorPath: hdfs://192.168.100.53:9000/HiBench/Keans/Output/clusters-0",1,6,73,2,4,100,70,20,.9,.95,.3,.6,1.0,1800,.15,70,50,1,4,1280,1024,1664,1,0,313,4016371685,11,35,6,5.83333,2.33928,97.3333,36.4676,28.2,18.7659,37,10,3.7,1.34536,59.2,30.5084,31.8889,19.6664,38,9,4.22222,2.04275,68.3333,46.6738,37.5625,22.8418,
116228,"SUCCEEDED","Cluster Classification Driver running over input: hdfs://192.168.100.53:9000/HiBench/Keans/Input_2/saples",1,6,0,2,4,100,70,20,.9,.95,.3,.6,1.0,1800,.15,70,50,1,4,1280,1024,1664,1,0,313,4016371685,11,35,6,5.83333,2.33928,97.3333,36.4676,28.2,18.7659,37,10,3.7,1.34536,59.2,30.5084,31.8889,19.6664,38,9,4.22222,2.04275,68.3333,46.6738,37.5625,22.8418,
546253,"SUCCEEDED","Cluster Iterator running iteration 1 over priorPath: hdfs://192.168.100.53:9000/HiBench/Keans/Output/clusters-0",1,6,74,4,2,100,20,10,.6,.65,.4,.8,.1,1700,.75,90,50,2,3,1280,1792,1408,4,0,430,20081826210,11,38,11,3.45455,2.42576,56.0909,45.1351,27.3182,21.9512,47,16,2.9375,1.67589,39.5625,28.2488,22.4815,17.6936,41,10,4.1,2.62488,61.9,47.3042,31.6842,22.6275,
576898,"SUCCEEDED","Cluster Classification Driver running over input: hdfs://192.168.100.53:9000/HiBench/Keans/Input_4/saples",1,6,0,4,2,100,20,10,.6,.65,.4,.8,.1,1700,.75,90,50,2,3,1280,1792,1408,4,0,430,20081826210,11,38,11,3.45455,2.42576,56.0909,45.1351,27.3182,21.9512,47,16,2.9375,1.67589,39.5625,28.2488,22.4815,17.6936,41,10,4.1,2.62488,61.9,47.3042,31.6842,22.6275,
354259,"SUCCEEDED","Cluster Iterator running iteration 1 over priorPath: hdfs://192.168.100.53:9000/HiBench/Keans/Output/clusters-0",1,6,92,10,2,140,80,10,.8,.95,.5,.6,.4,1200,1.00,100,50,1,2,1920,1280,1408,1,0,549,10040917091,11,42,9,4.66667,2.98142,65,45.8718,23.5,20.8006,34,11,3.09091,1.83177,54.2727,44.4729,30.4737,23.8843,41,14,3.07692,2.12898,46.0769,37.294,25.1304,22.1365,
334957,"SUCCEEDED","Cluster Classification Driver running over input: hdfs://192.168.100.53:9000/HiBench/Keans/Input_3/saples",1,6,0,10,2,140,80,10,.8,.95,.5,.6,.4,1200,1.00,100,50,1,2,1920,1280,1408,1,0,549,10040917091,11,42,9,4.66667,2.98142,65,45.8718,23.5,20.8006,34,11,3.09091,1.83177,54.2727,44.4729,30.4737,23.8843,41,14,3.07692,2.12898,46.0769,37.294,25.1304,22.1365,
618230,"SUCCEEDED","Cluster Iterator running iteration 1 over priorPath: hdfs://192.168.100.53:9000/HiBench/Keans/Output/clusters-0",1,6,72,8,2,100,80,20,.6,.50,.2,.9,.6,1000,.45,60,60,2,2,1536,1920,1920,1,0,972,20081826210,11,38,11,3.45455,2.42576,56.0909,45.1351,27.3182,21.9512,47,16,2.9375,1.67589,39.5625,28.2488,22.4815,17.6936,41,10,4.1,2.62488,61.9,47.3042,31.6842,22.6275,
584396,"SUCCEEDED","Cluster Classification Driver running over input: hdfs://192.168.100.53:9000/HiBench/Keans/Input_4/saples",1,6,0,8,2,100,80,20,.6,.50,.2,.9,.6,1000,.45,60,60,2,2,1536,1920,1920,1,0,972,20081826210,11,38,11,3.45455,2.42576,56.0909,45.1351,27.3182,21.9512,47,16,2.9375,1.67589,39.5625,28.2488,22.4815,17.6936,41,10,4.1,2.62488,61.9,47.3042,31.6842,22.6275,
582204,"SUCCEEDED","Cluster Iterator running iteration 1 over priorPath: hdfs://192.168.100.53:9000/HiBench/Keans/Output/clusters-0",1,6,82,10,12,110,40,20,.6,.80,.4,.5,0,1100,.60,20,40,4,3,1408,1920,1024,2,0,277,20081826210,11,38,11,3.45455,2.42576,56.0909,45.1351,27.3182,21.9512,47,16,2.9375,1.67589,39.5625,28.2488,22.4815,17.6936,41,10,4.1,2.62488,61.9,47.3042,31.6842,22.6275,
535380,"SUCCEEDED","Cluster Classification Driver running over input: hdfs://192.168.100.53:9000/HiBench/Keans/Input_4/saples",1,6,0,10,12,110,40,20,.6,.80,.4,.5,0,1100,.60,20,40,4,3,1408,1920,1024,2,0,277,20081826210,11,38,11,3.45455,2.42576,56.0909,45.1351,27.3182,21.9512,47,16,2.9375,1.67589,39.5625,28.2488,22.4815,17.6936,41,10,4.1,2.62488,61.9,47.3042,31.6842,22.6275,
205769,"SUCCEEDED","Cluster Iterator running iteration 1 over priorPath: hdfs://192.168.100.53:9000/HiBench/Keans/Output/clusters-0",1,6,86,4,8,130,10,5,.5,.75,.3,.9,.9,1800,1.00,40,60,4,3,2048,1664,1408,4,0,710,4016371685,11,35,6,5.83333,2.33928,97.3333,36.4676,28.2,18.7659,37,10,3.7,1.34536,59.2,30.5084,31.8889,19.6664,38,9,4.22222,2.04275,68.3333,46.6738,37.5625,22.8418,
134530,"SUCCEEDED","Cluster Classification Driver running over input: hdfs://192.168.100.53:9000/HiBench/Keans/Input_2/saples",1,6,0,4,8,130,10,5,.5,.75,.3,.9,.9,1800,1.00,40,60,4,3,2048,1664,1408,4,0,710,4016371685,11,35,6,5.83333,2.33928,97.3333,36.4676,28.2,18.7659,37,10,3.7,1.34536,59.2,30.5084,31.8889,19.6664,38,9,4.22222,2.04275,68.3333,46.6738,37.5625,22.8418,
71155,"SUCCEEDED","Cluster Iterator running iteration 1 over priorPath: hdfs://192.168.100.53:9000/HiBench/Keans/Output/clusters-0",1,6,46,8,10,150,10,10,.8,.90,.2,.5,.4,600,1.00,10,40,3,2,1024,1536,1536,1,0,558,602462587,11,40,9,4.44444,2.45452,67.2222,44.2412,29.3,16.8734,49,9,5.44444,3.2356,67.3333,41.8569,20.6429,15.8502,48,9,5.33333,3.74166,68.2222,47.679,23.64,16.6586,
24245,"SUCCEEDED","Cluster Classification Driver running over input: hdfs://192.168.100.53:9000/HiBench/Keans/Input_1/saples",1,6,0,8,10,150,10,10,.8,.90,.2,.5,.4,600,1.00,10,40,3,2,1024,1536,1536,1,0,558,602462587,11,40,9,4.44444,2.45452,67.2222,44.2412,29.3,16.8734,49,9,5.44444,3.2356,67.3333,41.8569,20.6429,15.8502,48,9,5.33333,3.74166,68.2222,47.679,23.64,16.6586,
247272,"SUCCEEDED","Cluster Iterator running iteration 1 over priorPath: hdfs://192.168.100.53:9000/HiBench/Keans/Output/clusters-0",1,6,69,12,8,130,90,20,1.0,1.00,.3,.6,.1,1400,.35,40,60,2,3,2048,1408,1664,4,0,821,4016371685,11,35,6,5.83333,2.33928,97.3333,36.4676,28.2,18.7659,37,10,3.7,1.34536,59.2,30.5084,31.8889,19.6664,38,9,4.22222,2.04275,68.3333,46.6738,37.5625,22.8418,
134064,"SUCCEEDED","Cluster Classification Driver running over input: hdfs://192.168.100.53:9000/HiBench/Keans/Input_2/saples",1,6,0,12,8,130,90,20,1.0,1.00,.3,.6,.1,1400,.35,40,60,2,3,2048,1408,1664,4,0,821,4016371685,11,35,6,5.83333,2.33928,97.3333,36.4676,28.2,18.7659,37,10,3.7,1.34536,59.2,30.5084,31.8889,19.6664,38,9,4.22222,2.04275,68.3333,46.6738,37.5625,22.8418,
478137,"SUCCEEDED","Cluster Iterator running iteration 1 over priorPath: hdfs://192.168.100.53:9000/HiBench/Keans/Output/clusters-0",1,6,111,12,2,110,90,10,.9,.90,.4,.6,.2,2000,.20,40,40,1,2,1664,1664,2048,1,0,630,10040917091,11,42,9,4.66667,2.98142,65,45.8718,23.5,20.8006,34,11,3.09091,1.83177,54.2727,44.4729,30.4737,23.8843,41,14,3.07692,2.12898,46.0769,37.294,25.1304,22.1365,
330713,"SUCCEEDED","Cluster Classification Driver running over input: hdfs://192.168.100.53:9000/HiBench/Keans/Input_3/saples",1,6,0,12,2,110,90,10,.9,.90,.4,.6,.2,2000,.20,40,40,1,2,1664,1664,2048,1,0,630,10040917091,11,42,9,4.66667,2.98142,65,45.8718,23.5,20.8006,34,11,3.09091,1.83177,54.2727,44.4729,30.4737,23.8843,41,14,3.07692,2.12898,46.0769,37.294,25.1304,22.1365,
125164,"SUCCEEDED","Cluster Iterator running iteration 1 over priorPath: hdfs://192.168.100.53:9000/HiBench/Keans/Output/clusters-0",1,6,94,4,4,140,50,5,.5,.55,.5,.7,.1,1800,.75,100,60,2,4,1408,1920,1280,2,0,588,602462587,11,40,9,4.44444,2.45452,67.2222,44.2412,29.3,16.8734,49,9,5.44444,3.2356,67.3333,41.8569,20.6429,15.8502,48,9,5.33333,3.74166,68.2222,47.679,23.64,16.6586,
24791,"SUCCEEDED","Cluster Classification Driver running over input: hdfs://192.168.100.53:9000/HiBench/Keans/Input_1/saples",1,6,0,4,4,140,50,5,.5,.55,.5,.7,.1,1800,.75,100,60,2,4,1408,1920,1280,2,0,588,602462587,11,40,9,4.44444,2.45452,67.2222,44.2412,29.3,16.8734,49,9,5.44444,3.2356,67.3333,41.8569,20.6429,15.8502,48,9,5.33333,3.74166,68.2222,47.679,23.64,16.6586,
651765,"SUCCEEDED","Cluster Iterator running iteration 1 over priorPath: hdfs://192.168.100.53:9000/HiBench/Keans/Output/clusters-0",1,6,54,10,4,100,70,15,.9,.65,.4,.6,.5,2000,.50,60,50,3,2,1536,1024,1408,4,0,381,20081826210,11,38,11,3.45455,2.42576,56.0909,45.1351,27.3182,21.9512,47,16,2.9375,1.67589,39.5625,28.2488,22.4815,17.6936,41,10,4.1,2.62488,61.9,47.3042,31.6842,22.6275,
555765,"SUCCEEDED","Cluster Classification Driver running over input: hdfs://192.168.100.53:9000/HiBench/Keans/Input_4/saples",1,6,0,10,4,100,70,15,.9,.65,.4,.6,.5,2000,.50,60,50,3,2,1536,1024,1408,4,0,381,20081826210,11,38,11,3.45455,2.42576,56.0909,45.1351,27.3182,21.9512,47,16,2.9375,1.67589,39.5625,28.2488,22.4815,17.6936,41,10,4.1,2.62488,61.9,47.3042,31.6842,22.6275,
959849,"SUCCEEDED","Cluster Iterator running iteration 1 over priorPath: hdfs://192.168.100.53:9000/HiBench/Keans/Output/clusters-0",1,6,6,8,4,120,70,5,.9,.65,.4,.7,.6,500,0,30,40,3,1,1792,1280,1664,1,0,728,20081826210,11,38,11,3.45455,2.42576,56.0909,45.1351,27.3182,21.9512,47,16,2.9375,1.67589,39.5625,28.2488,22.4815,17.6936,41,10,4.1,2.62488,61.9,47.3042,31.6842,22.6275,
605477,"SUCCEEDED","Cluster Classification Driver running over input: hdfs://192.168.100.53:9000/HiBench/Keans/Input_4/saples",1,6,0,8,4,120,70,5,.9,.65,.4,.7,.6,500,0,30,40,3,1,1792,1280,1664,1,0,728,20081826210,11,38,11,3.45455,2.42576,56.0909,45.1351,27.3182,21.9512,47,16,2.9375,1.67589,39.5625,28.2488,22.4815,17.6936,41,10,4.1,2.62488,61.9,47.3042,31.6842,22.6275,
150065,"SUCCEEDED","Cluster Iterator running iteration 1 over priorPath: hdfs://192.168.100.53:9000/HiBench/Keans/Output/clusters-0",1,6,4,12,10,100,60,20,.5,1.00,.2,.5,.9,1700,.05,80,60,1,4,1792,1408,1536,3,0,939,4016371685,11,35,6,5.83333,2.33928,97.3333,36.4676,28.2,18.7659,37,10,3.7,1.34536,59.2,30.5084,31.8889,19.6664,38,9,4.22222,2.04275,68.3333,46.6738,37.5625,22.8418,
134835,"SUCCEEDED","Cluster Classification Driver running over input: hdfs://192.168.100.53:9000/HiBench/Keans/Input_2/saples",1,6,0,12,10,100,60,20,.5,1.00,.2,.5,.9,1700,.05,80,60,1,4,1792,1408,1536,3,0,939,4016371685,11,35,6,5.83333,2.33928,97.3333,36.4676,28.2,18.7659,37,10,3.7,1.34536,59.2,30.5084,31.8889,19.6664,38,9,4.22222,2.04275,68.3333,46.6738,37.5625,22.8418,
131784,"SUCCEEDED","Cluster Iterator running iteration 1 over priorPath: hdfs://192.168.100.53:9000/HiBench/Keans/Output/clusters-0",1,6,111,12,8,110,90,10,.8,.95,.2,.5,.3,800,.35,100,40,1,3,1280,1408,1280,3,0,626,602462587,11,40,9,4.44444,2.45452,67.2222,44.2412,29.3,16.8734,49,9,5.44444,3.2356,67.3333,41.8569,20.6429,15.8502,48,9,5.33333,3.74166,68.2222,47.679,23.64,16.6586,
24644,"SUCCEEDED","Cluster Classification Driver running over input: hdfs://192.168.100.53:9000/HiBench/Keans/Input_1/saples",1,6,0,12,8,110,90,10,.8,.95,.2,.5,.3,800,.35,100,40,1,3,1280,1408,1280,3,0,626,602462587,11,40,9,4.44444,2.45452,67.2222,44.2412,29.3,16.8734,49,9,5.44444,3.2356,67.3333,41.8569,20.6429,15.8502,48,9,5.33333,3.74166,68.2222,47.679,23.64,16.6586,
510272,"SUCCEEDED","Cluster Iterator running iteration 1 over priorPath: hdfs://192.168.100.53:9000/HiBench/Keans/Output/clusters-0",1,6,49,12,8,130,50,10,.5,.70,.3,.5,.6,1000,.45,70,60,4,4,1024,1024,1792,4,0,666,20081826210,11,38,11,3.45455,2.42576,56.0909,45.1351,27.3182,21.9512,47,16,2.9375,1.67589,39.5625,28.2488,22.4815,17.6936,41,10,4.1,2.62488,61.9,47.3042,31.6842,22.6275,
517727,"SUCCEEDED","Cluster Classification Driver running over input: hdfs://192.168.100.53:9000/HiBench/Keans/Input_4/saples",1,6,0,12,8,130,50,10,.5,.70,.3,.5,.6,1000,.45,70,60,4,4,1024,1024,1792,4,0,666,20081826210,11,38,11,3.45455,2.42576,56.0909,45.1351,27.3182,21.9512,47,16,2.9375,1.67589,39.5625,28.2488,22.4815,17.6936,41,10,4.1,2.62488,61.9,47.3042,31.6842,22.6275,
198719,"SUCCEEDED","Cluster Iterator running iteration 1 over priorPath: hdfs://192.168.100.53:9000/HiBench/Keans/Output/clusters-0",1,6,64,10,8,140,80,5,.8,.70,.4,.9,.8,1900,.50,90,50,4,1,1664,2048,1664,2,0,801,4016371685,11,35,6,5.83333,2.33928,97.3333,36.4676,28.2,18.7659,37,10,3.7,1.34536,59.2,30.5084,31.8889,19.6664,38,9,4.22222,2.04275,68.3333,46.6738,37.5625,22.8418,
132692,"SUCCEEDED","Cluster Classification Driver running over input: hdfs://192.168.100.53:9000/HiBench/Keans/Input_2/saples",1,6,0,10,8,140,80,5,.8,.70,.4,.9,.8,1900,.50,90,50,4,1,1664,2048,1664,2,0,801,4016371685,11,35,6,5.83333,2.33928,97.3333,36.4676,28.2,18.7659,37,10,3.7,1.34536,59.2,30.5084,31.8889,19.6664,38,9,4.22222,2.04275,68.3333,46.6738,37.5625,22.8418,
123642,"SUCCEEDED","Cluster Iterator running iteration 1 over priorPath: hdfs://192.168.100.53:9000/HiBench/Keans/Output/clusters-0",1,6,98,2,10,130,60,15,.7,.55,.4,.6,.7,1900,.90,100,60,2,1,1152,1024,1408,1,0,311,602462587,11,40,9,4.44444,2.45452,67.2222,44.2412,29.3,16.8734,49,9,5.44444,3.2356,67.3333,41.8569,20.6429,15.8502,48,9,5.33333,3.74166,68.2222,47.679,23.64,16.6586,
24264,"SUCCEEDED","Cluster Classification Driver running over input: hdfs://192.168.100.53:9000/HiBench/Keans/Input_1/saples",1,6,0,2,10,130,60,15,.7,.55,.4,.6,.7,1900,.90,100,60,2,1,1152,1024,1408,1,0,311,602462587,11,40,9,4.44444,2.45452,67.2222,44.2412,29.3,16.8734,49,9,5.44444,3.2356,67.3333,41.8569,20.6429,15.8502,48,9,5.33333,3.74166,68.2222,47.679,23.64,16.6586,
734746,"SUCCEEDED","Cluster Iterator running iteration 1 over priorPath: hdfs://192.168.100.53:9000/HiBench/Keans/Output/clusters-0",1,6,73,2,4,140,40,20,.7,.60,.4,.7,.2,900,.45,90,40,2,4,1792,1280,1024,1,0,835,20081826210,11,38,11,3.45455,2.42576,56.0909,45.1351,27.3182,21.9512,47,16,2.9375,1.67589,39.5625,28.2488,22.4815,17.6936,41,10,4.1,2.62488,61.9,47.3042,31.6842,22.6275,
640644,"SUCCEEDED","Cluster Classification Driver running over input: hdfs://192.168.100.53:9000/HiBench/Keans/Input_4/saples",1,6,0,2,4,140,40,20,.7,.60,.4,.7,.2,900,.45,90,40,2,4,1792,1280,1024,1,0,835,20081826210,11,38,11,3.45455,2.42576,56.0909,45.1351,27.3182,21.9512,47,16,2.9375,1.67589,39.5625,28.2488,22.4815,17.6936,41,10,4.1,2.62488,61.9,47.3042,31.6842,22.6275,
655008,"SUCCEEDED","Cluster Iterator running iteration 1 over priorPath: hdfs://192.168.100.53:9000/HiBench/Keans/Output/clusters-0",1,6,127,2,6,110,100,10,.9,.65,.3,.7,.1,1100,.15,50,60,2,1,1024,1664,1536,2,0,768,20081826210,11,38,11,3.45455,2.42576,56.0909,45.1351,27.3182,21.9512,47,16,2.9375,1.67589,39.5625,28.2488,22.4815,17.6936,41,10,4.1,2.62488,61.9,47.3042,31.6842,22.6275,
526932,"SUCCEEDED","Cluster Classification Driver running over input: hdfs://192.168.100.53:9000/HiBench/Keans/Input_4/saples",1,6,0,2,6,110,100,10,.9,.65,.3,.7,.1,1100,.15,50,60,2,1,1024,1664,1536,2,0,768,20081826210,11,38,11,3.45455,2.42576,56.0909,45.1351,27.3182,21.9512,47,16,2.9375,1.67589,39.5625,28.2488,22.4815,17.6936,41,10,4.1,2.62488,61.9,47.3042,31.6842,22.6275,
566507,"SUCCEEDED","Cluster Iterator running iteration 1 over priorPath: hdfs://192.168.100.53:9000/HiBench/Keans/Output/clusters-0",1,6,49,4,10,110,10,5,.7,.75,.2,.7,.7,1500,.80,40,50,2,2,1152,1408,1920,4,0,238,20081826210,11,38,11,3.45455,2.42576,56.0909,45.1351,27.3182,21.9512,47,16,2.9375,1.67589,39.5625,28.2488,22.4815,17.6936,41,10,4.1,2.62488,61.9,47.3042,31.6842,22.6275,
574151,"SUCCEEDED","Cluster Classification Driver running over input: hdfs://192.168.100.53:9000/HiBench/Keans/Input_4/saples",1,6,0,4,10,110,10,5,.7,.75,.2,.7,.7,1500,.80,40,50,2,2,1152,1408,1920,4,0,238,20081826210,11,38,11,3.45455,2.42576,56.0909,45.1351,27.3182,21.9512,47,16,2.9375,1.67589,39.5625,28.2488,22.4815,17.6936,41,10,4.1,2.62488,61.9,47.3042,31.6842,22.6275,
161469,"SUCCEEDED","Cluster Iterator running iteration 1 over priorPath: hdfs://192.168.100.53:9000/HiBench/Keans/Output/clusters-0",1,6,50,10,2,130,30,5,.6,.95,.2,.5,1.0,500,.90,60,40,4,2,1792,1792,1920,4,0,454,4016371685,11,35,6,5.83333,2.33928,97.3333,36.4676,28.2,18.7659,37,10,3.7,1.34536,59.2,30.5084,31.8889,19.6664,38,9,4.22222,2.04275,68.3333,46.6738,37.5625,22.8418,
130414,"SUCCEEDED","Cluster Classification Driver running over input: hdfs://192.168.100.53:9000/HiBench/Keans/Input_2/saples",1,6,0,10,2,130,30,5,.6,.95,.2,.5,1.0,500,.90,60,40,4,2,1792,1792,1920,4,0,454,4016371685,11,35,6,5.83333,2.33928,97.3333,36.4676,28.2,18.7659,37,10,3.7,1.34536,59.2,30.5084,31.8889,19.6664,38,9,4.22222,2.04275,68.3333,46.6738,37.5625,22.8418,
690521,"SUCCEEDED","Cluster Iterator running iteration 1 over priorPath: hdfs://192.168.100.53:9000/HiBench/Keans/Output/clusters-0",1,6,30,12,4,150,70,15,.7,.50,.2,.7,0,1500,.45,20,40,4,4,1664,1536,1408,1,0,784,20081826210,11,38,11,3.45455,2.42576,56.0909,45.1351,27.3182,21.9512,47,16,2.9375,1.67589,39.5625,28.2488,22.4815,17.6936,41,10,4.1,2.62488,61.9,47.3042,31.6842,22.6275,
631464,"SUCCEEDED","Cluster Classification Driver running over input: hdfs://192.168.100.53:9000/HiBench/Keans/Input_4/saples",1,6,0,12,4,150,70,15,.7,.50,.2,.7,0,1500,.45,20,40,4,4,1664,1536,1408,1,0,784,20081826210,11,38,11,3.45455,2.42576,56.0909,45.1351,27.3182,21.9512,47,16,2.9375,1.67589,39.5625,28.2488,22.4815,17.6936,41,10,4.1,2.62488,61.9,47.3042,31.6842,22.6275,
429785,"SUCCEEDED","Cluster Iterator running iteration 1 over priorPath: hdfs://192.168.100.53:9000/HiBench/Keans/Output/clusters-0",1,6,94,8,6,110,30,15,.5,.95,.3,.8,0,1200,.20,50,60,1,1,1280,1536,2048,4,0,971,10040917091,11,42,9,4.66667,2.98142,65,45.8718,23.5,20.8006,34,11,3.09091,1.83177,54.2727,44.4729,30.4737,23.8843,41,14,3.07692,2.12898,46.0769,37.294,25.1304,22.1365,
311174,"SUCCEEDED","Cluster Classification Driver running over input: hdfs://192.168.100.53:9000/HiBench/Keans/Input_3/saples",1,6,0,8,6,110,30,15,.5,.95,.3,.8,0,1200,.20,50,60,1,1,1280,1536,2048,4,0,971,10040917091,11,42,9,4.66667,2.98142,65,45.8718,23.5,20.8006,34,11,3.09091,1.83177,54.2727,44.4729,30.4737,23.8843,41,14,3.07692,2.12898,46.0769,37.294,25.1304,22.1365,
160025,"SUCCEEDED","Cluster Iterator running iteration 1 over priorPath: hdfs://192.168.100.53:9000/HiBench/Keans/Output/clusters-0",1,6,12,12,12,100,90,5,.5,.60,.5,.6,.5,1000,0,80,40,2,3,2048,1280,1408,2,0,620,4016371685,11,35,6,5.83333,2.33928,97.3333,36.4676,28.2,18.7659,37,10,3.7,1.34536,59.2,30.5084,31.8889,19.6664,38,9,4.22222,2.04275,68.3333,46.6738,37.5625,22.8418,
133338,"SUCCEEDED","Cluster Classification Driver running over input: hdfs://192.168.100.53:9000/HiBench/Keans/Input_2/saples",1,6,0,12,12,100,90,5,.5,.60,.5,.6,.5,1000,0,80,40,2,3,2048,1280,1408,2,0,620,4016371685,11,35,6,5.83333,2.33928,97.3333,36.4676,28.2,18.7659,37,10,3.7,1.34536,59.2,30.5084,31.8889,19.6664,38,9,4.22222,2.04275,68.3333,46.6738,37.5625,22.8418,
232452,"SUCCEEDED","Cluster Iterator running iteration 1 over priorPath: hdfs://192.168.100.53:9000/HiBench/Keans/Output/clusters-0",1,6,42,8,2,130,50,5,.6,.75,.5,.5,.8,500,.30,90,40,4,2,1920,1152,2048,2,0,445,4016371685,11,35,6,5.83333,2.33928,97.3333,36.4676,28.2,18.7659,37,10,3.7,1.34536,59.2,30.5084,31.8889,19.6664,38,9,4.22222,2.04275,68.3333,46.6738,37.5625,22.8418,
126863,"SUCCEEDED","Cluster Classification Driver running over input: hdfs://192.168.100.53:9000/HiBench/Keans/Input_2/saples",1,6,0,8,2,130,50,5,.6,.75,.5,.5,.8,500,.30,90,40,4,2,1920,1152,2048,2,0,445,4016371685,11,35,6,5.83333,2.33928,97.3333,36.4676,28.2,18.7659,37,10,3.7,1.34536,59.2,30.5084,31.8889,19.6664,38,9,4.22222,2.04275,68.3333,46.6738,37.5625,22.8418,
40937,"SUCCEEDED","Cluster Iterator running iteration 1 over priorPath: hdfs://192.168.100.53:9000/HiBench/Keans/Output/clusters-0",1,6,19,6,10,150,30,10,.6,.80,.5,.7,1.0,1000,.30,20,50,1,4,1664,1536,1024,1,0,414,602462587,11,40,9,4.44444,2.45452,67.2222,44.2412,29.3,16.8734,49,9,5.44444,3.2356,67.3333,41.8569,20.6429,15.8502,48,9,5.33333,3.74166,68.2222,47.679,23.64,16.6586,
23818,"SUCCEEDED","Cluster Classification Driver running over input: hdfs://192.168.100.53:9000/HiBench/Keans/Input_1/saples",1,6,0,6,10,150,30,10,.6,.80,.5,.7,1.0,1000,.30,20,50,1,4,1664,1536,1024,1,0,414,602462587,11,40,9,4.44444,2.45452,67.2222,44.2412,29.3,16.8734,49,9,5.44444,3.2356,67.3333,41.8569,20.6429,15.8502,48,9,5.33333,3.74166,68.2222,47.679,23.64,16.6586,
121167,"SUCCEEDED","Cluster Iterator running iteration 1 over priorPath: hdfs://192.168.100.53:9000/HiBench/Keans/Output/clusters-0",1,6,5,10,4,130,100,15,.9,.80,.2,.5,.3,1100,.20,70,60,2,4,1408,1920,1024,2,0,646,4016371685,11,35,6,5.83333,2.33928,97.3333,36.4676,28.2,18.7659,37,10,3.7,1.34536,59.2,30.5084,31.8889,19.6664,38,9,4.22222,2.04275,68.3333,46.6738,37.5625,22.8418,
113471,"SUCCEEDED","Cluster Classification Driver running over input: hdfs://192.168.100.53:9000/HiBench/Keans/Input_2/saples",1,6,0,10,4,130,100,15,.9,.80,.2,.5,.3,1100,.20,70,60,2,4,1408,1920,1024,2,0,646,4016371685,11,35,6,5.83333,2.33928,97.3333,36.4676,28.2,18.7659,37,10,3.7,1.34536,59.2,30.5084,31.8889,19.6664,38,9,4.22222,2.04275,68.3333,46.6738,37.5625,22.8418,
194931,"SUCCEEDED","Cluster Iterator running iteration 1 over priorPath: hdfs://192.168.100.53:9000/HiBench/Keans/Output/clusters-0",1,6,47,8,4,110,60,20,.7,.60,.3,.7,.7,1700,.05,50,40,4,4,1792,1152,1280,2,0,581,4016371685,11,35,6,5.83333,2.33928,97.3333,36.4676,28.2,18.7659,37,10,3.7,1.34536,59.2,30.5084,31.8889,19.6664,38,9,4.22222,2.04275,68.3333,46.6738,37.5625,22.8418,
127348,"SUCCEEDED","Cluster Classification Driver running over input: hdfs://192.168.100.53:9000/HiBench/Keans/Input_2/saples",1,6,0,8,4,110,60,20,.7,.60,.3,.7,.7,1700,.05,50,40,4,4,1792,1152,1280,2,0,581,4016371685,11,35,6,5.83333,2.33928,97.3333,36.4676,28.2,18.7659,37,10,3.7,1.34536,59.2,30.5084,31.8889,19.6664,38,9,4.22222,2.04275,68.3333,46.6738,37.5625,22.8418,
120302,"SUCCEEDED","Cluster Iterator running iteration 1 over priorPath: hdfs://192.168.100.53:9000/HiBench/Keans/Output/clusters-0",1,6,98,2,10,140,100,20,1.0,.95,.2,.6,.8,2000,.35,50,60,2,2,1664,1536,2048,1,0,975,602462587,11,40,9,4.44444,2.45452,67.2222,44.2412,29.3,16.8734,49,9,5.44444,3.2356,67.3333,41.8569,20.6429,15.8502,48,9,5.33333,3.74166,68.2222,47.679,23.64,16.6586,
25055,"SUCCEEDED","Cluster Classification Driver running over input: hdfs://192.168.100.53:9000/HiBench/Keans/Input_1/saples",1,6,0,2,10,140,100,20,1.0,.95,.2,.6,.8,2000,.35,50,60,2,2,1664,1536,2048,1,0,975,602462587,11,40,9,4.44444,2.45452,67.2222,44.2412,29.3,16.8734,49,9,5.44444,3.2356,67.3333,41.8569,20.6429,15.8502,48,9,5.33333,3.74166,68.2222,47.679,23.64,16.6586,
754773,"SUCCEEDED","Cluster Iterator running iteration 1 over priorPath: hdfs://192.168.100.53:9000/HiBench/Keans/Output/clusters-0",1,6,85,12,8,140,100,20,.9,.75,.5,.9,.5,2000,.45,30,40,1,1,1664,1792,1024,2,0,241,20081826210,11,38,11,3.45455,2.42576,56.0909,45.1351,27.3182,21.9512,47,16,2.9375,1.67589,39.5625,28.2488,22.4815,17.6936,41,10,4.1,2.62488,61.9,47.3042,31.6842,22.6275,
684049,"SUCCEEDED","Cluster Classification Driver running over input: hdfs://192.168.100.53:9000/HiBench/Keans/Input_4/saples",1,6,0,12,8,140,100,20,.9,.75,.5,.9,.5,2000,.45,30,40,1,1,1664,1792,1024,2,0,241,20081826210,11,38,11,3.45455,2.42576,56.0909,45.1351,27.3182,21.9512,47,16,2.9375,1.67589,39.5625,28.2488,22.4815,17.6936,41,10,4.1,2.62488,61.9,47.3042,31.6842,22.6275,
116849,"SUCCEEDED","Cluster Iterator running iteration 1 over priorPath: hdfs://192.168.100.53:9000/HiBench/Keans/Output/clusters-0",1,6,95,6,2,110,20,5,.6,.90,.3,.7,.2,800,.80,60,60,3,3,2048,1024,1792,2,0,436,602462587,11,40,9,4.44444,2.45452,67.2222,44.2412,29.3,16.8734,49,9,5.44444,3.2356,67.3333,41.8569,20.6429,15.8502,48,9,5.33333,3.74166,68.2222,47.679,23.64,16.6586,
23845,"SUCCEEDED","Cluster Classification Driver running over input: hdfs://192.168.100.53:9000/HiBench/Keans/Input_1/saples",1,6,0,6,2,110,20,5,.6,.90,.3,.7,.2,800,.80,60,60,3,3,2048,1024,1792,2,0,436,602462587,11,40,9,4.44444,2.45452,67.2222,44.2412,29.3,16.8734,49,9,5.44444,3.2356,67.3333,41.8569,20.6429,15.8502,48,9,5.33333,3.74166,68.2222,47.679,23.64,16.6586,
382253,"SUCCEEDED","Cluster Iterator running iteration 1 over priorPath: hdfs://192.168.100.53:9000/HiBench/Keans/Output/clusters-0",1,6,114,8,12,100,40,15,.7,.95,.3,.7,.7,600,1.00,40,40,2,3,1792,1152,2048,1,0,1001,10040917091,11,42,9,4.66667,2.98142,65,45.8718,23.5,20.8006,34,11,3.09091,1.83177,54.2727,44.4729,30.4737,23.8843,41,14,3.07692,2.12898,46.0769,37.294,25.1304,22.1365,
333466,"SUCCEEDED","Cluster Classification Driver running over input: hdfs://192.168.100.53:9000/HiBench/Keans/Input_3/saples",1,6,0,8,12,100,40,15,.7,.95,.3,.7,.7,600,1.00,40,40,2,3,1792,1152,2048,1,0,1001,10040917091,11,42,9,4.66667,2.98142,65,45.8718,23.5,20.8006,34,11,3.09091,1.83177,54.2727,44.4729,30.4737,23.8843,41,14,3.07692,2.12898,46.0769,37.294,25.1304,22.1365,
46336,"SUCCEEDED","Cluster Iterator running iteration 1 over priorPath: hdfs://192.168.100.53:9000/HiBench/Keans/Output/clusters-0",1,6,24,8,8,150,60,15,.6,1.00,.4,.5,.5,1800,.45,90,60,1,1,2048,1152,1792,4,0,340,602462587,11,40,9,4.44444,2.45452,67.2222,44.2412,29.3,16.8734,49,9,5.44444,3.2356,67.3333,41.8569,20.6429,15.8502,48,9,5.33333,3.74166,68.2222,47.679,23.64,16.6586,
24627,"SUCCEEDED","Cluster Classification Driver running over input: hdfs://192.168.100.53:9000/HiBench/Keans/Input_1/saples",1,6,0,8,8,150,60,15,.6,1.00,.4,.5,.5,1800,.45,90,60,1,1,2048,1152,1792,4,0,340,602462587,11,40,9,4.44444,2.45452,67.2222,44.2412,29.3,16.8734,49,9,5.44444,3.2356,67.3333,41.8569,20.6429,15.8502,48,9,5.33333,3.74166,68.2222,47.679,23.64,16.6586,
180584,"SUCCEEDED","Cluster Iterator running iteration 1 over priorPath: hdfs://192.168.100.53:9000/HiBench/Keans/Output/clusters-0",1,6,56,2,12,120,50,5,.7,.70,.3,.9,.6,800,.15,80,60,1,1,1536,1920,1664,2,0,553,4016371685,11,35,6,5.83333,2.33928,97.3333,36.4676,28.2,18.7659,37,10,3.7,1.34536,59.2,30.5084,31.8889,19.6664,38,9,4.22222,2.04275,68.3333,46.6738,37.5625,22.8418,
120811,"SUCCEEDED","Cluster Classification Driver running over input: hdfs://192.168.100.53:9000/HiBench/Keans/Input_2/saples",1,6,0,2,12,120,50,5,.7,.70,.3,.9,.6,800,.15,80,60,1,1,1536,1920,1664,2,0,553,4016371685,11,35,6,5.83333,2.33928,97.3333,36.4676,28.2,18.7659,37,10,3.7,1.34536,59.2,30.5084,31.8889,19.6664,38,9,4.22222,2.04275,68.3333,46.6738,37.5625,22.8418,
568294,"SUCCEEDED","Cluster Iterator running iteration 1 over priorPath: hdfs://192.168.100.53:9000/HiBench/Keans/Output/clusters-0",1,6,106,12,4,130,100,10,.7,.75,.4,.5,.6,1200,.95,80,60,1,4,1536,1792,1792,2,0,932,20081826210,11,38,11,3.45455,2.42576,56.0909,45.1351,27.3182,21.9512,47,16,2.9375,1.67589,39.5625,28.2488,22.4815,17.6936,41,10,4.1,2.62488,61.9,47.3042,31.6842,22.6275,
618295,"SUCCEEDED","Cluster Classification Driver running over input: hdfs://192.168.100.53:9000/HiBench/Keans/Input_4/saples",1,6,0,12,4,130,100,10,.7,.75,.4,.5,.6,1200,.95,80,60,1,4,1536,1792,1792,2,0,932,20081826210,11,38,11,3.45455,2.42576,56.0909,45.1351,27.3182,21.9512,47,16,2.9375,1.67589,39.5625,28.2488,22.4815,17.6936,41,10,4.1,2.62488,61.9,47.3042,31.6842,22.6275,
593119,"SUCCEEDED","Cluster Iterator running iteration 1 over priorPath: hdfs://192.168.100.53:9000/HiBench/Keans/Output/clusters-0",1,6,47,2,6,130,70,15,.5,.95,.3,.8,.8,800,.40,70,60,3,2,1408,1920,1792,3,0,832,20081826210,11,38,11,3.45455,2.42576,56.0909,45.1351,27.3182,21.9512,47,16,2.9375,1.67589,39.5625,28.2488,22.4815,17.6936,41,10,4.1,2.62488,61.9,47.3042,31.6842,22.6275,
558726,"SUCCEEDED","Cluster Classification Driver running over input: hdfs://192.168.100.53:9000/HiBench/Keans/Input_4/saples",1,6,0,2,6,130,70,15,.5,.95,.3,.8,.8,800,.40,70,60,3,2,1408,1920,1792,3,0,832,20081826210,11,38,11,3.45455,2.42576,56.0909,45.1351,27.3182,21.9512,47,16,2.9375,1.67589,39.5625,28.2488,22.4815,17.6936,41,10,4.1,2.62488,61.9,47.3042,31.6842,22.6275,
94385,"SUCCEEDED","Cluster Iterator running iteration 1 over priorPath: hdfs://192.168.100.53:9000/HiBench/Keans/Output/clusters-0",1,6,4,4,8,140,40,10,.9,.60,.4,.9,.3,500,.85,30,60,3,1,1024,1920,1024,2,0,794,4016371685,11,35,6,5.83333,2.33928,97.3333,36.4676,28.2,18.7659,37,10,3.7,1.34536,59.2,30.5084,31.8889,19.6664,38,9,4.22222,2.04275,68.3333,46.6738,37.5625,22.8418,
114321,"SUCCEEDED","Cluster Classification Driver running over input: hdfs://192.168.100.53:9000/HiBench/Keans/Input_2/saples",1,6,0,4,8,140,40,10,.9,.60,.4,.9,.3,500,.85,30,60,3,1,1024,1920,1024,2,0,794,4016371685,11,35,6,5.83333,2.33928,97.3333,36.4676,28.2,18.7659,37,10,3.7,1.34536,59.2,30.5084,31.8889,19.6664,38,9,4.22222,2.04275,68.3333,46.6738,37.5625,22.8418,
579050,"SUCCEEDED","Cluster Iterator running iteration 1 over priorPath: hdfs://192.168.100.53:9000/HiBench/Keans/Output/clusters-0",1,6,56,10,2,140,40,15,.5,.90,.5,.7,.9,1400,.55,60,40,1,3,1408,1664,2048,3,0,355,20081826210,11,38,11,3.45455,2.42576,56.0909,45.1351,27.3182,21.9512,47,16,2.9375,1.67589,39.5625,28.2488,22.4815,17.6936,41,10,4.1,2.62488,61.9,47.3042,31.6842,22.6275,
566011,"SUCCEEDED","Cluster Classification Driver running over input: hdfs://192.168.100.53:9000/HiBench/Keans/Input_4/saples",1,6,0,10,2,140,40,15,.5,.90,.5,.7,.9,1400,.55,60,40,1,3,1408,1664,2048,3,0,355,20081826210,11,38,11,3.45455,2.42576,56.0909,45.1351,27.3182,21.9512,47,16,2.9375,1.67589,39.5625,28.2488,22.4815,17.6936,41,10,4.1,2.62488,61.9,47.3042,31.6842,22.6275,
595398,"SUCCEEDED","Cluster Iterator running iteration 1 over priorPath: hdfs://192.168.100.53:9000/HiBench/Keans/Output/clusters-0",1,6,125,12,6,150,50,5,.6,.70,.2,.5,.1,1900,.70,50,50,2,2,1152,1536,1152,4,0,618,20081826210,11,38,11,3.45455,2.42576,56.0909,45.1351,27.3182,21.9512,47,16,2.9375,1.67589,39.5625,28.2488,22.4815,17.6936,41,10,4.1,2.62488,61.9,47.3042,31.6842,22.6275,
547128,"SUCCEEDED","Cluster Classification Driver running over input: hdfs://192.168.100.53:9000/HiBench/Keans/Input_4/saples",1,6,0,12,6,150,50,5,.6,.70,.2,.5,.1,1900,.70,50,50,2,2,1152,1536,1152,4,0,618,20081826210,11,38,11,3.45455,2.42576,56.0909,45.1351,27.3182,21.9512,47,16,2.9375,1.67589,39.5625,28.2488,22.4815,17.6936,41,10,4.1,2.62488,61.9,47.3042,31.6842,22.6275,
138769,"SUCCEEDED","Cluster Iterator running iteration 1 over priorPath: hdfs://192.168.100.53:9000/HiBench/Keans/Output/clusters-0",1,6,6,12,10,140,20,5,.7,.55,.2,.8,.4,2000,.55,50,50,4,1,1664,1920,1408,3,0,950,4016371685,11,35,6,5.83333,2.33928,97.3333,36.4676,28.2,18.7659,37,10,3.7,1.34536,59.2,30.5084,31.8889,19.6664,38,9,4.22222,2.04275,68.3333,46.6738,37.5625,22.8418,
128508,"SUCCEEDED","Cluster Classification Driver running over input: hdfs://192.168.100.53:9000/HiBench/Keans/Input_2/saples",1,6,0,12,10,140,20,5,.7,.55,.2,.8,.4,2000,.55,50,50,4,1,1664,1920,1408,3,0,950,4016371685,11,35,6,5.83333,2.33928,97.3333,36.4676,28.2,18.7659,37,10,3.7,1.34536,59.2,30.5084,31.8889,19.6664,38,9,4.22222,2.04275,68.3333,46.6738,37.5625,22.8418,
331576,"SUCCEEDED","Cluster Iterator running iteration 1 over priorPath: hdfs://192.168.100.53:9000/HiBench/Keans/Output/clusters-0",1,6,4,10,12,140,30,20,1.0,.75,.3,.5,1.0,600,.50,40,50,3,3,1664,1792,1664,1,0,388,10040917091,11,42,9,4.66667,2.98142,65,45.8718,23.5,20.8006,34,11,3.09091,1.83177,54.2727,44.4729,30.4737,23.8843,41,14,3.07692,2.12898,46.0769,37.294,25.1304,22.1365,
324209,"SUCCEEDED","Cluster Classification Driver running over input: hdfs://192.168.100.53:9000/HiBench/Keans/Input_3/saples",1,6,0,10,12,140,30,20,1.0,.75,.3,.5,1.0,600,.50,40,50,3,3,1664,1792,1664,1,0,388,10040917091,11,42,9,4.66667,2.98142,65,45.8718,23.5,20.8006,34,11,3.09091,1.83177,54.2727,44.4729,30.4737,23.8843,41,14,3.07692,2.12898,46.0769,37.294,25.1304,22.1365,
114689,"SUCCEEDED","Cluster Iterator running iteration 1 over priorPath: hdfs://192.168.100.53:9000/HiBench/Keans/Output/clusters-0",1,6,87,10,4,150,20,10,.9,.60,.3,.8,.7,1400,.10,100,60,2,3,1280,1664,1152,2,0,279,602462587,11,40,9,4.44444,2.45452,67.2222,44.2412,29.3,16.8734,49,9,5.44444,3.2356,67.3333,41.8569,20.6429,15.8502,48,9,5.33333,3.74166,68.2222,47.679,23.64,16.6586,
24951,"SUCCEEDED","Cluster Classification Driver running over input: hdfs://192.168.100.53:9000/HiBench/Keans/Input_1/saples",1,6,0,10,4,150,20,10,.9,.60,.3,.8,.7,1400,.10,100,60,2,3,1280,1664,1152,2,0,279,602462587,11,40,9,4.44444,2.45452,67.2222,44.2412,29.3,16.8734,49,9,5.44444,3.2356,67.3333,41.8569,20.6429,15.8502,48,9,5.33333,3.74166,68.2222,47.679,23.64,16.6586,
229712,"SUCCEEDED","Cluster Iterator running iteration 1 over priorPath: hdfs://192.168.100.53:9000/HiBench/Keans/Output/clusters-0",1,6,113,8,12,150,40,15,.7,.65,.2,.9,.1,1600,.45,30,60,1,1,1536,1792,1664,2,0,512,4016371685,11,35,6,5.83333,2.33928,97.3333,36.4676,28.2,18.7659,37,10,3.7,1.34536,59.2,30.5084,31.8889,19.6664,38,9,4.22222,2.04275,68.3333,46.6738,37.5625,22.8418,
126100,"SUCCEEDED","Cluster Classification Driver running over input: hdfs://192.168.100.53:9000/HiBench/Keans/Input_2/saples",1,6,0,8,12,150,40,15,.7,.65,.2,.9,.1,1600,.45,30,60,1,1,1536,1792,1664,2,0,512,4016371685,11,35,6,5.83333,2.33928,97.3333,36.4676,28.2,18.7659,37,10,3.7,1.34536,59.2,30.5084,31.8889,19.6664,38,9,4.22222,2.04275,68.3333,46.6738,37.5625,22.8418,
599638,"SUCCEEDED","Cluster Iterator running iteration 1 over priorPath: hdfs://192.168.100.53:9000/HiBench/Keans/Output/clusters-0",1,6,89,2,8,110,10,5,.9,.85,.2,.7,.2,1900,.95,60,50,4,2,1664,1536,1280,3,0,1018,20081826210,11,38,11,3.45455,2.42576,56.0909,45.1351,27.3182,21.9512,47,16,2.9375,1.67589,39.5625,28.2488,22.4815,17.6936,41,10,4.1,2.62488,61.9,47.3042,31.6842,22.6275,
639279,"SUCCEEDED","Cluster Classification Driver running over input: hdfs://192.168.100.53:9000/HiBench/Keans/Input_4/saples",1,6,0,2,8,110,10,5,.9,.85,.2,.7,.2,1900,.95,60,50,4,2,1664,1536,1280,3,0,1018,20081826210,11,38,11,3.45455,2.42576,56.0909,45.1351,27.3182,21.9512,47,16,2.9375,1.67589,39.5625,28.2488,22.4815,17.6936,41,10,4.1,2.62488,61.9,47.3042,31.6842,22.6275,
695142,"SUCCEEDED","Cluster Iterator running iteration 1 over priorPath: hdfs://192.168.100.53:9000/HiBench/Keans/Output/clusters-0",1,6,108,10,12,130,20,20,.9,.85,.4,.5,.4,2000,.85,70,50,3,2,1664,1152,1024,3,0,434,20081826210,11,38,11,3.45455,2.42576,56.0909,45.1351,27.3182,21.9512,47,16,2.9375,1.67589,39.5625,28.2488,22.4815,17.6936,41,10,4.1,2.62488,61.9,47.3042,31.6842,22.6275,
631343,"SUCCEEDED","Cluster Classification Driver running over input: hdfs://192.168.100.53:9000/HiBench/Keans/Input_4/saples",1,6,0,10,12,130,20,20,.9,.85,.4,.5,.4,2000,.85,70,50,3,2,1664,1152,1024,3,0,434,20081826210,11,38,11,3.45455,2.42576,56.0909,45.1351,27.3182,21.9512,47,16,2.9375,1.67589,39.5625,28.2488,22.4815,17.6936,41,10,4.1,2.62488,61.9,47.3042,31.6842,22.6275,
346711,"SUCCEEDED","Cluster Iterator running iteration 1 over priorPath: hdfs://192.168.100.53:9000/HiBench/Keans/Output/clusters-0",1,6,8,6,12,120,80,20,1.0,.90,.5,.5,.8,800,.45,60,60,2,3,2048,1920,1152,4,0,681,10040917091,11,42,9,4.66667,2.98142,65,45.8718,23.5,20.8006,34,11,3.09091,1.83177,54.2727,44.4729,30.4737,23.8843,41,14,3.07692,2.12898,46.0769,37.294,25.1304,22.1365,
330949,"SUCCEEDED","Cluster Classification Driver running over input: hdfs://192.168.100.53:9000/HiBench/Keans/Input_3/saples",1,6,0,6,12,120,80,20,1.0,.90,.5,.5,.8,800,.45,60,60,2,3,2048,1920,1152,4,0,681,10040917091,11,42,9,4.66667,2.98142,65,45.8718,23.5,20.8006,34,11,3.09091,1.83177,54.2727,44.4729,30.4737,23.8843,41,14,3.07692,2.12898,46.0769,37.294,25.1304,22.1365,
144380,"SUCCEEDED","Cluster Iterator running iteration 1 over priorPath: hdfs://192.168.100.53:9000/HiBench/Keans/Output/clusters-0",1,6,26,6,4,150,30,10,.8,.70,.5,.7,.5,1100,.80,60,40,2,2,2048,1152,1664,1,0,628,4016371685,11,35,6,5.83333,2.33928,97.3333,36.4676,28.2,18.7659,37,10,3.7,1.34536,59.2,30.5084,31.8889,19.6664,38,9,4.22222,2.04275,68.3333,46.6738,37.5625,22.8418,
135492,"SUCCEEDED","Cluster Classification Driver running over input: hdfs://192.168.100.53:9000/HiBench/Keans/Input_2/saples",1,6,0,6,4,150,30,10,.8,.70,.5,.7,.5,1100,.80,60,40,2,2,2048,1152,1664,1,0,628,4016371685,11,35,6,5.83333,2.33928,97.3333,36.4676,28.2,18.7659,37,10,3.7,1.34536,59.2,30.5084,31.8889,19.6664,38,9,4.22222,2.04275,68.3333,46.6738,37.5625,22.8418,
358308,"SUCCEEDED","Cluster Iterator running iteration 1 over priorPath: hdfs://192.168.100.53:9000/HiBench/Keans/Output/clusters-0",1,6,110,12,2,140,60,10,.8,.85,.2,.9,.2,900,.55,70,50,1,2,1152,1024,1536,4,0,735,10040917091,11,42,9,4.66667,2.98142,65,45.8718,23.5,20.8006,34,11,3.09091,1.83177,54.2727,44.4729,30.4737,23.8843,41,14,3.07692,2.12898,46.0769,37.294,25.1304,22.1365,
270579,"SUCCEEDED","Cluster Classification Driver running over input: hdfs://192.168.100.53:9000/HiBench/Keans/Input_3/saples",1,6,0,12,2,140,60,10,.8,.85,.2,.9,.2,900,.55,70,50,1,2,1152,1024,1536,4,0,735,10040917091,11,42,9,4.66667,2.98142,65,45.8718,23.5,20.8006,34,11,3.09091,1.83177,54.2727,44.4729,30.4737,23.8843,41,14,3.07692,2.12898,46.0769,37.294,25.1304,22.1365,
540932,"SUCCEEDED","Cluster Iterator running iteration 1 over priorPath: hdfs://192.168.100.53:9000/HiBench/Keans/Output/clusters-0",1,6,32,8,6,120,70,20,.9,.70,.2,.8,.2,1800,.75,90,50,3,4,1408,1664,1152,1,0,710,20081826210,11,38,11,3.45455,2.42576,56.0909,45.1351,27.3182,21.9512,47,16,2.9375,1.67589,39.5625,28.2488,22.4815,17.6936,41,10,4.1,2.62488,61.9,47.3042,31.6842,22.6275,
545277,"SUCCEEDED","Cluster Classification Driver running over input: hdfs://192.168.100.53:9000/HiBench/Keans/Input_4/saples",1,6,0,8,6,120,70,20,.9,.70,.2,.8,.2,1800,.75,90,50,3,4,1408,1664,1152,1,0,710,20081826210,11,38,11,3.45455,2.42576,56.0909,45.1351,27.3182,21.9512,47,16,2.9375,1.67589,39.5625,28.2488,22.4815,17.6936,41,10,4.1,2.62488,61.9,47.3042,31.6842,22.6275,
796228,"SUCCEEDED","Cluster Iterator running iteration 1 over priorPath: hdfs://192.168.100.53:9000/HiBench/Keans/Output/clusters-0",1,6,121,2,2,100,20,5,.8,.65,.2,.5,.1,1800,.45,30,40,4,3,1920,1920,1664,1,0,611,20081826210,11,38,11,3.45455,2.42576,56.0909,45.1351,27.3182,21.9512,47,16,2.9375,1.67589,39.5625,28.2488,22.4815,17.6936,41,10,4.1,2.62488,61.9,47.3042,31.6842,22.6275,
620365,"SUCCEEDED","Cluster Classification Driver running over input: hdfs://192.168.100.53:9000/HiBench/Keans/Input_4/saples",1,6,0,2,2,100,20,5,.8,.65,.2,.5,.1,1800,.45,30,40,4,3,1920,1920,1664,1,0,611,20081826210,11,38,11,3.45455,2.42576,56.0909,45.1351,27.3182,21.9512,47,16,2.9375,1.67589,39.5625,28.2488,22.4815,17.6936,41,10,4.1,2.62488,61.9,47.3042,31.6842,22.6275,
255213,"SUCCEEDED","Cluster Iterator running iteration 1 over priorPath: hdfs://192.168.100.53:9000/HiBench/Keans/Output/clusters-0",1,6,125,8,8,150,30,10,.6,.70,.3,.9,0,1600,.05,40,60,1,1,1152,1792,1536,1,0,924,4016371685,11,35,6,5.83333,2.33928,97.3333,36.4676,28.2,18.7659,37,10,3.7,1.34536,59.2,30.5084,31.8889,19.6664,38,9,4.22222,2.04275,68.3333,46.6738,37.5625,22.8418,
119845,"SUCCEEDED","Cluster Classification Driver running over input: hdfs://192.168.100.53:9000/HiBench/Keans/Input_2/saples",1,6,0,8,8,150,30,10,.6,.70,.3,.9,0,1600,.05,40,60,1,1,1152,1792,1536,1,0,924,4016371685,11,35,6,5.83333,2.33928,97.3333,36.4676,28.2,18.7659,37,10,3.7,1.34536,59.2,30.5084,31.8889,19.6664,38,9,4.22222,2.04275,68.3333,46.6738,37.5625,22.8418,
266659,"SUCCEEDED","Cluster Iterator running iteration 1 over priorPath: hdfs://192.168.100.53:9000/HiBench/Keans/Output/clusters-0",1,6,20,10,10,100,20,15,.9,.55,.2,.6,.9,1300,.80,40,40,3,1,1280,1664,2048,1,0,621,10040917091,11,42,9,4.66667,2.98142,65,45.8718,23.5,20.8006,34,11,3.09091,1.83177,54.2727,44.4729,30.4737,23.8843,41,14,3.07692,2.12898,46.0769,37.294,25.1304,22.1365,
298182,"SUCCEEDED","Cluster Classification Driver running over input: hdfs://192.168.100.53:9000/HiBench/Keans/Input_3/saples",1,6,0,10,10,100,20,15,.9,.55,.2,.6,.9,1300,.80,40,40,3,1,1280,1664,2048,1,0,621,10040917091,11,42,9,4.66667,2.98142,65,45.8718,23.5,20.8006,34,11,3.09091,1.83177,54.2727,44.4729,30.4737,23.8843,41,14,3.07692,2.12898,46.0769,37.294,25.1304,22.1365,
320853,"SUCCEEDED","Cluster Iterator running iteration 1 over priorPath: hdfs://192.168.100.53:9000/HiBench/Keans/Output/clusters-0",1,6,85,8,4,140,100,10,.9,.55,.3,.9,.7,1600,.75,30,40,3,2,1280,1792,1280,1,0,652,10040917091,11,42,9,4.66667,2.98142,65,45.8718,23.5,20.8006,34,11,3.09091,1.83177,54.2727,44.4729,30.4737,23.8843,41,14,3.07692,2.12898,46.0769,37.294,25.1304,22.1365,
277808,"SUCCEEDED","Cluster Classification Driver running over input: hdfs://192.168.100.53:9000/HiBench/Keans/Input_3/saples",1,6,0,8,4,140,100,10,.9,.55,.3,.9,.7,1600,.75,30,40,3,2,1280,1792,1280,1,0,652,10040917091,11,42,9,4.66667,2.98142,65,45.8718,23.5,20.8006,34,11,3.09091,1.83177,54.2727,44.4729,30.4737,23.8843,41,14,3.07692,2.12898,46.0769,37.294,25.1304,22.1365,
