0,1,1,0,0,0,0,0,0,0,0,0,0,0,0,0,0,0,0,0,0,0,0,0,0,0,0,0,0,0,0,0,0,0,0,0,0,0,0,0,0,0,0,0,0,0,0,0,0,0,0,0,0,0,0
177971,"SUCCEEDED","Cluster Iterator running iteration 1 over priorPath: hdfs://192.168.100.53:9000/HiBench/Keans/Output/clusters-0",0,,38,12,12,140,80,5,.6,.85,.4,.8,.9,700,.75,20,50,2,1,1792,1792,1920,2,0,936,20081826210,11,38,11,3.45455,2.42576,56.0909,45.1351,27.3182,21.9512,47,16,2.9375,1.67589,39.5625,28.2488,22.4815,17.6936,41,10,4.1,2.62488,61.9,47.3042,31.6842,22.6275,
244889,"SUCCEEDED","Cluster Classification Driver running over input: hdfs://192.168.100.53:9000/HiBench/Keans/Input_4/saples",0,,0,12,12,140,80,5,.6,.85,.4,.8,.9,700,.75,20,50,2,1,1792,1792,1920,2,0,936,20081826210,11,38,11,3.45455,2.42576,56.0909,45.1351,27.3182,21.9512,47,16,2.9375,1.67589,39.5625,28.2488,22.4815,17.6936,41,10,4.1,2.62488,61.9,47.3042,31.6842,22.6275,
74714,"SUCCEEDED","Cluster Iterator running iteration 1 over priorPath: hdfs://192.168.100.53:9000/HiBench/Keans/Output/clusters-0",0,,59,6,12,100,60,20,1.0,.85,.5,.7,.1,1800,.45,90,60,2,2,1024,1792,1408,3,0,382,4016371685,11,35,6,5.83333,2.33928,97.3333,36.4676,28.2,18.7659,37,10,3.7,1.34536,59.2,30.5084,31.8889,19.6664,38,9,4.22222,2.04275,68.3333,46.6738,37.5625,22.8418,
98063,"SUCCEEDED","Cluster Classification Driver running over input: hdfs://192.168.100.53:9000/HiBench/Keans/Input_2/saples",0,,0,6,12,100,60,20,1.0,.85,.5,.7,.1,1800,.45,90,60,2,2,1024,1792,1408,3,0,382,4016371685,11,35,6,5.83333,2.33928,97.3333,36.4676,28.2,18.7659,37,10,3.7,1.34536,59.2,30.5084,31.8889,19.6664,38,9,4.22222,2.04275,68.3333,46.6738,37.5625,22.8418,
42841,"SUCCEEDED","Cluster Iterator running iteration 1 over priorPath: hdfs://192.168.100.53:9000/HiBench/Keans/Output/clusters-0",0,,117,6,4,130,60,10,.6,.80,.3,.7,.2,800,.70,30,50,4,3,1920,1664,1536,3,0,325,602462587,11,40,9,4.44444,2.45452,67.2222,44.2412,29.3,16.8734,49,9,5.44444,3.2356,67.3333,41.8569,20.6429,15.8502,48,9,5.33333,3.74166,68.2222,47.679,23.64,16.6586,
24118,"SUCCEEDED","Cluster Classification Driver running over input: hdfs://192.168.100.53:9000/HiBench/Keans/Input_1/saples",0,,0,6,4,130,60,10,.6,.80,.3,.7,.2,800,.70,30,50,4,3,1920,1664,1536,3,0,325,602462587,11,40,9,4.44444,2.45452,67.2222,44.2412,29.3,16.8734,49,9,5.44444,3.2356,67.3333,41.8569,20.6429,15.8502,48,9,5.33333,3.74166,68.2222,47.679,23.64,16.6586,
46644,"SUCCEEDED","Cluster Iterator running iteration 1 over priorPath: hdfs://192.168.100.53:9000/HiBench/Keans/Output/clusters-0",0,,15,2,12,140,90,20,1.0,.70,.5,.6,.2,1400,.05,90,40,4,1,1408,1536,1024,2,0,707,4016371685,11,35,6,5.83333,2.33928,97.3333,36.4676,28.2,18.7659,37,10,3.7,1.34536,59.2,30.5084,31.8889,19.6664,38,9,4.22222,2.04275,68.3333,46.6738,37.5625,22.8418,
55436,"SUCCEEDED","Cluster Classification Driver running over input: hdfs://192.168.100.53:9000/HiBench/Keans/Input_2/saples",0,,0,2,12,140,90,20,1.0,.70,.5,.6,.2,1400,.05,90,40,4,1,1408,1536,1024,2,0,707,4016371685,11,35,6,5.83333,2.33928,97.3333,36.4676,28.2,18.7659,37,10,3.7,1.34536,59.2,30.5084,31.8889,19.6664,38,9,4.22222,2.04275,68.3333,46.6738,37.5625,22.8418,
160193,"SUCCEEDED","Cluster Iterator running iteration 1 over priorPath: hdfs://192.168.100.53:9000/HiBench/Keans/Output/clusters-0",0,,41,10,12,140,10,5,.6,.85,.3,.8,.6,1000,.70,50,60,4,2,1280,1920,1536,4,0,637,10040917091,11,42,9,4.66667,2.98142,65,45.8718,23.5,20.8006,34,11,3.09091,1.83177,54.2727,44.4729,30.4737,23.8843,41,14,3.07692,2.12898,46.0769,37.294,25.1304,22.1365,
200622,"SUCCEEDED","Cluster Classification Driver running over input: hdfs://192.168.100.53:9000/HiBench/Keans/Input_3/saples",0,,0,10,12,140,10,5,.6,.85,.3,.8,.6,1000,.70,50,60,4,2,1280,1920,1536,4,0,637,10040917091,11,42,9,4.66667,2.98142,65,45.8718,23.5,20.8006,34,11,3.09091,1.83177,54.2727,44.4729,30.4737,23.8843,41,14,3.07692,2.12898,46.0769,37.294,25.1304,22.1365,
22761,"SUCCEEDED","Cluster Iterator running iteration 1 over priorPath: hdfs://192.168.100.53:9000/HiBench/Keans/Output/clusters-0",0,,17,8,6,120,60,5,.8,.90,.3,.7,.5,1100,.05,80,60,2,1,1152,1792,1792,1,0,270,602462587,11,40,9,4.44444,2.45452,67.2222,44.2412,29.3,16.8734,49,9,5.44444,3.2356,67.3333,41.8569,20.6429,15.8502,48,9,5.33333,3.74166,68.2222,47.679,23.64,16.6586,
18699,"SUCCEEDED","Cluster Classification Driver running over input: hdfs://192.168.100.53:9000/HiBench/Keans/Input_1/saples",0,,0,8,6,120,60,5,.8,.90,.3,.7,.5,1100,.05,80,60,2,1,1152,1792,1792,1,0,270,602462587,11,40,9,4.44444,2.45452,67.2222,44.2412,29.3,16.8734,49,9,5.44444,3.2356,67.3333,41.8569,20.6429,15.8502,48,9,5.33333,3.74166,68.2222,47.679,23.64,16.6586,
105817,"SUCCEEDED","Cluster Iterator running iteration 1 over priorPath: hdfs://192.168.100.53:9000/HiBench/Keans/Output/clusters-0",0,,70,8,8,130,70,5,.6,.95,.5,.8,.2,900,.90,90,60,3,1,1920,1664,1920,2,0,476,10040917091,11,42,9,4.66667,2.98142,65,45.8718,23.5,20.8006,34,11,3.09091,1.83177,54.2727,44.4729,30.4737,23.8843,41,14,3.07692,2.12898,46.0769,37.294,25.1304,22.1365,
127001,"SUCCEEDED","Cluster Classification Driver running over input: hdfs://192.168.100.53:9000/HiBench/Keans/Input_3/saples",0,,0,8,8,130,70,5,.6,.95,.5,.8,.2,900,.90,90,60,3,1,1920,1664,1920,2,0,476,10040917091,11,42,9,4.66667,2.98142,65,45.8718,23.5,20.8006,34,11,3.09091,1.83177,54.2727,44.4729,30.4737,23.8843,41,14,3.07692,2.12898,46.0769,37.294,25.1304,22.1365,
339801,"FAILED","Cluster Iterator running iteration 1 over priorPath: hdfs://192.168.100.53:9000/HiBench/Keans/Output/clusters-0",0,,46,4,2,110,70,5,.8,.50,.5,.8,.7,800,1.00,20,60,4,3,1408,1408,1664,1,0,352,20081826210,11,38,11,3.45455,2.42576,56.0909,45.1351,27.3182,21.9512,47,16,2.9375,1.67589,39.5625,28.2488,22.4815,17.6936,41,10,4.1,2.62488,61.9,47.3042,31.6842,22.6275,
64099,"SUCCEEDED","Cluster Iterator running iteration 1 over priorPath: hdfs://192.168.100.53:9000/HiBench/Keans/Output/clusters-0",0,,124,2,8,120,30,15,.8,.75,.4,.7,.7,1700,.50,80,50,3,4,1024,1536,1792,4,0,526,4016371685,11,35,6,5.83333,2.33928,97.3333,36.4676,28.2,18.7659,37,10,3.7,1.34536,59.2,30.5084,31.8889,19.6664,38,9,4.22222,2.04275,68.3333,46.6738,37.5625,22.8418,
54767,"SUCCEEDED","Cluster Classification Driver running over input: hdfs://192.168.100.53:9000/HiBench/Keans/Input_2/saples",0,,0,2,8,120,30,15,.8,.75,.4,.7,.7,1700,.50,80,50,3,4,1024,1536,1792,4,0,526,4016371685,11,35,6,5.83333,2.33928,97.3333,36.4676,28.2,18.7659,37,10,3.7,1.34536,59.2,30.5084,31.8889,19.6664,38,9,4.22222,2.04275,68.3333,46.6738,37.5625,22.8418,
94116,"SUCCEEDED","Cluster Iterator running iteration 1 over priorPath: hdfs://192.168.100.53:9000/HiBench/Keans/Output/clusters-0",0,,39,10,8,140,40,10,.8,.90,.5,.7,.2,1700,.80,40,60,3,3,1664,1920,2048,3,0,583,10040917091,11,42,9,4.66667,2.98142,65,45.8718,23.5,20.8006,34,11,3.09091,1.83177,54.2727,44.4729,30.4737,23.8843,41,14,3.07692,2.12898,46.0769,37.294,25.1304,22.1365,
149676,"SUCCEEDED","Cluster Classification Driver running over input: hdfs://192.168.100.53:9000/HiBench/Keans/Input_3/saples",0,,0,10,8,140,40,10,.8,.90,.5,.7,.2,1700,.80,40,60,3,3,1664,1920,2048,3,0,583,10040917091,11,42,9,4.66667,2.98142,65,45.8718,23.5,20.8006,34,11,3.09091,1.83177,54.2727,44.4729,30.4737,23.8843,41,14,3.07692,2.12898,46.0769,37.294,25.1304,22.1365,
229982,"SUCCEEDED","Cluster Iterator running iteration 1 over priorPath: hdfs://192.168.100.53:9000/HiBench/Keans/Output/clusters-0",0,,84,4,2,110,70,15,.9,.75,.2,.8,.5,1300,.15,70,60,4,2,2048,1664,1536,1,0,983,20081826210,11,38,11,3.45455,2.42576,56.0909,45.1351,27.3182,21.9512,47,16,2.9375,1.67589,39.5625,28.2488,22.4815,17.6936,41,10,4.1,2.62488,61.9,47.3042,31.6842,22.6275,
336160,"SUCCEEDED","Cluster Classification Driver running over input: hdfs://192.168.100.53:9000/HiBench/Keans/Input_4/saples",0,,0,4,2,110,70,15,.9,.75,.2,.8,.5,1300,.15,70,60,4,2,2048,1664,1536,1,0,983,20081826210,11,38,11,3.45455,2.42576,56.0909,45.1351,27.3182,21.9512,47,16,2.9375,1.67589,39.5625,28.2488,22.4815,17.6936,41,10,4.1,2.62488,61.9,47.3042,31.6842,22.6275,
205856,"SUCCEEDED","Cluster Iterator running iteration 1 over priorPath: hdfs://192.168.100.53:9000/HiBench/Keans/Output/clusters-0",0,,77,8,10,100,40,10,.5,.60,.3,.9,.9,1700,.25,10,50,4,2,1792,1536,1664,1,0,655,20081826210,11,38,11,3.45455,2.42576,56.0909,45.1351,27.3182,21.9512,47,16,2.9375,1.67589,39.5625,28.2488,22.4815,17.6936,41,10,4.1,2.62488,61.9,47.3042,31.6842,22.6275,
330437,"SUCCEEDED","Cluster Classification Driver running over input: hdfs://192.168.100.53:9000/HiBench/Keans/Input_4/saples",0,,0,8,10,100,40,10,.5,.60,.3,.9,.9,1700,.25,10,50,4,2,1792,1536,1664,1,0,655,20081826210,11,38,11,3.45455,2.42576,56.0909,45.1351,27.3182,21.9512,47,16,2.9375,1.67589,39.5625,28.2488,22.4815,17.6936,41,10,4.1,2.62488,61.9,47.3042,31.6842,22.6275,
22227,"SUCCEEDED","Cluster Iterator running iteration 1 over priorPath: hdfs://192.168.100.53:9000/HiBench/Keans/Output/clusters-0",0,,3,12,12,130,10,10,.8,.60,.4,.7,.4,1500,.75,50,60,4,1,1536,2048,1536,1,0,578,602462587,11,40,9,4.44444,2.45452,67.2222,44.2412,29.3,16.8734,49,9,5.44444,3.2356,67.3333,41.8569,20.6429,15.8502,48,9,5.33333,3.74166,68.2222,47.679,23.64,16.6586,
18805,"SUCCEEDED","Cluster Classification Driver running over input: hdfs://192.168.100.53:9000/HiBench/Keans/Input_1/saples",0,,0,12,12,130,10,10,.8,.60,.4,.7,.4,1500,.75,50,60,4,1,1536,2048,1536,1,0,578,602462587,11,40,9,4.44444,2.45452,67.2222,44.2412,29.3,16.8734,49,9,5.44444,3.2356,67.3333,41.8569,20.6429,15.8502,48,9,5.33333,3.74166,68.2222,47.679,23.64,16.6586,
76766,"SUCCEEDED","Cluster Iterator running iteration 1 over priorPath: hdfs://192.168.100.53:9000/HiBench/Keans/Output/clusters-0",0,,127,4,12,130,100,5,.9,.95,.2,.7,.7,900,.05,10,40,1,1,1920,1792,1024,2,0,720,4016371685,11,35,6,5.83333,2.33928,97.3333,36.4676,28.2,18.7659,37,10,3.7,1.34536,59.2,30.5084,31.8889,19.6664,38,9,4.22222,2.04275,68.3333,46.6738,37.5625,22.8418,
56488,"SUCCEEDED","Cluster Classification Driver running over input: hdfs://192.168.100.53:9000/HiBench/Keans/Input_2/saples",0,,0,4,12,130,100,5,.9,.95,.2,.7,.7,900,.05,10,40,1,1,1920,1792,1024,2,0,720,4016371685,11,35,6,5.83333,2.33928,97.3333,36.4676,28.2,18.7659,37,10,3.7,1.34536,59.2,30.5084,31.8889,19.6664,38,9,4.22222,2.04275,68.3333,46.6738,37.5625,22.8418,
207351,"SUCCEEDED","Cluster Iterator running iteration 1 over priorPath: hdfs://192.168.100.53:9000/HiBench/Keans/Output/clusters-0",0,,24,10,8,130,30,10,.6,.80,.5,.6,.7,800,.35,100,50,2,4,1920,1792,2048,3,0,497,20081826210,11,38,11,3.45455,2.42576,56.0909,45.1351,27.3182,21.9512,47,16,2.9375,1.67589,39.5625,28.2488,22.4815,17.6936,41,10,4.1,2.62488,61.9,47.3042,31.6842,22.6275,
364884,"SUCCEEDED","Cluster Classification Driver running over input: hdfs://192.168.100.53:9000/HiBench/Keans/Input_4/saples",0,,0,10,8,130,30,10,.6,.80,.5,.6,.7,800,.35,100,50,2,4,1920,1792,2048,3,0,497,20081826210,11,38,11,3.45455,2.42576,56.0909,45.1351,27.3182,21.9512,47,16,2.9375,1.67589,39.5625,28.2488,22.4815,17.6936,41,10,4.1,2.62488,61.9,47.3042,31.6842,22.6275,
26845,"SUCCEEDED","Cluster Iterator running iteration 1 over priorPath: hdfs://192.168.100.53:9000/HiBench/Keans/Output/clusters-0",0,,27,4,8,130,60,10,.9,.60,.4,.5,0,700,.65,30,40,4,2,2048,1152,1792,1,0,693,602462587,11,40,9,4.44444,2.45452,67.2222,44.2412,29.3,16.8734,49,9,5.44444,3.2356,67.3333,41.8569,20.6429,15.8502,48,9,5.33333,3.74166,68.2222,47.679,23.64,16.6586,
18446,"SUCCEEDED","Cluster Classification Driver running over input: hdfs://192.168.100.53:9000/HiBench/Keans/Input_1/saples",0,,0,4,8,130,60,10,.9,.60,.4,.5,0,700,.65,30,40,4,2,2048,1152,1792,1,0,693,602462587,11,40,9,4.44444,2.45452,67.2222,44.2412,29.3,16.8734,49,9,5.44444,3.2356,67.3333,41.8569,20.6429,15.8502,48,9,5.33333,3.74166,68.2222,47.679,23.64,16.6586,
34896,"SUCCEEDED","Cluster Iterator running iteration 1 over priorPath: hdfs://192.168.100.53:9000/HiBench/Keans/Output/clusters-0",0,,73,10,8,150,10,20,.6,.90,.5,.8,.4,1800,.35,90,40,4,4,2048,1024,1920,2,0,816,602462587,11,40,9,4.44444,2.45452,67.2222,44.2412,29.3,16.8734,49,9,5.44444,3.2356,67.3333,41.8569,20.6429,15.8502,48,9,5.33333,3.74166,68.2222,47.679,23.64,16.6586,
18919,"SUCCEEDED","Cluster Classification Driver running over input: hdfs://192.168.100.53:9000/HiBench/Keans/Input_1/saples",0,,0,10,8,150,10,20,.6,.90,.5,.8,.4,1800,.35,90,40,4,4,2048,1024,1920,2,0,816,602462587,11,40,9,4.44444,2.45452,67.2222,44.2412,29.3,16.8734,49,9,5.44444,3.2356,67.3333,41.8569,20.6429,15.8502,48,9,5.33333,3.74166,68.2222,47.679,23.64,16.6586,
36122,"SUCCEEDED","Cluster Iterator running iteration 1 over priorPath: hdfs://192.168.100.53:9000/HiBench/Keans/Output/clusters-0",0,,81,6,6,140,40,20,.9,.70,.4,.7,1.0,2000,.05,60,50,4,4,1024,1792,1792,3,0,1015,602462587,11,40,9,4.44444,2.45452,67.2222,44.2412,29.3,16.8734,49,9,5.44444,3.2356,67.3333,41.8569,20.6429,15.8502,48,9,5.33333,3.74166,68.2222,47.679,23.64,16.6586,
18375,"SUCCEEDED","Cluster Classification Driver running over input: hdfs://192.168.100.53:9000/HiBench/Keans/Input_1/saples",0,,0,6,6,140,40,20,.9,.70,.4,.7,1.0,2000,.05,60,50,4,4,1024,1792,1792,3,0,1015,602462587,11,40,9,4.44444,2.45452,67.2222,44.2412,29.3,16.8734,49,9,5.44444,3.2356,67.3333,41.8569,20.6429,15.8502,48,9,5.33333,3.74166,68.2222,47.679,23.64,16.6586,
28663,"SUCCEEDED","Cluster Iterator running iteration 1 over priorPath: hdfs://192.168.100.53:9000/HiBench/Keans/Output/clusters-0",0,,34,12,10,120,60,10,.9,.95,.3,.5,.6,700,.60,40,60,3,2,1408,1536,1792,2,0,223,602462587,11,40,9,4.44444,2.45452,67.2222,44.2412,29.3,16.8734,49,9,5.44444,3.2356,67.3333,41.8569,20.6429,15.8502,48,9,5.33333,3.74166,68.2222,47.679,23.64,16.6586,
18483,"SUCCEEDED","Cluster Classification Driver running over input: hdfs://192.168.100.53:9000/HiBench/Keans/Input_1/saples",0,,0,12,10,120,60,10,.9,.95,.3,.5,.6,700,.60,40,60,3,2,1408,1536,1792,2,0,223,602462587,11,40,9,4.44444,2.45452,67.2222,44.2412,29.3,16.8734,49,9,5.44444,3.2356,67.3333,41.8569,20.6429,15.8502,48,9,5.33333,3.74166,68.2222,47.679,23.64,16.6586,
203458,"SUCCEEDED","Cluster Iterator running iteration 1 over priorPath: hdfs://192.168.100.53:9000/HiBench/Keans/Output/clusters-0",0,,80,4,4,150,100,10,.6,.95,.3,.6,.8,1900,.65,70,50,4,1,1920,2048,1024,2,0,234,20081826210,11,38,11,3.45455,2.42576,56.0909,45.1351,27.3182,21.9512,47,16,2.9375,1.67589,39.5625,28.2488,22.4815,17.6936,41,10,4.1,2.62488,61.9,47.3042,31.6842,22.6275,
310930,"SUCCEEDED","Cluster Classification Driver running over input: hdfs://192.168.100.53:9000/HiBench/Keans/Input_4/saples",0,,0,4,4,150,100,10,.6,.95,.3,.6,.8,1900,.65,70,50,4,1,1920,2048,1024,2,0,234,20081826210,11,38,11,3.45455,2.42576,56.0909,45.1351,27.3182,21.9512,47,16,2.9375,1.67589,39.5625,28.2488,22.4815,17.6936,41,10,4.1,2.62488,61.9,47.3042,31.6842,22.6275,
20582,"SUCCEEDED","Cluster Iterator running iteration 1 over priorPath: hdfs://192.168.100.53:9000/HiBench/Keans/Output/clusters-0",0,,5,10,4,140,20,10,.8,.85,.2,.6,.9,700,.05,40,60,3,2,1920,1408,1792,1,0,538,602462587,11,40,9,4.44444,2.45452,67.2222,44.2412,29.3,16.8734,49,9,5.44444,3.2356,67.3333,41.8569,20.6429,15.8502,48,9,5.33333,3.74166,68.2222,47.679,23.64,16.6586,
21824,"SUCCEEDED","Cluster Classification Driver running over input: hdfs://192.168.100.53:9000/HiBench/Keans/Input_1/saples",0,,0,10,4,140,20,10,.8,.85,.2,.6,.9,700,.05,40,60,3,2,1920,1408,1792,1,0,538,602462587,11,40,9,4.44444,2.45452,67.2222,44.2412,29.3,16.8734,49,9,5.44444,3.2356,67.3333,41.8569,20.6429,15.8502,48,9,5.33333,3.74166,68.2222,47.679,23.64,16.6586,
29620,"SUCCEEDED","Cluster Iterator running iteration 1 over priorPath: hdfs://192.168.100.53:9000/HiBench/Keans/Output/clusters-0",0,,43,8,6,100,30,15,.5,.95,.2,.7,.1,1000,.65,80,40,3,2,1920,1920,1920,4,0,933,602462587,11,40,9,4.44444,2.45452,67.2222,44.2412,29.3,16.8734,49,9,5.44444,3.2356,67.3333,41.8569,20.6429,15.8502,48,9,5.33333,3.74166,68.2222,47.679,23.64,16.6586,
18175,"SUCCEEDED","Cluster Classification Driver running over input: hdfs://192.168.100.53:9000/HiBench/Keans/Input_1/saples",0,,0,8,6,100,30,15,.5,.95,.2,.7,.1,1000,.65,80,40,3,2,1920,1920,1920,4,0,933,602462587,11,40,9,4.44444,2.45452,67.2222,44.2412,29.3,16.8734,49,9,5.44444,3.2356,67.3333,41.8569,20.6429,15.8502,48,9,5.33333,3.74166,68.2222,47.679,23.64,16.6586,
44124,"SUCCEEDED","Cluster Iterator running iteration 1 over priorPath: hdfs://192.168.100.53:9000/HiBench/Keans/Output/clusters-0",0,,126,4,10,100,70,15,1.0,.95,.3,.5,0,1600,.20,20,50,1,1,1664,1664,1536,3,0,680,602462587,11,40,9,4.44444,2.45452,67.2222,44.2412,29.3,16.8734,49,9,5.44444,3.2356,67.3333,41.8569,20.6429,15.8502,48,9,5.33333,3.74166,68.2222,47.679,23.64,16.6586,
18431,"SUCCEEDED","Cluster Classification Driver running over input: hdfs://192.168.100.53:9000/HiBench/Keans/Input_1/saples",0,,0,4,10,100,70,15,1.0,.95,.3,.5,0,1600,.20,20,50,1,1,1664,1664,1536,3,0,680,602462587,11,40,9,4.44444,2.45452,67.2222,44.2412,29.3,16.8734,49,9,5.44444,3.2356,67.3333,41.8569,20.6429,15.8502,48,9,5.33333,3.74166,68.2222,47.679,23.64,16.6586,
83083,"SUCCEEDED","Cluster Iterator running iteration 1 over priorPath: hdfs://192.168.100.53:9000/HiBench/Keans/Output/clusters-0",0,,106,2,4,110,40,5,.6,.70,.5,.7,.2,1300,.75,30,50,1,4,1152,1152,1024,1,0,717,4016371685,11,35,6,5.83333,2.33928,97.3333,36.4676,28.2,18.7659,37,10,3.7,1.34536,59.2,30.5084,31.8889,19.6664,38,9,4.22222,2.04275,68.3333,46.6738,37.5625,22.8418,
94916,"SUCCEEDED","Cluster Classification Driver running over input: hdfs://192.168.100.53:9000/HiBench/Keans/Input_2/saples",0,,0,2,4,110,40,5,.6,.70,.5,.7,.2,1300,.75,30,50,1,4,1152,1152,1024,1,0,717,4016371685,11,35,6,5.83333,2.33928,97.3333,36.4676,28.2,18.7659,37,10,3.7,1.34536,59.2,30.5084,31.8889,19.6664,38,9,4.22222,2.04275,68.3333,46.6738,37.5625,22.8418,
64502,"SUCCEEDED","Cluster Iterator running iteration 1 over priorPath: hdfs://192.168.100.53:9000/HiBench/Keans/Output/clusters-0",0,,123,2,8,120,100,5,.6,.95,.5,.6,.8,900,.40,70,50,4,4,2048,1280,1152,3,0,430,4016371685,11,35,6,5.83333,2.33928,97.3333,36.4676,28.2,18.7659,37,10,3.7,1.34536,59.2,30.5084,31.8889,19.6664,38,9,4.22222,2.04275,68.3333,46.6738,37.5625,22.8418,
50255,"SUCCEEDED","Cluster Classification Driver running over input: hdfs://192.168.100.53:9000/HiBench/Keans/Input_2/saples",0,,0,2,8,120,100,5,.6,.95,.5,.6,.8,900,.40,70,50,4,4,2048,1280,1152,3,0,430,4016371685,11,35,6,5.83333,2.33928,97.3333,36.4676,28.2,18.7659,37,10,3.7,1.34536,59.2,30.5084,31.8889,19.6664,38,9,4.22222,2.04275,68.3333,46.6738,37.5625,22.8418,
179834,"SUCCEEDED","Cluster Iterator running iteration 1 over priorPath: hdfs://192.168.100.53:9000/HiBench/Keans/Output/clusters-0",0,,53,6,8,110,40,10,1.0,.90,.5,.5,.8,1200,.45,70,40,3,4,1280,1536,1280,1,0,567,20081826210,11,38,11,3.45455,2.42576,56.0909,45.1351,27.3182,21.9512,47,16,2.9375,1.67589,39.5625,28.2488,22.4815,17.6936,41,10,4.1,2.62488,61.9,47.3042,31.6842,22.6275,
403950,"SUCCEEDED","Cluster Classification Driver running over input: hdfs://192.168.100.53:9000/HiBench/Keans/Input_4/saples",0,,0,6,8,110,40,10,1.0,.90,.5,.5,.8,1200,.45,70,40,3,4,1280,1536,1280,1,0,567,20081826210,11,38,11,3.45455,2.42576,56.0909,45.1351,27.3182,21.9512,47,16,2.9375,1.67589,39.5625,28.2488,22.4815,17.6936,41,10,4.1,2.62488,61.9,47.3042,31.6842,22.6275,
172882,"SUCCEEDED","Cluster Iterator running iteration 1 over priorPath: hdfs://192.168.100.53:9000/HiBench/Keans/Output/clusters-0",0,,44,12,2,110,60,10,.9,.90,.5,.5,0,2000,.85,20,60,1,3,1536,1024,1792,3,0,714,20081826210,11,38,11,3.45455,2.42576,56.0909,45.1351,27.3182,21.9512,47,16,2.9375,1.67589,39.5625,28.2488,22.4815,17.6936,41,10,4.1,2.62488,61.9,47.3042,31.6842,22.6275,
262579,"SUCCEEDED","Cluster Classification Driver running over input: hdfs://192.168.100.53:9000/HiBench/Keans/Input_4/saples",0,,0,12,2,110,60,10,.9,.90,.5,.5,0,2000,.85,20,60,1,3,1536,1024,1792,3,0,714,20081826210,11,38,11,3.45455,2.42576,56.0909,45.1351,27.3182,21.9512,47,16,2.9375,1.67589,39.5625,28.2488,22.4815,17.6936,41,10,4.1,2.62488,61.9,47.3042,31.6842,22.6275,
221315,"SUCCEEDED","Cluster Iterator running iteration 1 over priorPath: hdfs://192.168.100.53:9000/HiBench/Keans/Output/clusters-0",0,,107,8,8,100,40,20,.6,.90,.5,.6,.5,900,.30,90,60,4,3,1664,1920,1536,2,0,403,20081826210,11,38,11,3.45455,2.42576,56.0909,45.1351,27.3182,21.9512,47,16,2.9375,1.67589,39.5625,28.2488,22.4815,17.6936,41,10,4.1,2.62488,61.9,47.3042,31.6842,22.6275,
252713,"SUCCEEDED","Cluster Classification Driver running over input: hdfs://192.168.100.53:9000/HiBench/Keans/Input_4/saples",0,,0,8,8,100,40,20,.6,.90,.5,.6,.5,900,.30,90,60,4,3,1664,1920,1536,2,0,403,20081826210,11,38,11,3.45455,2.42576,56.0909,45.1351,27.3182,21.9512,47,16,2.9375,1.67589,39.5625,28.2488,22.4815,17.6936,41,10,4.1,2.62488,61.9,47.3042,31.6842,22.6275,
69891,"SUCCEEDED","Cluster Iterator running iteration 1 over priorPath: hdfs://192.168.100.53:9000/HiBench/Keans/Output/clusters-0",0,,49,4,12,140,40,20,.6,.65,.2,.7,.9,1400,.05,80,50,1,3,1792,2048,1152,3,0,818,4016371685,11,35,6,5.83333,2.33928,97.3333,36.4676,28.2,18.7659,37,10,3.7,1.34536,59.2,30.5084,31.8889,19.6664,38,9,4.22222,2.04275,68.3333,46.6738,37.5625,22.8418,
94002,"SUCCEEDED","Cluster Classification Driver running over input: hdfs://192.168.100.53:9000/HiBench/Keans/Input_2/saples",0,,0,4,12,140,40,20,.6,.65,.2,.7,.9,1400,.05,80,50,1,3,1792,2048,1152,3,0,818,4016371685,11,35,6,5.83333,2.33928,97.3333,36.4676,28.2,18.7659,37,10,3.7,1.34536,59.2,30.5084,31.8889,19.6664,38,9,4.22222,2.04275,68.3333,46.6738,37.5625,22.8418,
173799,"SUCCEEDED","Cluster Iterator running iteration 1 over priorPath: hdfs://192.168.100.53:9000/HiBench/Keans/Output/clusters-0",0,,65,8,4,120,80,5,.9,.85,.3,.7,.6,1200,.30,30,60,1,4,1408,2048,1280,3,0,501,10040917091,11,42,9,4.66667,2.98142,65,45.8718,23.5,20.8006,34,11,3.09091,1.83177,54.2727,44.4729,30.4737,23.8843,41,14,3.07692,2.12898,46.0769,37.294,25.1304,22.1365,
158765,"SUCCEEDED","Cluster Classification Driver running over input: hdfs://192.168.100.53:9000/HiBench/Keans/Input_3/saples",0,,0,8,4,120,80,5,.9,.85,.3,.7,.6,1200,.30,30,60,1,4,1408,2048,1280,3,0,501,10040917091,11,42,9,4.66667,2.98142,65,45.8718,23.5,20.8006,34,11,3.09091,1.83177,54.2727,44.4729,30.4737,23.8843,41,14,3.07692,2.12898,46.0769,37.294,25.1304,22.1365,
47622,"SUCCEEDED","Cluster Iterator running iteration 1 over priorPath: hdfs://192.168.100.53:9000/HiBench/Keans/Output/clusters-0",0,,54,2,8,150,100,10,.5,.90,.4,.7,.5,2000,.25,100,60,3,4,1792,1024,1152,1,0,613,4016371685,11,35,6,5.83333,2.33928,97.3333,36.4676,28.2,18.7659,37,10,3.7,1.34536,59.2,30.5084,31.8889,19.6664,38,9,4.22222,2.04275,68.3333,46.6738,37.5625,22.8418,
49867,"SUCCEEDED","Cluster Classification Driver running over input: hdfs://192.168.100.53:9000/HiBench/Keans/Input_2/saples",0,,0,2,8,150,100,10,.5,.90,.4,.7,.5,2000,.25,100,60,3,4,1792,1024,1152,1,0,613,4016371685,11,35,6,5.83333,2.33928,97.3333,36.4676,28.2,18.7659,37,10,3.7,1.34536,59.2,30.5084,31.8889,19.6664,38,9,4.22222,2.04275,68.3333,46.6738,37.5625,22.8418,
42264,"SUCCEEDED","Cluster Iterator running iteration 1 over priorPath: hdfs://192.168.100.53:9000/HiBench/Keans/Output/clusters-0",0,,114,8,6,120,50,15,.7,.90,.5,.6,.3,700,.35,10,60,1,4,1152,1792,1664,3,0,487,602462587,11,40,9,4.44444,2.45452,67.2222,44.2412,29.3,16.8734,49,9,5.44444,3.2356,67.3333,41.8569,20.6429,15.8502,48,9,5.33333,3.74166,68.2222,47.679,23.64,16.6586,
23472,"SUCCEEDED","Cluster Classification Driver running over input: hdfs://192.168.100.53:9000/HiBench/Keans/Input_1/saples",0,,0,8,6,120,50,15,.7,.90,.5,.6,.3,700,.35,10,60,1,4,1152,1792,1664,3,0,487,602462587,11,40,9,4.44444,2.45452,67.2222,44.2412,29.3,16.8734,49,9,5.44444,3.2356,67.3333,41.8569,20.6429,15.8502,48,9,5.33333,3.74166,68.2222,47.679,23.64,16.6586,
202367,"SUCCEEDED","Cluster Iterator running iteration 1 over priorPath: hdfs://192.168.100.53:9000/HiBench/Keans/Output/clusters-0",0,,93,2,8,100,40,5,.9,.50,.2,.7,.7,1200,1.00,40,40,2,4,1408,1408,1408,2,0,505,20081826210,11,38,11,3.45455,2.42576,56.0909,45.1351,27.3182,21.9512,47,16,2.9375,1.67589,39.5625,28.2488,22.4815,17.6936,41,10,4.1,2.62488,61.9,47.3042,31.6842,22.6275,
627095,"SUCCEEDED","Cluster Classification Driver running over input: hdfs://192.168.100.53:9000/HiBench/Keans/Input_4/saples",0,,0,2,8,100,40,5,.9,.50,.2,.7,.7,1200,1.00,40,40,2,4,1408,1408,1408,2,0,505,20081826210,11,38,11,3.45455,2.42576,56.0909,45.1351,27.3182,21.9512,47,16,2.9375,1.67589,39.5625,28.2488,22.4815,17.6936,41,10,4.1,2.62488,61.9,47.3042,31.6842,22.6275,
64948,"SUCCEEDED","Cluster Iterator running iteration 1 over priorPath: hdfs://192.168.100.53:9000/HiBench/Keans/Output/clusters-0",0,,16,4,12,130,20,10,.9,.60,.2,.7,.6,1600,.95,50,40,2,2,1664,1536,1024,4,0,936,4016371685,11,35,6,5.83333,2.33928,97.3333,36.4676,28.2,18.7659,37,10,3.7,1.34536,59.2,30.5084,31.8889,19.6664,38,9,4.22222,2.04275,68.3333,46.6738,37.5625,22.8418,
54699,"SUCCEEDED","Cluster Classification Driver running over input: hdfs://192.168.100.53:9000/HiBench/Keans/Input_2/saples",0,,0,4,12,130,20,10,.9,.60,.2,.7,.6,1600,.95,50,40,2,2,1664,1536,1024,4,0,936,4016371685,11,35,6,5.83333,2.33928,97.3333,36.4676,28.2,18.7659,37,10,3.7,1.34536,59.2,30.5084,31.8889,19.6664,38,9,4.22222,2.04275,68.3333,46.6738,37.5625,22.8418,
50956,"SUCCEEDED","Cluster Iterator running iteration 1 over priorPath: hdfs://192.168.100.53:9000/HiBench/Keans/Output/clusters-0",0,,47,12,4,120,90,5,.9,.70,.5,.8,1.0,500,.35,20,40,1,2,1792,2048,1024,4,0,855,4016371685,11,35,6,5.83333,2.33928,97.3333,36.4676,28.2,18.7659,37,10,3.7,1.34536,59.2,30.5084,31.8889,19.6664,38,9,4.22222,2.04275,68.3333,46.6738,37.5625,22.8418,
58100,"SUCCEEDED","Cluster Classification Driver running over input: hdfs://192.168.100.53:9000/HiBench/Keans/Input_2/saples",0,,0,12,4,120,90,5,.9,.70,.5,.8,1.0,500,.35,20,40,1,2,1792,2048,1024,4,0,855,4016371685,11,35,6,5.83333,2.33928,97.3333,36.4676,28.2,18.7659,37,10,3.7,1.34536,59.2,30.5084,31.8889,19.6664,38,9,4.22222,2.04275,68.3333,46.6738,37.5625,22.8418,
163162,"SUCCEEDED","Cluster Iterator running iteration 1 over priorPath: hdfs://192.168.100.53:9000/HiBench/Keans/Output/clusters-0",0,,65,6,10,150,100,10,.8,.85,.3,.9,.8,1500,.20,10,40,3,1,1280,1152,1792,3,0,490,10040917091,11,42,9,4.66667,2.98142,65,45.8718,23.5,20.8006,34,11,3.09091,1.83177,54.2727,44.4729,30.4737,23.8843,41,14,3.07692,2.12898,46.0769,37.294,25.1304,22.1365,
182474,"SUCCEEDED","Cluster Classification Driver running over input: hdfs://192.168.100.53:9000/HiBench/Keans/Input_3/saples",0,,0,6,10,150,100,10,.8,.85,.3,.9,.8,1500,.20,10,40,3,1,1280,1152,1792,3,0,490,10040917091,11,42,9,4.66667,2.98142,65,45.8718,23.5,20.8006,34,11,3.09091,1.83177,54.2727,44.4729,30.4737,23.8843,41,14,3.07692,2.12898,46.0769,37.294,25.1304,22.1365,
94081,"SUCCEEDED","Cluster Iterator running iteration 1 over priorPath: hdfs://192.168.100.53:9000/HiBench/Keans/Output/clusters-0",0,,32,2,12,140,40,10,1.0,.65,.5,.7,.2,1500,.30,30,50,2,3,1024,1664,1152,1,0,656,10040917091,11,42,9,4.66667,2.98142,65,45.8718,23.5,20.8006,34,11,3.09091,1.83177,54.2727,44.4729,30.4737,23.8843,41,14,3.07692,2.12898,46.0769,37.294,25.1304,22.1365,
116261,"SUCCEEDED","Cluster Classification Driver running over input: hdfs://192.168.100.53:9000/HiBench/Keans/Input_3/saples",0,,0,2,12,140,40,10,1.0,.65,.5,.7,.2,1500,.30,30,50,2,3,1024,1664,1152,1,0,656,10040917091,11,42,9,4.66667,2.98142,65,45.8718,23.5,20.8006,34,11,3.09091,1.83177,54.2727,44.4729,30.4737,23.8843,41,14,3.07692,2.12898,46.0769,37.294,25.1304,22.1365,
224392,"SUCCEEDED","Cluster Iterator running iteration 1 over priorPath: hdfs://192.168.100.53:9000/HiBench/Keans/Output/clusters-0",0,,4,8,10,130,10,5,.9,.95,.2,.9,.9,2000,.90,100,40,1,2,1792,2048,1536,4,0,1023,20081826210,11,38,11,3.45455,2.42576,56.0909,45.1351,27.3182,21.9512,47,16,2.9375,1.67589,39.5625,28.2488,22.4815,17.6936,41,10,4.1,2.62488,61.9,47.3042,31.6842,22.6275,
453417,"SUCCEEDED","Cluster Classification Driver running over input: hdfs://192.168.100.53:9000/HiBench/Keans/Input_4/saples",0,,0,8,10,130,10,5,.9,.95,.2,.9,.9,2000,.90,100,40,1,2,1792,2048,1536,4,0,1023,20081826210,11,38,11,3.45455,2.42576,56.0909,45.1351,27.3182,21.9512,47,16,2.9375,1.67589,39.5625,28.2488,22.4815,17.6936,41,10,4.1,2.62488,61.9,47.3042,31.6842,22.6275,
22459,"SUCCEEDED","Cluster Iterator running iteration 1 over priorPath: hdfs://192.168.100.53:9000/HiBench/Keans/Output/clusters-0",0,,11,6,4,150,90,10,.7,.85,.5,.6,.7,800,.10,80,50,2,2,1152,1408,1920,2,0,877,602462587,11,40,9,4.44444,2.45452,67.2222,44.2412,29.3,16.8734,49,9,5.44444,3.2356,67.3333,41.8569,20.6429,15.8502,48,9,5.33333,3.74166,68.2222,47.679,23.64,16.6586,
17664,"SUCCEEDED","Cluster Classification Driver running over input: hdfs://192.168.100.53:9000/HiBench/Keans/Input_1/saples",0,,0,6,4,150,90,10,.7,.85,.5,.6,.7,800,.10,80,50,2,2,1152,1408,1920,2,0,877,602462587,11,40,9,4.44444,2.45452,67.2222,44.2412,29.3,16.8734,49,9,5.44444,3.2356,67.3333,41.8569,20.6429,15.8502,48,9,5.33333,3.74166,68.2222,47.679,23.64,16.6586,
100667,"SUCCEEDED","Cluster Iterator running iteration 1 over priorPath: hdfs://192.168.100.53:9000/HiBench/Keans/Output/clusters-0",0,,127,12,4,110,60,20,.6,.70,.2,.7,.3,600,.95,10,60,2,2,1280,2048,1792,2,0,261,4016371685,11,35,6,5.83333,2.33928,97.3333,36.4676,28.2,18.7659,37,10,3.7,1.34536,59.2,30.5084,31.8889,19.6664,38,9,4.22222,2.04275,68.3333,46.6738,37.5625,22.8418,
74778,"SUCCEEDED","Cluster Classification Driver running over input: hdfs://192.168.100.53:9000/HiBench/Keans/Input_2/saples",0,,0,12,4,110,60,20,.6,.70,.2,.7,.3,600,.95,10,60,2,2,1280,2048,1792,2,0,261,4016371685,11,35,6,5.83333,2.33928,97.3333,36.4676,28.2,18.7659,37,10,3.7,1.34536,59.2,30.5084,31.8889,19.6664,38,9,4.22222,2.04275,68.3333,46.6738,37.5625,22.8418,
35028,"SUCCEEDED","Cluster Iterator running iteration 1 over priorPath: hdfs://192.168.100.53:9000/HiBench/Keans/Output/clusters-0",0,,72,4,12,110,90,5,.9,.85,.2,.6,.1,1800,.55,100,60,3,1,1536,1920,1920,2,0,895,602462587,11,40,9,4.44444,2.45452,67.2222,44.2412,29.3,16.8734,49,9,5.44444,3.2356,67.3333,41.8569,20.6429,15.8502,48,9,5.33333,3.74166,68.2222,47.679,23.64,16.6586,
18515,"SUCCEEDED","Cluster Classification Driver running over input: hdfs://192.168.100.53:9000/HiBench/Keans/Input_1/saples",0,,0,4,12,110,90,5,.9,.85,.2,.6,.1,1800,.55,100,60,3,1,1536,1920,1920,2,0,895,602462587,11,40,9,4.44444,2.45452,67.2222,44.2412,29.3,16.8734,49,9,5.44444,3.2356,67.3333,41.8569,20.6429,15.8502,48,9,5.33333,3.74166,68.2222,47.679,23.64,16.6586,
234382,"SUCCEEDED","Cluster Iterator running iteration 1 over priorPath: hdfs://192.168.100.53:9000/HiBench/Keans/Output/clusters-0",0,,123,12,2,110,80,5,.8,.55,.2,.8,.3,800,.25,70,40,3,3,1920,1152,1920,4,0,201,20081826210,11,38,11,3.45455,2.42576,56.0909,45.1351,27.3182,21.9512,47,16,2.9375,1.67589,39.5625,28.2488,22.4815,17.6936,41,10,4.1,2.62488,61.9,47.3042,31.6842,22.6275,
362437,"SUCCEEDED","Cluster Classification Driver running over input: hdfs://192.168.100.53:9000/HiBench/Keans/Input_4/saples",0,,0,12,2,110,80,5,.8,.55,.2,.8,.3,800,.25,70,40,3,3,1920,1152,1920,4,0,201,20081826210,11,38,11,3.45455,2.42576,56.0909,45.1351,27.3182,21.9512,47,16,2.9375,1.67589,39.5625,28.2488,22.4815,17.6936,41,10,4.1,2.62488,61.9,47.3042,31.6842,22.6275,
37926,"SUCCEEDED","Cluster Iterator running iteration 1 over priorPath: hdfs://192.168.100.53:9000/HiBench/Keans/Output/clusters-0",0,,94,4,12,140,100,5,1.0,.60,.3,.6,.6,900,.85,50,50,1,2,1408,1152,1664,2,0,424,602462587,11,40,9,4.44444,2.45452,67.2222,44.2412,29.3,16.8734,49,9,5.44444,3.2356,67.3333,41.8569,20.6429,15.8502,48,9,5.33333,3.74166,68.2222,47.679,23.64,16.6586,
18289,"SUCCEEDED","Cluster Classification Driver running over input: hdfs://192.168.100.53:9000/HiBench/Keans/Input_1/saples",0,,0,4,12,140,100,5,1.0,.60,.3,.6,.6,900,.85,50,50,1,2,1408,1152,1664,2,0,424,602462587,11,40,9,4.44444,2.45452,67.2222,44.2412,29.3,16.8734,49,9,5.44444,3.2356,67.3333,41.8569,20.6429,15.8502,48,9,5.33333,3.74166,68.2222,47.679,23.64,16.6586,
142627,"SUCCEEDED","Cluster Iterator running iteration 1 over priorPath: hdfs://192.168.100.53:9000/HiBench/Keans/Output/clusters-0",0,,95,10,4,140,100,15,.6,.70,.5,.5,.1,800,.15,20,40,2,4,1664,1792,2048,3,0,409,10040917091,11,42,9,4.66667,2.98142,65,45.8718,23.5,20.8006,34,11,3.09091,1.83177,54.2727,44.4729,30.4737,23.8843,41,14,3.07692,2.12898,46.0769,37.294,25.1304,22.1365,
193093,"SUCCEEDED","Cluster Classification Driver running over input: hdfs://192.168.100.53:9000/HiBench/Keans/Input_3/saples",0,,0,10,4,140,100,15,.6,.70,.5,.5,.1,800,.15,20,40,2,4,1664,1792,2048,3,0,409,10040917091,11,42,9,4.66667,2.98142,65,45.8718,23.5,20.8006,34,11,3.09091,1.83177,54.2727,44.4729,30.4737,23.8843,41,14,3.07692,2.12898,46.0769,37.294,25.1304,22.1365,
209585,"SUCCEEDED","Cluster Iterator running iteration 1 over priorPath: hdfs://192.168.100.53:9000/HiBench/Keans/Output/clusters-0",0,,113,8,4,150,30,5,.7,.65,.5,.5,.6,1600,.70,80,50,4,3,2048,1024,1664,1,0,474,20081826210,11,38,11,3.45455,2.42576,56.0909,45.1351,27.3182,21.9512,47,16,2.9375,1.67589,39.5625,28.2488,22.4815,17.6936,41,10,4.1,2.62488,61.9,47.3042,31.6842,22.6275,
401955,"SUCCEEDED","Cluster Classification Driver running over input: hdfs://192.168.100.53:9000/HiBench/Keans/Input_4/saples",0,,0,8,4,150,30,5,.7,.65,.5,.5,.6,1600,.70,80,50,4,3,2048,1024,1664,1,0,474,20081826210,11,38,11,3.45455,2.42576,56.0909,45.1351,27.3182,21.9512,47,16,2.9375,1.67589,39.5625,28.2488,22.4815,17.6936,41,10,4.1,2.62488,61.9,47.3042,31.6842,22.6275,
187137,"SUCCEEDED","Cluster Iterator running iteration 1 over priorPath: hdfs://192.168.100.53:9000/HiBench/Keans/Output/clusters-0",0,,115,8,12,150,50,15,.8,.75,.4,.5,.9,1300,.60,60,50,1,4,1152,1664,1792,1,0,708,20081826210,11,38,11,3.45455,2.42576,56.0909,45.1351,27.3182,21.9512,47,16,2.9375,1.67589,39.5625,28.2488,22.4815,17.6936,41,10,4.1,2.62488,61.9,47.3042,31.6842,22.6275,
335571,"SUCCEEDED","Cluster Classification Driver running over input: hdfs://192.168.100.53:9000/HiBench/Keans/Input_4/saples",0,,0,8,12,150,50,15,.8,.75,.4,.5,.9,1300,.60,60,50,1,4,1152,1664,1792,1,0,708,20081826210,11,38,11,3.45455,2.42576,56.0909,45.1351,27.3182,21.9512,47,16,2.9375,1.67589,39.5625,28.2488,22.4815,17.6936,41,10,4.1,2.62488,61.9,47.3042,31.6842,22.6275,
76174,"SUCCEEDED","Cluster Iterator running iteration 1 over priorPath: hdfs://192.168.100.53:9000/HiBench/Keans/Output/clusters-0",0,,72,8,10,150,50,15,1.0,.75,.4,.7,.1,2000,.25,70,60,1,2,1536,2048,1280,2,0,656,4016371685,11,35,6,5.83333,2.33928,97.3333,36.4676,28.2,18.7659,37,10,3.7,1.34536,59.2,30.5084,31.8889,19.6664,38,9,4.22222,2.04275,68.3333,46.6738,37.5625,22.8418,
98367,"SUCCEEDED","Cluster Classification Driver running over input: hdfs://192.168.100.53:9000/HiBench/Keans/Input_2/saples",0,,0,8,10,150,50,15,1.0,.75,.4,.7,.1,2000,.25,70,60,1,2,1536,2048,1280,2,0,656,4016371685,11,35,6,5.83333,2.33928,97.3333,36.4676,28.2,18.7659,37,10,3.7,1.34536,59.2,30.5084,31.8889,19.6664,38,9,4.22222,2.04275,68.3333,46.6738,37.5625,22.8418,
195097,"SUCCEEDED","Cluster Iterator running iteration 1 over priorPath: hdfs://192.168.100.53:9000/HiBench/Keans/Output/clusters-0",0,,22,8,4,150,100,20,.5,.90,.4,.9,0,1200,.35,30,40,2,1,2048,1280,1920,2,0,964,20081826210,11,38,11,3.45455,2.42576,56.0909,45.1351,27.3182,21.9512,47,16,2.9375,1.67589,39.5625,28.2488,22.4815,17.6936,41,10,4.1,2.62488,61.9,47.3042,31.6842,22.6275,
347749,"SUCCEEDED","Cluster Classification Driver running over input: hdfs://192.168.100.53:9000/HiBench/Keans/Input_4/saples",0,,0,8,4,150,100,20,.5,.90,.4,.9,0,1200,.35,30,40,2,1,2048,1280,1920,2,0,964,20081826210,11,38,11,3.45455,2.42576,56.0909,45.1351,27.3182,21.9512,47,16,2.9375,1.67589,39.5625,28.2488,22.4815,17.6936,41,10,4.1,2.62488,61.9,47.3042,31.6842,22.6275,
47059,"SUCCEEDED","Cluster Iterator running iteration 1 over priorPath: hdfs://192.168.100.53:9000/HiBench/Keans/Output/clusters-0",0,,7,6,8,130,100,10,.5,.75,.4,.9,.8,600,.35,100,50,3,1,1024,1024,1536,2,0,741,4016371685,11,35,6,5.83333,2.33928,97.3333,36.4676,28.2,18.7659,37,10,3.7,1.34536,59.2,30.5084,31.8889,19.6664,38,9,4.22222,2.04275,68.3333,46.6738,37.5625,22.8418,
84420,"SUCCEEDED","Cluster Classification Driver running over input: hdfs://192.168.100.53:9000/HiBench/Keans/Input_2/saples",0,,0,6,8,130,100,10,.5,.75,.4,.9,.8,600,.35,100,50,3,1,1024,1024,1536,2,0,741,4016371685,11,35,6,5.83333,2.33928,97.3333,36.4676,28.2,18.7659,37,10,3.7,1.34536,59.2,30.5084,31.8889,19.6664,38,9,4.22222,2.04275,68.3333,46.6738,37.5625,22.8418,
164384,"SUCCEEDED","Cluster Iterator running iteration 1 over priorPath: hdfs://192.168.100.53:9000/HiBench/Keans/Output/clusters-0",0,,97,4,8,140,80,20,1.0,1.00,.4,.8,.4,1700,.20,100,60,4,2,1280,2048,1024,4,0,847,10040917091,11,42,9,4.66667,2.98142,65,45.8718,23.5,20.8006,34,11,3.09091,1.83177,54.2727,44.4729,30.4737,23.8843,41,14,3.07692,2.12898,46.0769,37.294,25.1304,22.1365,
161954,"SUCCEEDED","Cluster Classification Driver running over input: hdfs://192.168.100.53:9000/HiBench/Keans/Input_3/saples",0,,0,4,8,140,80,20,1.0,1.00,.4,.8,.4,1700,.20,100,60,4,2,1280,2048,1024,4,0,847,10040917091,11,42,9,4.66667,2.98142,65,45.8718,23.5,20.8006,34,11,3.09091,1.83177,54.2727,44.4729,30.4737,23.8843,41,14,3.07692,2.12898,46.0769,37.294,25.1304,22.1365,
26216,"SUCCEEDED","Cluster Iterator running iteration 1 over priorPath: hdfs://192.168.100.53:9000/HiBench/Keans/Output/clusters-0",0,,29,12,12,100,20,5,.5,.85,.2,.9,.8,1200,.25,30,40,2,1,1280,1280,2048,2,0,920,602462587,11,40,9,4.44444,2.45452,67.2222,44.2412,29.3,16.8734,49,9,5.44444,3.2356,67.3333,41.8569,20.6429,15.8502,48,9,5.33333,3.74166,68.2222,47.679,23.64,16.6586,
18323,"SUCCEEDED","Cluster Classification Driver running over input: hdfs://192.168.100.53:9000/HiBench/Keans/Input_1/saples",0,,0,12,12,100,20,5,.5,.85,.2,.9,.8,1200,.25,30,40,2,1,1280,1280,2048,2,0,920,602462587,11,40,9,4.44444,2.45452,67.2222,44.2412,29.3,16.8734,49,9,5.44444,3.2356,67.3333,41.8569,20.6429,15.8502,48,9,5.33333,3.74166,68.2222,47.679,23.64,16.6586,
108645,"SUCCEEDED","Cluster Iterator running iteration 1 over priorPath: hdfs://192.168.100.53:9000/HiBench/Keans/Output/clusters-0",0,,85,10,6,140,80,20,.9,.60,.2,.9,.8,1700,.35,10,40,2,2,1024,1408,2048,4,0,756,10040917091,11,42,9,4.66667,2.98142,65,45.8718,23.5,20.8006,34,11,3.09091,1.83177,54.2727,44.4729,30.4737,23.8843,41,14,3.07692,2.12898,46.0769,37.294,25.1304,22.1365,
114024,"SUCCEEDED","Cluster Classification Driver running over input: hdfs://192.168.100.53:9000/HiBench/Keans/Input_3/saples",0,,0,10,6,140,80,20,.9,.60,.2,.9,.8,1700,.35,10,40,2,2,1024,1408,2048,4,0,756,10040917091,11,42,9,4.66667,2.98142,65,45.8718,23.5,20.8006,34,11,3.09091,1.83177,54.2727,44.4729,30.4737,23.8843,41,14,3.07692,2.12898,46.0769,37.294,25.1304,22.1365,
49001,"SUCCEEDED","Cluster Iterator running iteration 1 over priorPath: hdfs://192.168.100.53:9000/HiBench/Keans/Output/clusters-0",0,,37,6,6,100,60,20,1.0,.65,.4,.8,1.0,900,.50,80,40,1,3,1920,1024,1152,2,0,812,4016371685,11,35,6,5.83333,2.33928,97.3333,36.4676,28.2,18.7659,37,10,3.7,1.34536,59.2,30.5084,31.8889,19.6664,38,9,4.22222,2.04275,68.3333,46.6738,37.5625,22.8418,
65460,"SUCCEEDED","Cluster Classification Driver running over input: hdfs://192.168.100.53:9000/HiBench/Keans/Input_2/saples",0,,0,6,6,100,60,20,1.0,.65,.4,.8,1.0,900,.50,80,40,1,3,1920,1024,1152,2,0,812,4016371685,11,35,6,5.83333,2.33928,97.3333,36.4676,28.2,18.7659,37,10,3.7,1.34536,59.2,30.5084,31.8889,19.6664,38,9,4.22222,2.04275,68.3333,46.6738,37.5625,22.8418,
63798,"FAILED","Cluster Iterator running iteration 1 over priorPath: hdfs://192.168.100.53:9000/HiBench/Keans/Output/clusters-0",0,,53,8,8,110,40,20,.5,.50,.5,.8,.7,600,.60,70,60,2,1,1024,1536,1792,4,0,353,4016371685,11,35,6,5.83333,2.33928,97.3333,36.4676,28.2,18.7659,37,10,3.7,1.34536,59.2,30.5084,31.8889,19.6664,38,9,4.22222,2.04275,68.3333,46.6738,37.5625,22.8418,
103694,"SUCCEEDED","Cluster Iterator running iteration 1 over priorPath: hdfs://192.168.100.53:9000/HiBench/Keans/Output/clusters-0",0,,41,2,4,150,50,20,.7,.55,.5,.8,.1,1400,.30,100,50,1,1,1920,1920,1280,4,0,691,10040917091,11,42,9,4.66667,2.98142,65,45.8718,23.5,20.8006,34,11,3.09091,1.83177,54.2727,44.4729,30.4737,23.8843,41,14,3.07692,2.12898,46.0769,37.294,25.1304,22.1365,
139490,"SUCCEEDED","Cluster Classification Driver running over input: hdfs://192.168.100.53:9000/HiBench/Keans/Input_3/saples",0,,0,2,4,150,50,20,.7,.55,.5,.8,.1,1400,.30,100,50,1,1,1920,1920,1280,4,0,691,10040917091,11,42,9,4.66667,2.98142,65,45.8718,23.5,20.8006,34,11,3.09091,1.83177,54.2727,44.4729,30.4737,23.8843,41,14,3.07692,2.12898,46.0769,37.294,25.1304,22.1365,
92778,"SUCCEEDED","Cluster Iterator running iteration 1 over priorPath: hdfs://192.168.100.53:9000/HiBench/Keans/Output/clusters-0",0,,41,10,2,130,70,20,.8,.80,.4,.9,.4,1700,.80,10,40,4,3,1792,1280,1664,2,0,493,10040917091,11,42,9,4.66667,2.98142,65,45.8718,23.5,20.8006,34,11,3.09091,1.83177,54.2727,44.4729,30.4737,23.8843,41,14,3.07692,2.12898,46.0769,37.294,25.1304,22.1365,
94946,"SUCCEEDED","Cluster Classification Driver running over input: hdfs://192.168.100.53:9000/HiBench/Keans/Input_3/saples",0,,0,10,2,130,70,20,.8,.80,.4,.9,.4,1700,.80,10,40,4,3,1792,1280,1664,2,0,493,10040917091,11,42,9,4.66667,2.98142,65,45.8718,23.5,20.8006,34,11,3.09091,1.83177,54.2727,44.4729,30.4737,23.8843,41,14,3.07692,2.12898,46.0769,37.294,25.1304,22.1365,
105132,"SUCCEEDED","Cluster Iterator running iteration 1 over priorPath: hdfs://192.168.100.53:9000/HiBench/Keans/Output/clusters-0",0,,54,2,4,100,20,5,.6,.80,.5,.8,.1,1700,0,80,40,1,3,1920,1024,1024,1,0,325,10040917091,11,42,9,4.66667,2.98142,65,45.8718,23.5,20.8006,34,11,3.09091,1.83177,54.2727,44.4729,30.4737,23.8843,41,14,3.07692,2.12898,46.0769,37.294,25.1304,22.1365,
99537,"SUCCEEDED","Cluster Classification Driver running over input: hdfs://192.168.100.53:9000/HiBench/Keans/Input_3/saples",0,,0,2,4,100,20,5,.6,.80,.5,.8,.1,1700,0,80,40,1,3,1920,1024,1024,1,0,325,10040917091,11,42,9,4.66667,2.98142,65,45.8718,23.5,20.8006,34,11,3.09091,1.83177,54.2727,44.4729,30.4737,23.8843,41,14,3.07692,2.12898,46.0769,37.294,25.1304,22.1365,
109259,"SUCCEEDED","Cluster Iterator running iteration 1 over priorPath: hdfs://192.168.100.53:9000/HiBench/Keans/Output/clusters-0",0,,66,10,6,120,50,10,.8,.55,.3,.7,0,1900,.30,50,40,2,4,1792,1536,2048,1,0,393,10040917091,11,42,9,4.66667,2.98142,65,45.8718,23.5,20.8006,34,11,3.09091,1.83177,54.2727,44.4729,30.4737,23.8843,41,14,3.07692,2.12898,46.0769,37.294,25.1304,22.1365,
96844,"SUCCEEDED","Cluster Classification Driver running over input: hdfs://192.168.100.53:9000/HiBench/Keans/Input_3/saples",0,,0,10,6,120,50,10,.8,.55,.3,.7,0,1900,.30,50,40,2,4,1792,1536,2048,1,0,393,10040917091,11,42,9,4.66667,2.98142,65,45.8718,23.5,20.8006,34,11,3.09091,1.83177,54.2727,44.4729,30.4737,23.8843,41,14,3.07692,2.12898,46.0769,37.294,25.1304,22.1365,
67395,"SUCCEEDED","Cluster Iterator running iteration 1 over priorPath: hdfs://192.168.100.53:9000/HiBench/Keans/Output/clusters-0",0,,114,2,6,110,20,15,.7,.60,.3,.5,.2,700,.40,30,60,4,1,1664,1024,1408,3,0,370,4016371685,11,35,6,5.83333,2.33928,97.3333,36.4676,28.2,18.7659,37,10,3.7,1.34536,59.2,30.5084,31.8889,19.6664,38,9,4.22222,2.04275,68.3333,46.6738,37.5625,22.8418,
71268,"SUCCEEDED","Cluster Classification Driver running over input: hdfs://192.168.100.53:9000/HiBench/Keans/Input_2/saples",0,,0,2,6,110,20,15,.7,.60,.3,.5,.2,700,.40,30,60,4,1,1664,1024,1408,3,0,370,4016371685,11,35,6,5.83333,2.33928,97.3333,36.4676,28.2,18.7659,37,10,3.7,1.34536,59.2,30.5084,31.8889,19.6664,38,9,4.22222,2.04275,68.3333,46.6738,37.5625,22.8418,
43464,"SUCCEEDED","Cluster Iterator running iteration 1 over priorPath: hdfs://192.168.100.53:9000/HiBench/Keans/Output/clusters-0",0,,118,8,10,110,60,20,.6,.85,.5,.5,.6,700,.70,30,50,4,3,1920,1920,1024,1,0,903,602462587,11,40,9,4.44444,2.45452,67.2222,44.2412,29.3,16.8734,49,9,5.44444,3.2356,67.3333,41.8569,20.6429,15.8502,48,9,5.33333,3.74166,68.2222,47.679,23.64,16.6586,
18454,"SUCCEEDED","Cluster Classification Driver running over input: hdfs://192.168.100.53:9000/HiBench/Keans/Input_1/saples",0,,0,8,10,110,60,20,.6,.85,.5,.5,.6,700,.70,30,50,4,3,1920,1920,1024,1,0,903,602462587,11,40,9,4.44444,2.45452,67.2222,44.2412,29.3,16.8734,49,9,5.44444,3.2356,67.3333,41.8569,20.6429,15.8502,48,9,5.33333,3.74166,68.2222,47.679,23.64,16.6586,
46132,"SUCCEEDED","Cluster Iterator running iteration 1 over priorPath: hdfs://192.168.100.53:9000/HiBench/Keans/Output/clusters-0",0,,16,2,6,130,80,5,.7,.90,.2,.6,.3,1700,.20,40,50,1,1,1920,1152,1280,4,0,900,4016371685,11,35,6,5.83333,2.33928,97.3333,36.4676,28.2,18.7659,37,10,3.7,1.34536,59.2,30.5084,31.8889,19.6664,38,9,4.22222,2.04275,68.3333,46.6738,37.5625,22.8418,
45668,"SUCCEEDED","Cluster Classification Driver running over input: hdfs://192.168.100.53:9000/HiBench/Keans/Input_2/saples",0,,0,2,6,130,80,5,.7,.90,.2,.6,.3,1700,.20,40,50,1,1,1920,1152,1280,4,0,900,4016371685,11,35,6,5.83333,2.33928,97.3333,36.4676,28.2,18.7659,37,10,3.7,1.34536,59.2,30.5084,31.8889,19.6664,38,9,4.22222,2.04275,68.3333,46.6738,37.5625,22.8418,
48418,"SUCCEEDED","Cluster Iterator running iteration 1 over priorPath: hdfs://192.168.100.53:9000/HiBench/Keans/Output/clusters-0",0,,29,12,10,120,70,20,.8,.75,.5,.6,.8,700,.35,10,50,4,4,1024,2048,1152,1,0,604,4016371685,11,35,6,5.83333,2.33928,97.3333,36.4676,28.2,18.7659,37,10,3.7,1.34536,59.2,30.5084,31.8889,19.6664,38,9,4.22222,2.04275,68.3333,46.6738,37.5625,22.8418,
53501,"SUCCEEDED","Cluster Classification Driver running over input: hdfs://192.168.100.53:9000/HiBench/Keans/Input_2/saples",0,,0,12,10,120,70,20,.8,.75,.5,.6,.8,700,.35,10,50,4,4,1024,2048,1152,1,0,604,4016371685,11,35,6,5.83333,2.33928,97.3333,36.4676,28.2,18.7659,37,10,3.7,1.34536,59.2,30.5084,31.8889,19.6664,38,9,4.22222,2.04275,68.3333,46.6738,37.5625,22.8418,
49418,"SUCCEEDED","Cluster Iterator running iteration 1 over priorPath: hdfs://192.168.100.53:9000/HiBench/Keans/Output/clusters-0",0,,45,2,10,100,90,15,.5,.70,.4,.8,.5,1200,.20,90,60,2,3,1024,1152,1024,3,0,297,4016371685,11,35,6,5.83333,2.33928,97.3333,36.4676,28.2,18.7659,37,10,3.7,1.34536,59.2,30.5084,31.8889,19.6664,38,9,4.22222,2.04275,68.3333,46.6738,37.5625,22.8418,
50451,"SUCCEEDED","Cluster Classification Driver running over input: hdfs://192.168.100.53:9000/HiBench/Keans/Input_2/saples",0,,0,2,10,100,90,15,.5,.70,.4,.8,.5,1200,.20,90,60,2,3,1024,1152,1024,3,0,297,4016371685,11,35,6,5.83333,2.33928,97.3333,36.4676,28.2,18.7659,37,10,3.7,1.34536,59.2,30.5084,31.8889,19.6664,38,9,4.22222,2.04275,68.3333,46.6738,37.5625,22.8418,
100524,"SUCCEEDED","Cluster Iterator running iteration 1 over priorPath: hdfs://192.168.100.53:9000/HiBench/Keans/Output/clusters-0",0,,65,4,2,150,50,5,.6,.75,.3,.6,0,1900,.85,20,60,4,4,1920,1664,2048,4,0,835,10040917091,11,42,9,4.66667,2.98142,65,45.8718,23.5,20.8006,34,11,3.09091,1.83177,54.2727,44.4729,30.4737,23.8843,41,14,3.07692,2.12898,46.0769,37.294,25.1304,22.1365,
113939,"SUCCEEDED","Cluster Classification Driver running over input: hdfs://192.168.100.53:9000/HiBench/Keans/Input_3/saples",0,,0,4,2,150,50,5,.6,.75,.3,.6,0,1900,.85,20,60,4,4,1920,1664,2048,4,0,835,10040917091,11,42,9,4.66667,2.98142,65,45.8718,23.5,20.8006,34,11,3.09091,1.83177,54.2727,44.4729,30.4737,23.8843,41,14,3.07692,2.12898,46.0769,37.294,25.1304,22.1365,
103626,"SUCCEEDED","Cluster Iterator running iteration 1 over priorPath: hdfs://192.168.100.53:9000/HiBench/Keans/Output/clusters-0",0,,55,10,10,110,10,10,.9,.50,.4,.8,.9,1500,.15,30,40,2,2,1664,1408,1152,4,0,342,10040917091,11,42,9,4.66667,2.98142,65,45.8718,23.5,20.8006,34,11,3.09091,1.83177,54.2727,44.4729,30.4737,23.8843,41,14,3.07692,2.12898,46.0769,37.294,25.1304,22.1365,
94319,"SUCCEEDED","Cluster Classification Driver running over input: hdfs://192.168.100.53:9000/HiBench/Keans/Input_3/saples",0,,0,10,10,110,10,10,.9,.50,.4,.8,.9,1500,.15,30,40,2,2,1664,1408,1152,4,0,342,10040917091,11,42,9,4.66667,2.98142,65,45.8718,23.5,20.8006,34,11,3.09091,1.83177,54.2727,44.4729,30.4737,23.8843,41,14,3.07692,2.12898,46.0769,37.294,25.1304,22.1365,
121834,"SUCCEEDED","Cluster Iterator running iteration 1 over priorPath: hdfs://192.168.100.53:9000/HiBench/Keans/Output/clusters-0",0,,79,8,6,120,40,5,.9,.60,.3,.9,.2,1800,.05,60,50,4,4,1920,1664,1280,2,0,885,10040917091,11,42,9,4.66667,2.98142,65,45.8718,23.5,20.8006,34,11,3.09091,1.83177,54.2727,44.4729,30.4737,23.8843,41,14,3.07692,2.12898,46.0769,37.294,25.1304,22.1365,
98218,"SUCCEEDED","Cluster Classification Driver running over input: hdfs://192.168.100.53:9000/HiBench/Keans/Input_3/saples",0,,0,8,6,120,40,5,.9,.60,.3,.9,.2,1800,.05,60,50,4,4,1920,1664,1280,2,0,885,10040917091,11,42,9,4.66667,2.98142,65,45.8718,23.5,20.8006,34,11,3.09091,1.83177,54.2727,44.4729,30.4737,23.8843,41,14,3.07692,2.12898,46.0769,37.294,25.1304,22.1365,
51755,"SUCCEEDED","Cluster Iterator running iteration 1 over priorPath: hdfs://192.168.100.53:9000/HiBench/Keans/Output/clusters-0",0,,70,10,4,140,50,20,.8,.85,.5,.8,.1,1800,.45,60,60,1,1,1920,1024,1280,4,0,359,4016371685,11,35,6,5.83333,2.33928,97.3333,36.4676,28.2,18.7659,37,10,3.7,1.34536,59.2,30.5084,31.8889,19.6664,38,9,4.22222,2.04275,68.3333,46.6738,37.5625,22.8418,
45398,"SUCCEEDED","Cluster Classification Driver running over input: hdfs://192.168.100.53:9000/HiBench/Keans/Input_2/saples",0,,0,10,4,140,50,20,.8,.85,.5,.8,.1,1800,.45,60,60,1,1,1920,1024,1280,4,0,359,4016371685,11,35,6,5.83333,2.33928,97.3333,36.4676,28.2,18.7659,37,10,3.7,1.34536,59.2,30.5084,31.8889,19.6664,38,9,4.22222,2.04275,68.3333,46.6738,37.5625,22.8418,
465026,"SUCCEEDED","Cluster Iterator running iteration 1 over priorPath: hdfs://192.168.100.53:9000/HiBench/Keans/Output/clusters-0",0,,7,6,2,150,30,5,.7,.80,.3,.6,.9,1900,.70,90,60,2,2,1792,1408,1664,3,0,1004,20081826210,11,38,11,3.45455,2.42576,56.0909,45.1351,27.3182,21.9512,47,16,2.9375,1.67589,39.5625,28.2488,22.4815,17.6936,41,10,4.1,2.62488,61.9,47.3042,31.6842,22.6275,
447250,"SUCCEEDED","Cluster Classification Driver running over input: hdfs://192.168.100.53:9000/HiBench/Keans/Input_4/saples",0,,0,6,2,150,30,5,.7,.80,.3,.6,.9,1900,.70,90,60,2,2,1792,1408,1664,3,0,1004,20081826210,11,38,11,3.45455,2.42576,56.0909,45.1351,27.3182,21.9512,47,16,2.9375,1.67589,39.5625,28.2488,22.4815,17.6936,41,10,4.1,2.62488,61.9,47.3042,31.6842,22.6275,
65792,"SUCCEEDED","Cluster Iterator running iteration 1 over priorPath: hdfs://192.168.100.53:9000/HiBench/Keans/Output/clusters-0",0,,36,10,4,110,20,10,.5,.95,.3,.6,0,900,.50,80,50,4,4,2048,1024,1408,1,0,878,4016371685,11,35,6,5.83333,2.33928,97.3333,36.4676,28.2,18.7659,37,10,3.7,1.34536,59.2,30.5084,31.8889,19.6664,38,9,4.22222,2.04275,68.3333,46.6738,37.5625,22.8418,
97899,"SUCCEEDED","Cluster Classification Driver running over input: hdfs://192.168.100.53:9000/HiBench/Keans/Input_2/saples",0,,0,10,4,110,20,10,.5,.95,.3,.6,0,900,.50,80,50,4,4,2048,1024,1408,1,0,878,4016371685,11,35,6,5.83333,2.33928,97.3333,36.4676,28.2,18.7659,37,10,3.7,1.34536,59.2,30.5084,31.8889,19.6664,38,9,4.22222,2.04275,68.3333,46.6738,37.5625,22.8418,
178011,"SUCCEEDED","Cluster Iterator running iteration 1 over priorPath: hdfs://192.168.100.53:9000/HiBench/Keans/Output/clusters-0",0,,53,8,8,130,60,20,.9,.50,.4,.9,.9,500,.40,20,60,2,4,1920,1792,1152,2,0,1006,10040917091,11,42,9,4.66667,2.98142,65,45.8718,23.5,20.8006,34,11,3.09091,1.83177,54.2727,44.4729,30.4737,23.8843,41,14,3.07692,2.12898,46.0769,37.294,25.1304,22.1365,
162329,"SUCCEEDED","Cluster Classification Driver running over input: hdfs://192.168.100.53:9000/HiBench/Keans/Input_3/saples",0,,0,8,8,130,60,20,.9,.50,.4,.9,.9,500,.40,20,60,2,4,1920,1792,1152,2,0,1006,10040917091,11,42,9,4.66667,2.98142,65,45.8718,23.5,20.8006,34,11,3.09091,1.83177,54.2727,44.4729,30.4737,23.8843,41,14,3.07692,2.12898,46.0769,37.294,25.1304,22.1365,
94005,"SUCCEEDED","Cluster Iterator running iteration 1 over priorPath: hdfs://192.168.100.53:9000/HiBench/Keans/Output/clusters-0",0,,34,10,4,130,80,5,.9,.95,.5,.9,.1,1700,.60,30,50,2,1,1152,1152,1280,2,0,934,10040917091,11,42,9,4.66667,2.98142,65,45.8718,23.5,20.8006,34,11,3.09091,1.83177,54.2727,44.4729,30.4737,23.8843,41,14,3.07692,2.12898,46.0769,37.294,25.1304,22.1365,
122506,"SUCCEEDED","Cluster Classification Driver running over input: hdfs://192.168.100.53:9000/HiBench/Keans/Input_3/saples",0,,0,10,4,130,80,5,.9,.95,.5,.9,.1,1700,.60,30,50,2,1,1152,1152,1280,2,0,934,10040917091,11,42,9,4.66667,2.98142,65,45.8718,23.5,20.8006,34,11,3.09091,1.83177,54.2727,44.4729,30.4737,23.8843,41,14,3.07692,2.12898,46.0769,37.294,25.1304,22.1365,
203563,"SUCCEEDED","Cluster Iterator running iteration 1 over priorPath: hdfs://192.168.100.53:9000/HiBench/Keans/Output/clusters-0",0,,16,6,12,120,100,5,.7,1.00,.3,.7,.9,1000,.40,30,40,2,3,2048,1920,1536,3,0,615,20081826210,11,38,11,3.45455,2.42576,56.0909,45.1351,27.3182,21.9512,47,16,2.9375,1.67589,39.5625,28.2488,22.4815,17.6936,41,10,4.1,2.62488,61.9,47.3042,31.6842,22.6275,
501450,"SUCCEEDED","Cluster Classification Driver running over input: hdfs://192.168.100.53:9000/HiBench/Keans/Input_4/saples",0,,0,6,12,120,100,5,.7,1.00,.3,.7,.9,1000,.40,30,40,2,3,2048,1920,1536,3,0,615,20081826210,11,38,11,3.45455,2.42576,56.0909,45.1351,27.3182,21.9512,47,16,2.9375,1.67589,39.5625,28.2488,22.4815,17.6936,41,10,4.1,2.62488,61.9,47.3042,31.6842,22.6275,
192876,"SUCCEEDED","Cluster Iterator running iteration 1 over priorPath: hdfs://192.168.100.53:9000/HiBench/Keans/Output/clusters-0",0,,79,2,2,100,100,10,.7,.90,.4,.6,.4,800,.15,80,50,3,2,1408,1664,1664,4,0,826,20081826210,11,38,11,3.45455,2.42576,56.0909,45.1351,27.3182,21.9512,47,16,2.9375,1.67589,39.5625,28.2488,22.4815,17.6936,41,10,4.1,2.62488,61.9,47.3042,31.6842,22.6275,
263885,"SUCCEEDED","Cluster Classification Driver running over input: hdfs://192.168.100.53:9000/HiBench/Keans/Input_4/saples",0,,0,2,2,100,100,10,.7,.90,.4,.6,.4,800,.15,80,50,3,2,1408,1664,1664,4,0,826,20081826210,11,38,11,3.45455,2.42576,56.0909,45.1351,27.3182,21.9512,47,16,2.9375,1.67589,39.5625,28.2488,22.4815,17.6936,41,10,4.1,2.62488,61.9,47.3042,31.6842,22.6275,
80766,"SUCCEEDED","Cluster Iterator running iteration 1 over priorPath: hdfs://192.168.100.53:9000/HiBench/Keans/Output/clusters-0",0,,94,6,4,150,50,5,.7,.75,.2,.8,.2,1800,.15,50,50,1,2,1152,1792,1280,2,0,1014,4016371685,11,35,6,5.83333,2.33928,97.3333,36.4676,28.2,18.7659,37,10,3.7,1.34536,59.2,30.5084,31.8889,19.6664,38,9,4.22222,2.04275,68.3333,46.6738,37.5625,22.8418,
80678,"SUCCEEDED","Cluster Classification Driver running over input: hdfs://192.168.100.53:9000/HiBench/Keans/Input_2/saples",0,,0,6,4,150,50,5,.7,.75,.2,.8,.2,1800,.15,50,50,1,2,1152,1792,1280,2,0,1014,4016371685,11,35,6,5.83333,2.33928,97.3333,36.4676,28.2,18.7659,37,10,3.7,1.34536,59.2,30.5084,31.8889,19.6664,38,9,4.22222,2.04275,68.3333,46.6738,37.5625,22.8418,
198106,"SUCCEEDED","Cluster Iterator running iteration 1 over priorPath: hdfs://192.168.100.53:9000/HiBench/Keans/Output/clusters-0",0,,27,10,8,100,90,15,1.0,.95,.3,.8,.2,500,.40,30,60,1,3,1920,1152,1792,2,0,908,20081826210,11,38,11,3.45455,2.42576,56.0909,45.1351,27.3182,21.9512,47,16,2.9375,1.67589,39.5625,28.2488,22.4815,17.6936,41,10,4.1,2.62488,61.9,47.3042,31.6842,22.6275,
284283,"SUCCEEDED","Cluster Classification Driver running over input: hdfs://192.168.100.53:9000/HiBench/Keans/Input_4/saples",0,,0,10,8,100,90,15,1.0,.95,.3,.8,.2,500,.40,30,60,1,3,1920,1152,1792,2,0,908,20081826210,11,38,11,3.45455,2.42576,56.0909,45.1351,27.3182,21.9512,47,16,2.9375,1.67589,39.5625,28.2488,22.4815,17.6936,41,10,4.1,2.62488,61.9,47.3042,31.6842,22.6275,
68992,"SUCCEEDED","Cluster Iterator running iteration 1 over priorPath: hdfs://192.168.100.53:9000/HiBench/Keans/Output/clusters-0",0,,120,10,8,100,100,10,.7,.95,.5,.9,.1,1400,.85,60,40,1,4,2048,1664,1408,4,0,563,4016371685,11,35,6,5.83333,2.33928,97.3333,36.4676,28.2,18.7659,37,10,3.7,1.34536,59.2,30.5084,31.8889,19.6664,38,9,4.22222,2.04275,68.3333,46.6738,37.5625,22.8418,
48465,"SUCCEEDED","Cluster Classification Driver running over input: hdfs://192.168.100.53:9000/HiBench/Keans/Input_2/saples",0,,0,10,8,100,100,10,.7,.95,.5,.9,.1,1400,.85,60,40,1,4,2048,1664,1408,4,0,563,4016371685,11,35,6,5.83333,2.33928,97.3333,36.4676,28.2,18.7659,37,10,3.7,1.34536,59.2,30.5084,31.8889,19.6664,38,9,4.22222,2.04275,68.3333,46.6738,37.5625,22.8418,
253136,"SUCCEEDED","Cluster Iterator running iteration 1 over priorPath: hdfs://192.168.100.53:9000/HiBench/Keans/Output/clusters-0",0,,88,4,6,100,40,5,.9,.85,.2,.9,.7,1200,.75,100,60,2,2,1920,1408,1280,3,0,593,10040917091,11,42,9,4.66667,2.98142,65,45.8718,23.5,20.8006,34,11,3.09091,1.83177,54.2727,44.4729,30.4737,23.8843,41,14,3.07692,2.12898,46.0769,37.294,25.1304,22.1365,
169506,"SUCCEEDED","Cluster Classification Driver running over input: hdfs://192.168.100.53:9000/HiBench/Keans/Input_3/saples",0,,0,4,6,100,40,5,.9,.85,.2,.9,.7,1200,.75,100,60,2,2,1920,1408,1280,3,0,593,10040917091,11,42,9,4.66667,2.98142,65,45.8718,23.5,20.8006,34,11,3.09091,1.83177,54.2727,44.4729,30.4737,23.8843,41,14,3.07692,2.12898,46.0769,37.294,25.1304,22.1365,
106493,"SUCCEEDED","Cluster Iterator running iteration 1 over priorPath: hdfs://192.168.100.53:9000/HiBench/Keans/Output/clusters-0",0,,121,4,6,150,10,20,1.0,.55,.2,.6,1.0,1400,.80,60,40,3,2,1664,2048,1152,1,0,729,10040917091,11,42,9,4.66667,2.98142,65,45.8718,23.5,20.8006,34,11,3.09091,1.83177,54.2727,44.4729,30.4737,23.8843,41,14,3.07692,2.12898,46.0769,37.294,25.1304,22.1365,
134269,"SUCCEEDED","Cluster Classification Driver running over input: hdfs://192.168.100.53:9000/HiBench/Keans/Input_3/saples",0,,0,4,6,150,10,20,1.0,.55,.2,.6,1.0,1400,.80,60,40,3,2,1664,2048,1152,1,0,729,10040917091,11,42,9,4.66667,2.98142,65,45.8718,23.5,20.8006,34,11,3.09091,1.83177,54.2727,44.4729,30.4737,23.8843,41,14,3.07692,2.12898,46.0769,37.294,25.1304,22.1365,
279428,"SUCCEEDED","Cluster Iterator running iteration 1 over priorPath: hdfs://192.168.100.53:9000/HiBench/Keans/Output/clusters-0",0,,9,4,10,110,70,10,.9,.95,.2,.7,.7,600,.50,50,50,3,4,1152,1152,1024,2,0,401,20081826210,11,38,11,3.45455,2.42576,56.0909,45.1351,27.3182,21.9512,47,16,2.9375,1.67589,39.5625,28.2488,22.4815,17.6936,41,10,4.1,2.62488,61.9,47.3042,31.6842,22.6275,
503672,"SUCCEEDED","Cluster Classification Driver running over input: hdfs://192.168.100.53:9000/HiBench/Keans/Input_4/saples",0,,0,4,10,110,70,10,.9,.95,.2,.7,.7,600,.50,50,50,3,4,1152,1152,1024,2,0,401,20081826210,11,38,11,3.45455,2.42576,56.0909,45.1351,27.3182,21.9512,47,16,2.9375,1.67589,39.5625,28.2488,22.4815,17.6936,41,10,4.1,2.62488,61.9,47.3042,31.6842,22.6275,
85601,"SUCCEEDED","Cluster Iterator running iteration 1 over priorPath: hdfs://192.168.100.53:9000/HiBench/Keans/Output/clusters-0",0,,115,2,12,150,80,15,.8,.85,.4,.8,.6,1200,.55,70,50,1,2,1536,1152,1408,1,0,436,4016371685,11,35,6,5.83333,2.33928,97.3333,36.4676,28.2,18.7659,37,10,3.7,1.34536,59.2,30.5084,31.8889,19.6664,38,9,4.22222,2.04275,68.3333,46.6738,37.5625,22.8418,
82166,"SUCCEEDED","Cluster Classification Driver running over input: hdfs://192.168.100.53:9000/HiBench/Keans/Input_2/saples",0,,0,2,12,150,80,15,.8,.85,.4,.8,.6,1200,.55,70,50,1,2,1536,1152,1408,1,0,436,4016371685,11,35,6,5.83333,2.33928,97.3333,36.4676,28.2,18.7659,37,10,3.7,1.34536,59.2,30.5084,31.8889,19.6664,38,9,4.22222,2.04275,68.3333,46.6738,37.5625,22.8418,
39031,"SUCCEEDED","Cluster Iterator running iteration 1 over priorPath: hdfs://192.168.100.53:9000/HiBench/Keans/Output/clusters-0",0,,97,8,12,150,40,5,1.0,.75,.2,.8,.9,1400,.10,100,40,3,2,2048,1920,1152,3,0,811,602462587,11,40,9,4.44444,2.45452,67.2222,44.2412,29.3,16.8734,49,9,5.44444,3.2356,67.3333,41.8569,20.6429,15.8502,48,9,5.33333,3.74166,68.2222,47.679,23.64,16.6586,
20093,"SUCCEEDED","Cluster Classification Driver running over input: hdfs://192.168.100.53:9000/HiBench/Keans/Input_1/saples",0,,0,8,12,150,40,5,1.0,.75,.2,.8,.9,1400,.10,100,40,3,2,2048,1920,1152,3,0,811,602462587,11,40,9,4.44444,2.45452,67.2222,44.2412,29.3,16.8734,49,9,5.44444,3.2356,67.3333,41.8569,20.6429,15.8502,48,9,5.33333,3.74166,68.2222,47.679,23.64,16.6586,
65593,"SUCCEEDED","Cluster Iterator running iteration 1 over priorPath: hdfs://192.168.100.53:9000/HiBench/Keans/Output/clusters-0",0,,97,2,2,100,100,5,.9,.80,.3,.5,.4,900,.90,30,60,1,1,1792,1920,1024,1,0,565,4016371685,11,35,6,5.83333,2.33928,97.3333,36.4676,28.2,18.7659,37,10,3.7,1.34536,59.2,30.5084,31.8889,19.6664,38,9,4.22222,2.04275,68.3333,46.6738,37.5625,22.8418,
59028,"SUCCEEDED","Cluster Classification Driver running over input: hdfs://192.168.100.53:9000/HiBench/Keans/Input_2/saples",0,,0,2,2,100,100,5,.9,.80,.3,.5,.4,900,.90,30,60,1,1,1792,1920,1024,1,0,565,4016371685,11,35,6,5.83333,2.33928,97.3333,36.4676,28.2,18.7659,37,10,3.7,1.34536,59.2,30.5084,31.8889,19.6664,38,9,4.22222,2.04275,68.3333,46.6738,37.5625,22.8418,
175282,"SUCCEEDED","Cluster Iterator running iteration 1 over priorPath: hdfs://192.168.100.53:9000/HiBench/Keans/Output/clusters-0",0,,63,2,12,130,60,15,.8,.95,.3,.6,1.0,1400,1.00,40,40,2,2,1280,1024,1024,1,0,754,20081826210,11,38,11,3.45455,2.42576,56.0909,45.1351,27.3182,21.9512,47,16,2.9375,1.67589,39.5625,28.2488,22.4815,17.6936,41,10,4.1,2.62488,61.9,47.3042,31.6842,22.6275,
285249,"SUCCEEDED","Cluster Classification Driver running over input: hdfs://192.168.100.53:9000/HiBench/Keans/Input_4/saples",0,,0,2,12,130,60,15,.8,.95,.3,.6,1.0,1400,1.00,40,40,2,2,1280,1024,1024,1,0,754,20081826210,11,38,11,3.45455,2.42576,56.0909,45.1351,27.3182,21.9512,47,16,2.9375,1.67589,39.5625,28.2488,22.4815,17.6936,41,10,4.1,2.62488,61.9,47.3042,31.6842,22.6275,
43035,"SUCCEEDED","Cluster Iterator running iteration 1 over priorPath: hdfs://192.168.100.53:9000/HiBench/Keans/Output/clusters-0",0,,118,4,10,150,20,15,1.0,.80,.4,.5,.9,1500,.45,90,40,1,1,1024,1664,1536,1,0,626,602462587,11,40,9,4.44444,2.45452,67.2222,44.2412,29.3,16.8734,49,9,5.44444,3.2356,67.3333,41.8569,20.6429,15.8502,48,9,5.33333,3.74166,68.2222,47.679,23.64,16.6586,
18405,"SUCCEEDED","Cluster Classification Driver running over input: hdfs://192.168.100.53:9000/HiBench/Keans/Input_1/saples",0,,0,4,10,150,20,15,1.0,.80,.4,.5,.9,1500,.45,90,40,1,1,1024,1664,1536,1,0,626,602462587,11,40,9,4.44444,2.45452,67.2222,44.2412,29.3,16.8734,49,9,5.44444,3.2356,67.3333,41.8569,20.6429,15.8502,48,9,5.33333,3.74166,68.2222,47.679,23.64,16.6586,
234413,"SUCCEEDED","Cluster Iterator running iteration 1 over priorPath: hdfs://192.168.100.53:9000/HiBench/Keans/Output/clusters-0",0,,43,6,12,100,60,20,.8,.60,.3,.5,.1,1600,.85,60,60,4,2,1536,1024,1152,1,0,826,20081826210,11,38,11,3.45455,2.42576,56.0909,45.1351,27.3182,21.9512,47,16,2.9375,1.67589,39.5625,28.2488,22.4815,17.6936,41,10,4.1,2.62488,61.9,47.3042,31.6842,22.6275,
414742,"SUCCEEDED","Cluster Classification Driver running over input: hdfs://192.168.100.53:9000/HiBench/Keans/Input_4/saples",0,,0,6,12,100,60,20,.8,.60,.3,.5,.1,1600,.85,60,60,4,2,1536,1024,1152,1,0,826,20081826210,11,38,11,3.45455,2.42576,56.0909,45.1351,27.3182,21.9512,47,16,2.9375,1.67589,39.5625,28.2488,22.4815,17.6936,41,10,4.1,2.62488,61.9,47.3042,31.6842,22.6275,
159459,"SUCCEEDED","Cluster Iterator running iteration 1 over priorPath: hdfs://192.168.100.53:9000/HiBench/Keans/Output/clusters-0",0,,51,4,12,100,20,20,.7,.95,.4,.5,.5,1900,.85,30,40,2,2,1152,1024,2048,4,0,386,10040917091,11,42,9,4.66667,2.98142,65,45.8718,23.5,20.8006,34,11,3.09091,1.83177,54.2727,44.4729,30.4737,23.8843,41,14,3.07692,2.12898,46.0769,37.294,25.1304,22.1365,
181416,"SUCCEEDED","Cluster Classification Driver running over input: hdfs://192.168.100.53:9000/HiBench/Keans/Input_3/saples",0,,0,4,12,100,20,20,.7,.95,.4,.5,.5,1900,.85,30,40,2,2,1152,1024,2048,4,0,386,10040917091,11,42,9,4.66667,2.98142,65,45.8718,23.5,20.8006,34,11,3.09091,1.83177,54.2727,44.4729,30.4737,23.8843,41,14,3.07692,2.12898,46.0769,37.294,25.1304,22.1365,
44186,"SUCCEEDED","Cluster Iterator running iteration 1 over priorPath: hdfs://192.168.100.53:9000/HiBench/Keans/Output/clusters-0",0,,123,12,6,140,30,15,.8,.80,.4,.7,.6,1300,.85,70,50,2,1,1920,1280,1152,4,0,580,602462587,11,40,9,4.44444,2.45452,67.2222,44.2412,29.3,16.8734,49,9,5.44444,3.2356,67.3333,41.8569,20.6429,15.8502,48,9,5.33333,3.74166,68.2222,47.679,23.64,16.6586,
19212,"SUCCEEDED","Cluster Classification Driver running over input: hdfs://192.168.100.53:9000/HiBench/Keans/Input_1/saples",0,,0,12,6,140,30,15,.8,.80,.4,.7,.6,1300,.85,70,50,2,1,1920,1280,1152,4,0,580,602462587,11,40,9,4.44444,2.45452,67.2222,44.2412,29.3,16.8734,49,9,5.44444,3.2356,67.3333,41.8569,20.6429,15.8502,48,9,5.33333,3.74166,68.2222,47.679,23.64,16.6586,
90823,"SUCCEEDED","Cluster Iterator running iteration 1 over priorPath: hdfs://192.168.100.53:9000/HiBench/Keans/Output/clusters-0",0,,107,6,4,130,30,20,1.0,.80,.3,.5,1.0,600,.05,20,60,1,1,2048,1536,1408,4,0,336,4016371685,11,35,6,5.83333,2.33928,97.3333,36.4676,28.2,18.7659,37,10,3.7,1.34536,59.2,30.5084,31.8889,19.6664,38,9,4.22222,2.04275,68.3333,46.6738,37.5625,22.8418,
50050,"SUCCEEDED","Cluster Classification Driver running over input: hdfs://192.168.100.53:9000/HiBench/Keans/Input_2/saples",0,,0,6,4,130,30,20,1.0,.80,.3,.5,1.0,600,.05,20,60,1,1,2048,1536,1408,4,0,336,4016371685,11,35,6,5.83333,2.33928,97.3333,36.4676,28.2,18.7659,37,10,3.7,1.34536,59.2,30.5084,31.8889,19.6664,38,9,4.22222,2.04275,68.3333,46.6738,37.5625,22.8418,
43271,"SUCCEEDED","Cluster Iterator running iteration 1 over priorPath: hdfs://192.168.100.53:9000/HiBench/Keans/Output/clusters-0",0,,118,2,12,150,30,15,1.0,.80,.4,.7,.3,1300,1.00,100,40,1,3,1408,1920,1024,1,0,930,602462587,11,40,9,4.44444,2.45452,67.2222,44.2412,29.3,16.8734,49,9,5.44444,3.2356,67.3333,41.8569,20.6429,15.8502,48,9,5.33333,3.74166,68.2222,47.679,23.64,16.6586,
21294,"SUCCEEDED","Cluster Classification Driver running over input: hdfs://192.168.100.53:9000/HiBench/Keans/Input_1/saples",0,,0,2,12,150,30,15,1.0,.80,.4,.7,.3,1300,1.00,100,40,1,3,1408,1920,1024,1,0,930,602462587,11,40,9,4.44444,2.45452,67.2222,44.2412,29.3,16.8734,49,9,5.44444,3.2356,67.3333,41.8569,20.6429,15.8502,48,9,5.33333,3.74166,68.2222,47.679,23.64,16.6586,
45387,"SUCCEEDED","Cluster Iterator running iteration 1 over priorPath: hdfs://192.168.100.53:9000/HiBench/Keans/Output/clusters-0",0,,124,12,10,100,100,15,.7,.90,.4,.6,1.0,1300,.95,60,40,4,2,1408,2048,1536,2,0,872,602462587,11,40,9,4.44444,2.45452,67.2222,44.2412,29.3,16.8734,49,9,5.44444,3.2356,67.3333,41.8569,20.6429,15.8502,48,9,5.33333,3.74166,68.2222,47.679,23.64,16.6586,
18874,"SUCCEEDED","Cluster Classification Driver running over input: hdfs://192.168.100.53:9000/HiBench/Keans/Input_1/saples",0,,0,12,10,100,100,15,.7,.90,.4,.6,1.0,1300,.95,60,40,4,2,1408,2048,1536,2,0,872,602462587,11,40,9,4.44444,2.45452,67.2222,44.2412,29.3,16.8734,49,9,5.44444,3.2356,67.3333,41.8569,20.6429,15.8502,48,9,5.33333,3.74166,68.2222,47.679,23.64,16.6586,
115789,"SUCCEEDED","Cluster Iterator running iteration 1 over priorPath: hdfs://192.168.100.53:9000/HiBench/Keans/Output/clusters-0",0,,91,12,12,120,30,15,.6,.55,.3,.9,.4,2000,.05,10,50,2,1,1152,1152,1536,1,0,239,10040917091,11,42,9,4.66667,2.98142,65,45.8718,23.5,20.8006,34,11,3.09091,1.83177,54.2727,44.4729,30.4737,23.8843,41,14,3.07692,2.12898,46.0769,37.294,25.1304,22.1365,
174949,"SUCCEEDED","Cluster Classification Driver running over input: hdfs://192.168.100.53:9000/HiBench/Keans/Input_3/saples",0,,0,12,12,120,30,15,.6,.55,.3,.9,.4,2000,.05,10,50,2,1,1152,1152,1536,1,0,239,10040917091,11,42,9,4.66667,2.98142,65,45.8718,23.5,20.8006,34,11,3.09091,1.83177,54.2727,44.4729,30.4737,23.8843,41,14,3.07692,2.12898,46.0769,37.294,25.1304,22.1365,
52650,"SUCCEEDED","Cluster Iterator running iteration 1 over priorPath: hdfs://192.168.100.53:9000/HiBench/Keans/Output/clusters-0",0,,54,4,2,130,50,20,.8,.50,.4,.9,.4,1800,.30,70,60,2,3,1152,1280,1664,1,0,649,4016371685,11,35,6,5.83333,2.33928,97.3333,36.4676,28.2,18.7659,37,10,3.7,1.34536,59.2,30.5084,31.8889,19.6664,38,9,4.22222,2.04275,68.3333,46.6738,37.5625,22.8418,
49837,"SUCCEEDED","Cluster Classification Driver running over input: hdfs://192.168.100.53:9000/HiBench/Keans/Input_2/saples",0,,0,4,2,130,50,20,.8,.50,.4,.9,.4,1800,.30,70,60,2,3,1152,1280,1664,1,0,649,4016371685,11,35,6,5.83333,2.33928,97.3333,36.4676,28.2,18.7659,37,10,3.7,1.34536,59.2,30.5084,31.8889,19.6664,38,9,4.22222,2.04275,68.3333,46.6738,37.5625,22.8418,
388775,"SUCCEEDED","Cluster Iterator running iteration 1 over priorPath: hdfs://192.168.100.53:9000/HiBench/Keans/Output/clusters-0",0,,27,12,6,120,50,15,1.0,.90,.4,.9,.7,700,.60,10,60,2,4,1024,1152,1280,2,0,955,20081826210,11,38,11,3.45455,2.42576,56.0909,45.1351,27.3182,21.9512,47,16,2.9375,1.67589,39.5625,28.2488,22.4815,17.6936,41,10,4.1,2.62488,61.9,47.3042,31.6842,22.6275,
615336,"SUCCEEDED","Cluster Classification Driver running over input: hdfs://192.168.100.53:9000/HiBench/Keans/Input_4/saples",0,,0,12,6,120,50,15,1.0,.90,.4,.9,.7,700,.60,10,60,2,4,1024,1152,1280,2,0,955,20081826210,11,38,11,3.45455,2.42576,56.0909,45.1351,27.3182,21.9512,47,16,2.9375,1.67589,39.5625,28.2488,22.4815,17.6936,41,10,4.1,2.62488,61.9,47.3042,31.6842,22.6275,
165714,"SUCCEEDED","Cluster Iterator running iteration 1 over priorPath: hdfs://192.168.100.53:9000/HiBench/Keans/Output/clusters-0",0,,58,4,4,100,100,20,.5,.85,.2,.7,.8,1800,1.00,40,50,2,4,1152,1920,1792,2,0,868,10040917091,11,42,9,4.66667,2.98142,65,45.8718,23.5,20.8006,34,11,3.09091,1.83177,54.2727,44.4729,30.4737,23.8843,41,14,3.07692,2.12898,46.0769,37.294,25.1304,22.1365,
183849,"SUCCEEDED","Cluster Classification Driver running over input: hdfs://192.168.100.53:9000/HiBench/Keans/Input_3/saples",0,,0,4,4,100,100,20,.5,.85,.2,.7,.8,1800,1.00,40,50,2,4,1152,1920,1792,2,0,868,10040917091,11,42,9,4.66667,2.98142,65,45.8718,23.5,20.8006,34,11,3.09091,1.83177,54.2727,44.4729,30.4737,23.8843,41,14,3.07692,2.12898,46.0769,37.294,25.1304,22.1365,
104927,"SUCCEEDED","Cluster Iterator running iteration 1 over priorPath: hdfs://192.168.100.53:9000/HiBench/Keans/Output/clusters-0",0,,58,10,2,140,40,10,.6,.75,.4,.7,.5,800,.95,50,50,3,3,1664,1152,1664,2,0,809,10040917091,11,42,9,4.66667,2.98142,65,45.8718,23.5,20.8006,34,11,3.09091,1.83177,54.2727,44.4729,30.4737,23.8843,41,14,3.07692,2.12898,46.0769,37.294,25.1304,22.1365,
170505,"SUCCEEDED","Cluster Classification Driver running over input: hdfs://192.168.100.53:9000/HiBench/Keans/Input_3/saples",0,,0,10,2,140,40,10,.6,.75,.4,.7,.5,800,.95,50,50,3,3,1664,1152,1664,2,0,809,10040917091,11,42,9,4.66667,2.98142,65,45.8718,23.5,20.8006,34,11,3.09091,1.83177,54.2727,44.4729,30.4737,23.8843,41,14,3.07692,2.12898,46.0769,37.294,25.1304,22.1365,
116838,"SUCCEEDED","Cluster Iterator running iteration 1 over priorPath: hdfs://192.168.100.53:9000/HiBench/Keans/Output/clusters-0",0,,86,2,6,110,70,15,.9,.95,.2,.7,1.0,1700,.30,70,50,2,3,1920,1280,1408,2,0,583,10040917091,11,42,9,4.66667,2.98142,65,45.8718,23.5,20.8006,34,11,3.09091,1.83177,54.2727,44.4729,30.4737,23.8843,41,14,3.07692,2.12898,46.0769,37.294,25.1304,22.1365,
155151,"SUCCEEDED","Cluster Classification Driver running over input: hdfs://192.168.100.53:9000/HiBench/Keans/Input_3/saples",0,,0,2,6,110,70,15,.9,.95,.2,.7,1.0,1700,.30,70,50,2,3,1920,1280,1408,2,0,583,10040917091,11,42,9,4.66667,2.98142,65,45.8718,23.5,20.8006,34,11,3.09091,1.83177,54.2727,44.4729,30.4737,23.8843,41,14,3.07692,2.12898,46.0769,37.294,25.1304,22.1365,
30466,"SUCCEEDED","Cluster Iterator running iteration 1 over priorPath: hdfs://192.168.100.53:9000/HiBench/Keans/Output/clusters-0",0,,42,12,4,120,70,15,.5,.85,.2,.8,.7,1900,.30,50,40,1,3,1536,1792,1280,4,0,390,602462587,11,40,9,4.44444,2.45452,67.2222,44.2412,29.3,16.8734,49,9,5.44444,3.2356,67.3333,41.8569,20.6429,15.8502,48,9,5.33333,3.74166,68.2222,47.679,23.64,16.6586,
18025,"SUCCEEDED","Cluster Classification Driver running over input: hdfs://192.168.100.53:9000/HiBench/Keans/Input_1/saples",0,,0,12,4,120,70,15,.5,.85,.2,.8,.7,1900,.30,50,40,1,3,1536,1792,1280,4,0,390,602462587,11,40,9,4.44444,2.45452,67.2222,44.2412,29.3,16.8734,49,9,5.44444,3.2356,67.3333,41.8569,20.6429,15.8502,48,9,5.33333,3.74166,68.2222,47.679,23.64,16.6586,
232890,"SUCCEEDED","Cluster Iterator running iteration 1 over priorPath: hdfs://192.168.100.53:9000/HiBench/Keans/Output/clusters-0",0,,58,10,8,140,60,10,1.0,.95,.3,.8,.2,1000,.50,40,40,1,4,1536,1280,1536,2,0,639,20081826210,11,38,11,3.45455,2.42576,56.0909,45.1351,27.3182,21.9512,47,16,2.9375,1.67589,39.5625,28.2488,22.4815,17.6936,41,10,4.1,2.62488,61.9,47.3042,31.6842,22.6275,
626091,"SUCCEEDED","Cluster Classification Driver running over input: hdfs://192.168.100.53:9000/HiBench/Keans/Input_4/saples",0,,0,10,8,140,60,10,1.0,.95,.3,.8,.2,1000,.50,40,40,1,4,1536,1280,1536,2,0,639,20081826210,11,38,11,3.45455,2.42576,56.0909,45.1351,27.3182,21.9512,47,16,2.9375,1.67589,39.5625,28.2488,22.4815,17.6936,41,10,4.1,2.62488,61.9,47.3042,31.6842,22.6275,
77000,"SUCCEEDED","Cluster Iterator running iteration 1 over priorPath: hdfs://192.168.100.53:9000/HiBench/Keans/Output/clusters-0",0,,8,4,6,150,50,5,1.0,.75,.5,.5,.5,1700,.50,30,40,3,2,1024,1024,2048,1,0,208,4016371685,11,35,6,5.83333,2.33928,97.3333,36.4676,28.2,18.7659,37,10,3.7,1.34536,59.2,30.5084,31.8889,19.6664,38,9,4.22222,2.04275,68.3333,46.6738,37.5625,22.8418,
83848,"SUCCEEDED","Cluster Classification Driver running over input: hdfs://192.168.100.53:9000/HiBench/Keans/Input_2/saples",0,,0,4,6,150,50,5,1.0,.75,.5,.5,.5,1700,.50,30,40,3,2,1024,1024,2048,1,0,208,4016371685,11,35,6,5.83333,2.33928,97.3333,36.4676,28.2,18.7659,37,10,3.7,1.34536,59.2,30.5084,31.8889,19.6664,38,9,4.22222,2.04275,68.3333,46.6738,37.5625,22.8418,
48556,"SUCCEEDED","Cluster Iterator running iteration 1 over priorPath: hdfs://192.168.100.53:9000/HiBench/Keans/Output/clusters-0",0,,14,2,12,130,80,10,.9,.50,.2,.7,.4,1400,.05,30,40,3,4,1024,1920,1152,3,0,814,4016371685,11,35,6,5.83333,2.33928,97.3333,36.4676,28.2,18.7659,37,10,3.7,1.34536,59.2,30.5084,31.8889,19.6664,38,9,4.22222,2.04275,68.3333,46.6738,37.5625,22.8418,
56240,"SUCCEEDED","Cluster Classification Driver running over input: hdfs://192.168.100.53:9000/HiBench/Keans/Input_2/saples",0,,0,2,12,130,80,10,.9,.50,.2,.7,.4,1400,.05,30,40,3,4,1024,1920,1152,3,0,814,4016371685,11,35,6,5.83333,2.33928,97.3333,36.4676,28.2,18.7659,37,10,3.7,1.34536,59.2,30.5084,31.8889,19.6664,38,9,4.22222,2.04275,68.3333,46.6738,37.5625,22.8418,
