19340,"SUCCEEDED","Pagerank_Stage1",12,6,48,12,8,110,50,15,.9,.70,.5,.6,0,1400,.90,60,50,1,3,1152,2048,1408,2,0,987,1811191,16,219,110,1.99091,0.0949119,9.3,0.91998,3.67123,0.670067,218,110,1.98182,0.189824,9.30909,1.1261,3.69266,0.643985,218,109,2,0,9.3945,0.801585,3.69725,0.642595,
26692,"SUCCEEDED","Pagerank_Stage2",12,6,48,12,8,110,50,15,.9,.70,.5,.6,0,1400,.90,60,50,1,3,1152,2048,1408,2,0,987,1811191,16,219,110,1.99091,0.0949119,9.3,0.91998,3.67123,0.670067,218,110,1.98182,0.189824,9.30909,1.1261,3.69266,0.643985,218,109,2,0,9.3945,0.801585,3.69725,0.642595,
34975,"SUCCEEDED","Pagerank_Stage1",12,6,48,12,8,110,50,15,.9,.70,.5,.6,0,1400,.90,60,50,1,3,1152,2048,1408,2,0,987,1811191,16,219,110,1.99091,0.0949119,9.3,0.91998,3.67123,0.670067,218,110,1.98182,0.189824,9.30909,1.1261,3.69266,0.643985,218,109,2,0,9.3945,0.801585,3.69725,0.642595,
26683,"SUCCEEDED","Pagerank_Stage2",12,6,48,12,8,110,50,15,.9,.70,.5,.6,0,1400,.90,60,50,1,3,1152,2048,1408,2,0,987,1811191,16,219,110,1.99091,0.0949119,9.3,0.91998,3.67123,0.670067,218,110,1.98182,0.189824,9.30909,1.1261,3.69266,0.643985,218,109,2,0,9.3945,0.801585,3.69725,0.642595,
34072,"SUCCEEDED","Pagerank_Stage1",12,6,48,12,8,110,50,15,.9,.70,.5,.6,0,1400,.90,60,50,1,3,1152,2048,1408,2,0,987,1811191,16,219,110,1.99091,0.0949119,9.3,0.91998,3.67123,0.670067,218,110,1.98182,0.189824,9.30909,1.1261,3.69266,0.643985,218,109,2,0,9.3945,0.801585,3.69725,0.642595,
26794,"SUCCEEDED","Pagerank_Stage2",12,6,48,12,8,110,50,15,.9,.70,.5,.6,0,1400,.90,60,50,1,3,1152,2048,1408,2,0,987,1811191,16,219,110,1.99091,0.0949119,9.3,0.91998,3.67123,0.670067,218,110,1.98182,0.189824,9.30909,1.1261,3.69266,0.643985,218,109,2,0,9.3945,0.801585,3.69725,0.642595,
70819,"SUCCEEDED","Pagerank_Stage1",12,6,116,4,10,130,100,20,.8,.50,.3,.9,1.0,1100,.40,10,40,2,3,1536,1408,1024,3,0,962,2993448066,16,132,66,2,0,15.5152,0.743506,6.75758,0.578939,133,67,1.98507,0.121254,15.2687,1.27645,6.69173,0.716932,132,66,2,0,15.5152,0.743506,6.75758,0.578939,
110225,"SUCCEEDED","Pagerank_Stage2",12,6,116,4,10,130,100,20,.8,.50,.3,.9,1.0,1100,.40,10,40,2,3,1536,1408,1024,3,0,962,2993448066,16,132,66,2,0,15.5152,0.743506,6.75758,0.578939,133,67,1.98507,0.121254,15.2687,1.27645,6.69173,0.716932,132,66,2,0,15.5152,0.743506,6.75758,0.578939,
143813,"SUCCEEDED","Pagerank_Stage1",12,6,116,4,10,130,100,20,.8,.50,.3,.9,1.0,1100,.40,10,40,2,3,1536,1408,1024,3,0,962,2993448066,16,132,66,2,0,15.5152,0.743506,6.75758,0.578939,133,67,1.98507,0.121254,15.2687,1.27645,6.69173,0.716932,132,66,2,0,15.5152,0.743506,6.75758,0.578939,
113470,"SUCCEEDED","Pagerank_Stage2",12,6,116,4,10,130,100,20,.8,.50,.3,.9,1.0,1100,.40,10,40,2,3,1536,1408,1024,3,0,962,2993448066,16,132,66,2,0,15.5152,0.743506,6.75758,0.578939,133,67,1.98507,0.121254,15.2687,1.27645,6.69173,0.716932,132,66,2,0,15.5152,0.743506,6.75758,0.578939,
149371,"SUCCEEDED","Pagerank_Stage1",12,6,116,4,10,130,100,20,.8,.50,.3,.9,1.0,1100,.40,10,40,2,3,1536,1408,1024,3,0,962,2993448066,16,132,66,2,0,15.5152,0.743506,6.75758,0.578939,133,67,1.98507,0.121254,15.2687,1.27645,6.69173,0.716932,132,66,2,0,15.5152,0.743506,6.75758,0.578939,
124019,"SUCCEEDED","Pagerank_Stage2",12,6,116,4,10,130,100,20,.8,.50,.3,.9,1.0,1100,.40,10,40,2,3,1536,1408,1024,3,0,962,2993448066,16,132,66,2,0,15.5152,0.743506,6.75758,0.578939,133,67,1.98507,0.121254,15.2687,1.27645,6.69173,0.716932,132,66,2,0,15.5152,0.743506,6.75758,0.578939,
63640,"SUCCEEDED","Pagerank_Stage1",12,6,58,2,6,150,80,15,1.0,.90,.2,.8,.8,1100,.45,40,60,3,2,1536,1280,1408,2,0,360,2993448066,16,132,66,2,0,15.5152,0.743506,6.75758,0.578939,133,67,1.98507,0.121254,15.2687,1.27645,6.69173,0.716932,132,66,2,0,15.5152,0.743506,6.75758,0.578939,
60477,"SUCCEEDED","Pagerank_Stage2",12,6,58,2,6,150,80,15,1.0,.90,.2,.8,.8,1100,.45,40,60,3,2,1536,1280,1408,2,0,360,2993448066,16,132,66,2,0,15.5152,0.743506,6.75758,0.578939,133,67,1.98507,0.121254,15.2687,1.27645,6.69173,0.716932,132,66,2,0,15.5152,0.743506,6.75758,0.578939,
95497,"SUCCEEDED","Pagerank_Stage1",12,6,58,2,6,150,80,15,1.0,.90,.2,.8,.8,1100,.45,40,60,3,2,1536,1280,1408,2,0,360,2993448066,16,132,66,2,0,15.5152,0.743506,6.75758,0.578939,133,67,1.98507,0.121254,15.2687,1.27645,6.69173,0.716932,132,66,2,0,15.5152,0.743506,6.75758,0.578939,
81244,"SUCCEEDED","Pagerank_Stage2",12,6,58,2,6,150,80,15,1.0,.90,.2,.8,.8,1100,.45,40,60,3,2,1536,1280,1408,2,0,360,2993448066,16,132,66,2,0,15.5152,0.743506,6.75758,0.578939,133,67,1.98507,0.121254,15.2687,1.27645,6.69173,0.716932,132,66,2,0,15.5152,0.743506,6.75758,0.578939,
100593,"SUCCEEDED","Pagerank_Stage1",12,6,58,2,6,150,80,15,1.0,.90,.2,.8,.8,1100,.45,40,60,3,2,1536,1280,1408,2,0,360,2993448066,16,132,66,2,0,15.5152,0.743506,6.75758,0.578939,133,67,1.98507,0.121254,15.2687,1.27645,6.69173,0.716932,132,66,2,0,15.5152,0.743506,6.75758,0.578939,
78821,"SUCCEEDED","Pagerank_Stage2",12,6,58,2,6,150,80,15,1.0,.90,.2,.8,.8,1100,.45,40,60,3,2,1536,1280,1408,2,0,360,2993448066,16,132,66,2,0,15.5152,0.743506,6.75758,0.578939,133,67,1.98507,0.121254,15.2687,1.27645,6.69173,0.716932,132,66,2,0,15.5152,0.743506,6.75758,0.578939,
22830,"SUCCEEDED","Pagerank_Stage1",12,6,66,10,12,130,70,15,.6,.55,.3,.7,.8,2000,.05,30,60,2,3,2048,1408,1280,3,0,407,259947887,16,154,77,2,0,13.2987,0.898266,5.64935,0.725531,155,78,1.98718,0.1125,13.1282,1.43544,5.60645,0.82303,155,78,1.98718,0.1125,13.1154,1.26065,5.6,0.791894,
37692,"SUCCEEDED","Pagerank_Stage2",12,6,66,10,12,130,70,15,.6,.55,.3,.7,.8,2000,.05,30,60,2,3,2048,1408,1280,3,0,407,259947887,16,154,77,2,0,13.2987,0.898266,5.64935,0.725531,155,78,1.98718,0.1125,13.1282,1.43544,5.60645,0.82303,155,78,1.98718,0.1125,13.1154,1.26065,5.6,0.791894,
51279,"SUCCEEDED","Pagerank_Stage1",12,6,66,10,12,130,70,15,.6,.55,.3,.7,.8,2000,.05,30,60,2,3,2048,1408,1280,3,0,407,259947887,16,154,77,2,0,13.2987,0.898266,5.64935,0.725531,155,78,1.98718,0.1125,13.1282,1.43544,5.60645,0.82303,155,78,1.98718,0.1125,13.1154,1.26065,5.6,0.791894,
37902,"SUCCEEDED","Pagerank_Stage2",12,6,66,10,12,130,70,15,.6,.55,.3,.7,.8,2000,.05,30,60,2,3,2048,1408,1280,3,0,407,531470496,16,150,76,1.97368,0.227901,13.4737,1.59336,5.82,0.517301,151,76,1.98684,0.113951,13.4737,1.17511,5.78146,0.60783,152,76,2,0,13.4737,1.01921,5.73684,0.767231,
49144,"SUCCEEDED","Pagerank_Stage1",12,6,66,10,12,130,70,15,.6,.55,.3,.7,.8,2000,.05,30,60,2,3,2048,1408,1280,3,0,407,259947887,16,154,77,2,0,13.2987,0.898266,5.64935,0.725531,155,78,1.98718,0.1125,13.1282,1.43544,5.60645,0.82303,155,78,1.98718,0.1125,13.1154,1.26065,5.6,0.791894,
38825,"SUCCEEDED","Pagerank_Stage2",12,6,66,10,12,130,70,15,.6,.55,.3,.7,.8,2000,.05,30,60,2,3,2048,1408,1280,3,0,407,531470496,16,150,76,1.97368,0.227901,13.4737,1.59336,5.82,0.517301,151,76,1.98684,0.113951,13.4737,1.17511,5.78146,0.60783,152,76,2,0,13.4737,1.01921,5.73684,0.767231,
70789,"SUCCEEDED","Pagerank_Stage1",12,6,110,4,6,120,30,20,.8,.70,.3,.7,.5,500,.65,30,60,4,3,1792,1280,1280,3,0,1006,2993448066,16,132,66,2,0,15.5152,0.743506,6.75758,0.578939,133,67,1.98507,0.121254,15.2687,1.27645,6.69173,0.716932,132,66,2,0,15.5152,0.743506,6.75758,0.578939,
108833,"SUCCEEDED","Pagerank_Stage2",12,6,110,4,6,120,30,20,.8,.70,.3,.7,.5,500,.65,30,60,4,3,1792,1280,1280,3,0,1006,2993448066,16,132,66,2,0,15.5152,0.743506,6.75758,0.578939,133,67,1.98507,0.121254,15.2687,1.27645,6.69173,0.716932,132,66,2,0,15.5152,0.743506,6.75758,0.578939,
148859,"SUCCEEDED","Pagerank_Stage1",12,6,110,4,6,120,30,20,.8,.70,.3,.7,.5,500,.65,30,60,4,3,1792,1280,1280,3,0,1006,2993448066,16,132,66,2,0,15.5152,0.743506,6.75758,0.578939,133,67,1.98507,0.121254,15.2687,1.27645,6.69173,0.716932,132,66,2,0,15.5152,0.743506,6.75758,0.578939,
113520,"SUCCEEDED","Pagerank_Stage2",12,6,110,4,6,120,30,20,.8,.70,.3,.7,.5,500,.65,30,60,4,3,1792,1280,1280,3,0,1006,2993448066,16,132,66,2,0,15.5152,0.743506,6.75758,0.578939,133,67,1.98507,0.121254,15.2687,1.27645,6.69173,0.716932,132,66,2,0,15.5152,0.743506,6.75758,0.578939,
149862,"SUCCEEDED","Pagerank_Stage1",12,6,110,4,6,120,30,20,.8,.70,.3,.7,.5,500,.65,30,60,4,3,1792,1280,1280,3,0,1006,2993448066,16,132,66,2,0,15.5152,0.743506,6.75758,0.578939,133,67,1.98507,0.121254,15.2687,1.27645,6.69173,0.716932,132,66,2,0,15.5152,0.743506,6.75758,0.578939,
117767,"SUCCEEDED","Pagerank_Stage2",12,6,110,4,6,120,30,20,.8,.70,.3,.7,.5,500,.65,30,60,4,3,1792,1280,1280,3,0,1006,2993448066,16,132,66,2,0,15.5152,0.743506,6.75758,0.578939,133,67,1.98507,0.121254,15.2687,1.27645,6.69173,0.716932,132,66,2,0,15.5152,0.743506,6.75758,0.578939,
17665,"SUCCEEDED","Pagerank_Stage1",12,6,50,4,6,100,70,10,.6,.65,.3,.9,.5,1700,.25,60,50,3,1,1024,1024,1408,4,0,461,1811191,16,219,110,1.99091,0.0949119,9.3,0.91998,3.67123,0.670067,218,110,1.98182,0.189824,9.30909,1.1261,3.69266,0.643985,218,109,2,0,9.3945,0.801585,3.69725,0.642595,
25686,"SUCCEEDED","Pagerank_Stage2",12,6,50,4,6,100,70,10,.6,.65,.3,.9,.5,1700,.25,60,50,3,1,1024,1024,1408,4,0,461,1811191,16,219,110,1.99091,0.0949119,9.3,0.91998,3.67123,0.670067,218,110,1.98182,0.189824,9.30909,1.1261,3.69266,0.643985,218,109,2,0,9.3945,0.801585,3.69725,0.642595,
33470,"SUCCEEDED","Pagerank_Stage1",12,6,50,4,6,100,70,10,.6,.65,.3,.9,.5,1700,.25,60,50,3,1,1024,1024,1408,4,0,461,1811191,16,219,110,1.99091,0.0949119,9.3,0.91998,3.67123,0.670067,218,110,1.98182,0.189824,9.30909,1.1261,3.69266,0.643985,218,109,2,0,9.3945,0.801585,3.69725,0.642595,
26050,"SUCCEEDED","Pagerank_Stage2",12,6,50,4,6,100,70,10,.6,.65,.3,.9,.5,1700,.25,60,50,3,1,1024,1024,1408,4,0,461,1811191,16,219,110,1.99091,0.0949119,9.3,0.91998,3.67123,0.670067,218,110,1.98182,0.189824,9.30909,1.1261,3.69266,0.643985,218,109,2,0,9.3945,0.801585,3.69725,0.642595,
34004,"SUCCEEDED","Pagerank_Stage1",12,6,50,4,6,100,70,10,.6,.65,.3,.9,.5,1700,.25,60,50,3,1,1024,1024,1408,4,0,461,1811191,16,219,110,1.99091,0.0949119,9.3,0.91998,3.67123,0.670067,218,110,1.98182,0.189824,9.30909,1.1261,3.69266,0.643985,218,109,2,0,9.3945,0.801585,3.69725,0.642595,
27534,"SUCCEEDED","Pagerank_Stage2",12,6,50,4,6,100,70,10,.6,.65,.3,.9,.5,1700,.25,60,50,3,1,1024,1024,1408,4,0,461,1811191,16,219,110,1.99091,0.0949119,9.3,0.91998,3.67123,0.670067,218,110,1.98182,0.189824,9.30909,1.1261,3.69266,0.643985,218,109,2,0,9.3945,0.801585,3.69725,0.642595,
51851,"SUCCEEDED","Pagerank_Stage1",12,6,123,4,8,150,50,15,.6,.60,.3,.6,.5,1000,.45,40,40,4,4,1408,1024,1152,1,0,491,531470496,16,150,76,1.97368,0.227901,13.4737,1.59336,5.82,0.517301,151,76,1.98684,0.113951,13.4737,1.17511,5.78146,0.60783,152,76,2,0,13.4737,1.01921,5.73684,0.767231,
101577,"SUCCEEDED","Pagerank_Stage2",12,6,123,4,8,150,50,15,.6,.60,.3,.6,.5,1000,.45,40,40,4,4,1408,1024,1152,1,0,491,531470496,16,150,76,1.97368,0.227901,13.4737,1.59336,5.82,0.517301,151,76,1.98684,0.113951,13.4737,1.17511,5.78146,0.60783,152,76,2,0,13.4737,1.01921,5.73684,0.767231,
118781,"SUCCEEDED","Pagerank_Stage1",12,6,123,4,8,150,50,15,.6,.60,.3,.6,.5,1000,.45,40,40,4,4,1408,1024,1152,1,0,491,531470496,16,150,76,1.97368,0.227901,13.4737,1.59336,5.82,0.517301,151,76,1.98684,0.113951,13.4737,1.17511,5.78146,0.60783,152,76,2,0,13.4737,1.01921,5.73684,0.767231,
102084,"SUCCEEDED","Pagerank_Stage2",12,6,123,4,8,150,50,15,.6,.60,.3,.6,.5,1000,.45,40,40,4,4,1408,1024,1152,1,0,491,531470496,16,150,76,1.97368,0.227901,13.4737,1.59336,5.82,0.517301,151,76,1.98684,0.113951,13.4737,1.17511,5.78146,0.60783,152,76,2,0,13.4737,1.01921,5.73684,0.767231,
129762,"SUCCEEDED","Pagerank_Stage1",12,6,123,4,8,150,50,15,.6,.60,.3,.6,.5,1000,.45,40,40,4,4,1408,1024,1152,1,0,491,531470496,16,150,76,1.97368,0.227901,13.4737,1.59336,5.82,0.517301,151,76,1.98684,0.113951,13.4737,1.17511,5.78146,0.60783,152,76,2,0,13.4737,1.01921,5.73684,0.767231,
112015,"SUCCEEDED","Pagerank_Stage2",12,6,123,4,8,150,50,15,.6,.60,.3,.6,.5,1000,.45,40,40,4,4,1408,1024,1152,1,0,491,531470496,16,150,76,1.97368,0.227901,13.4737,1.59336,5.82,0.517301,151,76,1.98684,0.113951,13.4737,1.17511,5.78146,0.60783,152,76,2,0,13.4737,1.01921,5.73684,0.767231,
64177,"SUCCEEDED","Pagerank_Stage1",12,6,16,8,4,120,20,20,.5,.70,.2,.9,.6,1400,.30,40,60,4,3,1664,1024,1536,3,0,799,2993448066,16,132,66,2,0,15.5152,0.743506,6.75758,0.578939,133,67,1.98507,0.121254,15.2687,1.27645,6.69173,0.716932,132,66,2,0,15.5152,0.743506,6.75758,0.578939,
67986,"SUCCEEDED","Pagerank_Stage2",12,6,16,8,4,120,20,20,.5,.70,.2,.9,.6,1400,.30,40,60,4,3,1664,1024,1536,3,0,799,2993448066,16,132,66,2,0,15.5152,0.743506,6.75758,0.578939,133,67,1.98507,0.121254,15.2687,1.27645,6.69173,0.716932,132,66,2,0,15.5152,0.743506,6.75758,0.578939,
90949,"SUCCEEDED","Pagerank_Stage1",12,6,16,8,4,120,20,20,.5,.70,.2,.9,.6,1400,.30,40,60,4,3,1664,1024,1536,3,0,799,2993448066,16,132,66,2,0,15.5152,0.743506,6.75758,0.578939,133,67,1.98507,0.121254,15.2687,1.27645,6.69173,0.716932,132,66,2,0,15.5152,0.743506,6.75758,0.578939,
85294,"SUCCEEDED","Pagerank_Stage2",12,6,16,8,4,120,20,20,.5,.70,.2,.9,.6,1400,.30,40,60,4,3,1664,1024,1536,3,0,799,2993448066,16,132,66,2,0,15.5152,0.743506,6.75758,0.578939,133,67,1.98507,0.121254,15.2687,1.27645,6.69173,0.716932,132,66,2,0,15.5152,0.743506,6.75758,0.578939,
93739,"SUCCEEDED","Pagerank_Stage1",12,6,16,8,4,120,20,20,.5,.70,.2,.9,.6,1400,.30,40,60,4,3,1664,1024,1536,3,0,799,2993448066,16,132,66,2,0,15.5152,0.743506,6.75758,0.578939,133,67,1.98507,0.121254,15.2687,1.27645,6.69173,0.716932,132,66,2,0,15.5152,0.743506,6.75758,0.578939,
92549,"SUCCEEDED","Pagerank_Stage2",12,6,16,8,4,120,20,20,.5,.70,.2,.9,.6,1400,.30,40,60,4,3,1664,1024,1536,3,0,799,2993448066,16,132,66,2,0,15.5152,0.743506,6.75758,0.578939,133,67,1.98507,0.121254,15.2687,1.27645,6.69173,0.716932,132,66,2,0,15.5152,0.743506,6.75758,0.578939,
24211,"SUCCEEDED","Pagerank_Stage1",12,6,103,8,8,150,40,20,.9,.60,.4,.8,0,800,.35,20,60,3,1,1536,1408,1536,1,0,718,1811191,16,219,110,1.99091,0.0949119,9.3,0.91998,3.67123,0.670067,218,110,1.98182,0.189824,9.30909,1.1261,3.69266,0.643985,218,109,2,0,9.3945,0.801585,3.69725,0.642595,
84431,"SUCCEEDED","Pagerank_Stage2",12,6,103,8,8,150,40,20,.9,.60,.4,.8,0,800,.35,20,60,3,1,1536,1408,1536,1,0,718,1811191,16,219,110,1.99091,0.0949119,9.3,0.91998,3.67123,0.670067,218,110,1.98182,0.189824,9.30909,1.1261,3.69266,0.643985,218,109,2,0,9.3945,0.801585,3.69725,0.642595,
94307,"SUCCEEDED","Pagerank_Stage1",12,6,103,8,8,150,40,20,.9,.60,.4,.8,0,800,.35,20,60,3,1,1536,1408,1536,1,0,718,1811191,16,219,110,1.99091,0.0949119,9.3,0.91998,3.67123,0.670067,218,110,1.98182,0.189824,9.30909,1.1261,3.69266,0.643985,218,109,2,0,9.3945,0.801585,3.69725,0.642595,
73062,"SUCCEEDED","Pagerank_Stage2",12,6,103,8,8,150,40,20,.9,.60,.4,.8,0,800,.35,20,60,3,1,1536,1408,1536,1,0,718,1811191,16,219,110,1.99091,0.0949119,9.3,0.91998,3.67123,0.670067,218,110,1.98182,0.189824,9.30909,1.1261,3.69266,0.643985,218,109,2,0,9.3945,0.801585,3.69725,0.642595,
76276,"SUCCEEDED","Pagerank_Stage1",12,6,103,8,8,150,40,20,.9,.60,.4,.8,0,800,.35,20,60,3,1,1536,1408,1536,1,0,718,1811191,16,219,110,1.99091,0.0949119,9.3,0.91998,3.67123,0.670067,218,110,1.98182,0.189824,9.30909,1.1261,3.69266,0.643985,218,109,2,0,9.3945,0.801585,3.69725,0.642595,
73329,"SUCCEEDED","Pagerank_Stage2",12,6,103,8,8,150,40,20,.9,.60,.4,.8,0,800,.35,20,60,3,1,1536,1408,1536,1,0,718,1811191,16,219,110,1.99091,0.0949119,9.3,0.91998,3.67123,0.670067,218,110,1.98182,0.189824,9.30909,1.1261,3.69266,0.643985,218,109,2,0,9.3945,0.801585,3.69725,0.642595,
36706,"SUCCEEDED","Pagerank_Stage1",12,6,9,6,8,120,50,20,.9,.80,.3,.8,.6,1700,.70,70,50,2,1,1152,1024,1536,4,0,486,531470496,16,150,76,1.97368,0.227901,13.4737,1.59336,5.82,0.517301,151,76,1.98684,0.113951,13.4737,1.17511,5.78146,0.60783,152,76,2,0,13.4737,1.01921,5.73684,0.767231,
35581,"SUCCEEDED","Pagerank_Stage2",12,6,9,6,8,120,50,20,.9,.80,.3,.8,.6,1700,.70,70,50,2,1,1152,1024,1536,4,0,486,531470496,16,150,76,1.97368,0.227901,13.4737,1.59336,5.82,0.517301,151,76,1.98684,0.113951,13.4737,1.17511,5.78146,0.60783,152,76,2,0,13.4737,1.01921,5.73684,0.767231,
47055,"SUCCEEDED","Pagerank_Stage1",12,6,9,6,8,120,50,20,.9,.80,.3,.8,.6,1700,.70,70,50,2,1,1152,1024,1536,4,0,486,531470496,16,150,76,1.97368,0.227901,13.4737,1.59336,5.82,0.517301,151,76,1.98684,0.113951,13.4737,1.17511,5.78146,0.60783,152,76,2,0,13.4737,1.01921,5.73684,0.767231,
38965,"SUCCEEDED","Pagerank_Stage2",12,6,9,6,8,120,50,20,.9,.80,.3,.8,.6,1700,.70,70,50,2,1,1152,1024,1536,4,0,486,531470496,16,150,76,1.97368,0.227901,13.4737,1.59336,5.82,0.517301,151,76,1.98684,0.113951,13.4737,1.17511,5.78146,0.60783,152,76,2,0,13.4737,1.01921,5.73684,0.767231,
47332,"SUCCEEDED","Pagerank_Stage1",12,6,9,6,8,120,50,20,.9,.80,.3,.8,.6,1700,.70,70,50,2,1,1152,1024,1536,4,0,486,531470496,16,150,76,1.97368,0.227901,13.4737,1.59336,5.82,0.517301,151,76,1.98684,0.113951,13.4737,1.17511,5.78146,0.60783,152,76,2,0,13.4737,1.01921,5.73684,0.767231,
43010,"SUCCEEDED","Pagerank_Stage2",12,6,9,6,8,120,50,20,.9,.80,.3,.8,.6,1700,.70,70,50,2,1,1152,1024,1536,4,0,486,531470496,16,150,76,1.97368,0.227901,13.4737,1.59336,5.82,0.517301,151,76,1.98684,0.113951,13.4737,1.17511,5.78146,0.60783,152,76,2,0,13.4737,1.01921,5.73684,0.767231,
28159,"SUCCEEDED","Pagerank_Stage1",12,6,12,6,8,130,20,5,.9,1.00,.2,.7,0,1400,.45,100,50,1,2,1664,1536,1024,1,0,378,259947887,16,154,77,2,0,13.2987,0.898266,5.64935,0.725531,155,78,1.98718,0.1125,13.1282,1.43544,5.60645,0.82303,155,78,1.98718,0.1125,13.1154,1.26065,5.6,0.791894,
19956,"SUCCEEDED","Pagerank_Stage2",12,6,12,6,8,130,20,5,.9,1.00,.2,.7,0,1400,.45,100,50,1,2,1664,1536,1024,1,0,378,259947887,16,154,77,2,0,13.2987,0.898266,5.64935,0.725531,155,78,1.98718,0.1125,13.1282,1.43544,5.60645,0.82303,155,78,1.98718,0.1125,13.1154,1.26065,5.6,0.791894,
22609,"SUCCEEDED","Pagerank_Stage1",12,6,12,6,8,130,20,5,.9,1.00,.2,.7,0,1400,.45,100,50,1,2,1664,1536,1024,1,0,378,259947887,16,154,77,2,0,13.2987,0.898266,5.64935,0.725531,155,78,1.98718,0.1125,13.1282,1.43544,5.60645,0.82303,155,78,1.98718,0.1125,13.1154,1.26065,5.6,0.791894,
22951,"SUCCEEDED","Pagerank_Stage2",12,6,12,6,8,130,20,5,.9,1.00,.2,.7,0,1400,.45,100,50,1,2,1664,1536,1024,1,0,378,531470496,16,150,76,1.97368,0.227901,13.4737,1.59336,5.82,0.517301,151,76,1.98684,0.113951,13.4737,1.17511,5.78146,0.60783,152,76,2,0,13.4737,1.01921,5.73684,0.767231,
22526,"SUCCEEDED","Pagerank_Stage1",12,6,12,6,8,130,20,5,.9,1.00,.2,.7,0,1400,.45,100,50,1,2,1664,1536,1024,1,0,378,259947887,16,154,77,2,0,13.2987,0.898266,5.64935,0.725531,155,78,1.98718,0.1125,13.1282,1.43544,5.60645,0.82303,155,78,1.98718,0.1125,13.1154,1.26065,5.6,0.791894,
23714,"SUCCEEDED","Pagerank_Stage2",12,6,12,6,8,130,20,5,.9,1.00,.2,.7,0,1400,.45,100,50,1,2,1664,1536,1024,1,0,378,531470496,16,150,76,1.97368,0.227901,13.4737,1.59336,5.82,0.517301,151,76,1.98684,0.113951,13.4737,1.17511,5.78146,0.60783,152,76,2,0,13.4737,1.01921,5.73684,0.767231,
44888,"SUCCEEDED","Pagerank_Stage1",12,6,86,6,4,150,30,15,.6,.75,.2,.5,0,1300,.60,80,60,3,4,1920,2048,1920,1,0,669,531470496,16,150,76,1.97368,0.227901,13.4737,1.59336,5.82,0.517301,151,76,1.98684,0.113951,13.4737,1.17511,5.78146,0.60783,152,76,2,0,13.4737,1.01921,5.73684,0.767231,
69515,"SUCCEEDED","Pagerank_Stage2",12,6,86,6,4,150,30,15,.6,.75,.2,.5,0,1300,.60,80,60,3,4,1920,2048,1920,1,0,669,531470496,16,150,76,1.97368,0.227901,13.4737,1.59336,5.82,0.517301,151,76,1.98684,0.113951,13.4737,1.17511,5.78146,0.60783,152,76,2,0,13.4737,1.01921,5.73684,0.767231,
85221,"SUCCEEDED","Pagerank_Stage1",12,6,86,6,4,150,30,15,.6,.75,.2,.5,0,1300,.60,80,60,3,4,1920,2048,1920,1,0,669,531470496,16,150,76,1.97368,0.227901,13.4737,1.59336,5.82,0.517301,151,76,1.98684,0.113951,13.4737,1.17511,5.78146,0.60783,152,76,2,0,13.4737,1.01921,5.73684,0.767231,
72873,"SUCCEEDED","Pagerank_Stage2",12,6,86,6,4,150,30,15,.6,.75,.2,.5,0,1300,.60,80,60,3,4,1920,2048,1920,1,0,669,531470496,16,150,76,1.97368,0.227901,13.4737,1.59336,5.82,0.517301,151,76,1.98684,0.113951,13.4737,1.17511,5.78146,0.60783,152,76,2,0,13.4737,1.01921,5.73684,0.767231,
85659,"SUCCEEDED","Pagerank_Stage1",12,6,86,6,4,150,30,15,.6,.75,.2,.5,0,1300,.60,80,60,3,4,1920,2048,1920,1,0,669,531470496,16,150,76,1.97368,0.227901,13.4737,1.59336,5.82,0.517301,151,76,1.98684,0.113951,13.4737,1.17511,5.78146,0.60783,152,76,2,0,13.4737,1.01921,5.73684,0.767231,
71154,"SUCCEEDED","Pagerank_Stage2",12,6,86,6,4,150,30,15,.6,.75,.2,.5,0,1300,.60,80,60,3,4,1920,2048,1920,1,0,669,531470496,16,150,76,1.97368,0.227901,13.4737,1.59336,5.82,0.517301,151,76,1.98684,0.113951,13.4737,1.17511,5.78146,0.60783,152,76,2,0,13.4737,1.01921,5.73684,0.767231,
50317,"SUCCEEDED","Pagerank_Stage1",12,6,113,12,4,130,50,15,1.0,.95,.2,.7,.9,1300,1.00,10,40,4,3,2048,1536,1920,1,0,760,531470496,16,150,76,1.97368,0.227901,13.4737,1.59336,5.82,0.517301,151,76,1.98684,0.113951,13.4737,1.17511,5.78146,0.60783,152,76,2,0,13.4737,1.01921,5.73684,0.767231,
103763,"SUCCEEDED","Pagerank_Stage2",12,6,113,12,4,130,50,15,1.0,.95,.2,.7,.9,1300,1.00,10,40,4,3,2048,1536,1920,1,0,760,531470496,16,150,76,1.97368,0.227901,13.4737,1.59336,5.82,0.517301,151,76,1.98684,0.113951,13.4737,1.17511,5.78146,0.60783,152,76,2,0,13.4737,1.01921,5.73684,0.767231,
120085,"SUCCEEDED","Pagerank_Stage1",12,6,113,12,4,130,50,15,1.0,.95,.2,.7,.9,1300,1.00,10,40,4,3,2048,1536,1920,1,0,760,531470496,16,150,76,1.97368,0.227901,13.4737,1.59336,5.82,0.517301,151,76,1.98684,0.113951,13.4737,1.17511,5.78146,0.60783,152,76,2,0,13.4737,1.01921,5.73684,0.767231,
104827,"SUCCEEDED","Pagerank_Stage2",12,6,113,12,4,130,50,15,1.0,.95,.2,.7,.9,1300,1.00,10,40,4,3,2048,1536,1920,1,0,760,531470496,16,150,76,1.97368,0.227901,13.4737,1.59336,5.82,0.517301,151,76,1.98684,0.113951,13.4737,1.17511,5.78146,0.60783,152,76,2,0,13.4737,1.01921,5.73684,0.767231,
119555,"SUCCEEDED","Pagerank_Stage1",12,6,113,12,4,130,50,15,1.0,.95,.2,.7,.9,1300,1.00,10,40,4,3,2048,1536,1920,1,0,760,531470496,16,150,76,1.97368,0.227901,13.4737,1.59336,5.82,0.517301,151,76,1.98684,0.113951,13.4737,1.17511,5.78146,0.60783,152,76,2,0,13.4737,1.01921,5.73684,0.767231,
107481,"SUCCEEDED","Pagerank_Stage2",12,6,113,12,4,130,50,15,1.0,.95,.2,.7,.9,1300,1.00,10,40,4,3,2048,1536,1920,1,0,760,531470496,16,150,76,1.97368,0.227901,13.4737,1.59336,5.82,0.517301,151,76,1.98684,0.113951,13.4737,1.17511,5.78146,0.60783,152,76,2,0,13.4737,1.01921,5.73684,0.767231,
50077,"SUCCEEDED","Pagerank_Stage1",12,6,117,2,2,100,60,20,1.0,.65,.4,.9,1.0,1500,.25,30,60,3,2,2048,1408,1792,3,0,513,531470496,16,150,76,1.97368,0.227901,13.4737,1.59336,5.82,0.517301,151,76,1.98684,0.113951,13.4737,1.17511,5.78146,0.60783,152,76,2,0,13.4737,1.01921,5.73684,0.767231,
87718,"SUCCEEDED","Pagerank_Stage2",12,6,117,2,2,100,60,20,1.0,.65,.4,.9,1.0,1500,.25,30,60,3,2,2048,1408,1792,3,0,513,531470496,16,150,76,1.97368,0.227901,13.4737,1.59336,5.82,0.517301,151,76,1.98684,0.113951,13.4737,1.17511,5.78146,0.60783,152,76,2,0,13.4737,1.01921,5.73684,0.767231,
101477,"SUCCEEDED","Pagerank_Stage1",12,6,117,2,2,100,60,20,1.0,.65,.4,.9,1.0,1500,.25,30,60,3,2,2048,1408,1792,3,0,513,531470496,16,150,76,1.97368,0.227901,13.4737,1.59336,5.82,0.517301,151,76,1.98684,0.113951,13.4737,1.17511,5.78146,0.60783,152,76,2,0,13.4737,1.01921,5.73684,0.767231,
92286,"SUCCEEDED","Pagerank_Stage2",12,6,117,2,2,100,60,20,1.0,.65,.4,.9,1.0,1500,.25,30,60,3,2,2048,1408,1792,3,0,513,531470496,16,150,76,1.97368,0.227901,13.4737,1.59336,5.82,0.517301,151,76,1.98684,0.113951,13.4737,1.17511,5.78146,0.60783,152,76,2,0,13.4737,1.01921,5.73684,0.767231,
107383,"SUCCEEDED","Pagerank_Stage1",12,6,117,2,2,100,60,20,1.0,.65,.4,.9,1.0,1500,.25,30,60,3,2,2048,1408,1792,3,0,513,531470496,16,150,76,1.97368,0.227901,13.4737,1.59336,5.82,0.517301,151,76,1.98684,0.113951,13.4737,1.17511,5.78146,0.60783,152,76,2,0,13.4737,1.01921,5.73684,0.767231,
99302,"SUCCEEDED","Pagerank_Stage2",12,6,117,2,2,100,60,20,1.0,.65,.4,.9,1.0,1500,.25,30,60,3,2,2048,1408,1792,3,0,513,531470496,16,150,76,1.97368,0.227901,13.4737,1.59336,5.82,0.517301,151,76,1.98684,0.113951,13.4737,1.17511,5.78146,0.60783,152,76,2,0,13.4737,1.01921,5.73684,0.767231,
12059,"SUCCEEDED","Pagerank_Stage1",12,6,9,4,6,120,20,15,.8,.85,.5,.8,.6,1900,.40,70,60,1,3,1024,1920,1280,2,0,437,1811191,16,219,110,1.99091,0.0949119,9.3,0.91998,3.67123,0.670067,218,110,1.98182,0.189824,9.30909,1.1261,3.69266,0.643985,218,109,2,0,9.3945,0.801585,3.69725,0.642595,
11717,"SUCCEEDED","Pagerank_Stage2",12,6,9,4,6,120,20,15,.8,.85,.5,.8,.6,1900,.40,70,60,1,3,1024,1920,1280,2,0,437,1811191,16,219,110,1.99091,0.0949119,9.3,0.91998,3.67123,0.670067,218,110,1.98182,0.189824,9.30909,1.1261,3.69266,0.643985,218,109,2,0,9.3945,0.801585,3.69725,0.642595,
12160,"SUCCEEDED","Pagerank_Stage1",12,6,9,4,6,120,20,15,.8,.85,.5,.8,.6,1900,.40,70,60,1,3,1024,1920,1280,2,0,437,1811191,16,219,110,1.99091,0.0949119,9.3,0.91998,3.67123,0.670067,218,110,1.98182,0.189824,9.30909,1.1261,3.69266,0.643985,218,109,2,0,9.3945,0.801585,3.69725,0.642595,
11813,"SUCCEEDED","Pagerank_Stage2",12,6,9,4,6,120,20,15,.8,.85,.5,.8,.6,1900,.40,70,60,1,3,1024,1920,1280,2,0,437,1811191,16,219,110,1.99091,0.0949119,9.3,0.91998,3.67123,0.670067,218,110,1.98182,0.189824,9.30909,1.1261,3.69266,0.643985,218,109,2,0,9.3945,0.801585,3.69725,0.642595,
12150,"SUCCEEDED","Pagerank_Stage1",12,6,9,4,6,120,20,15,.8,.85,.5,.8,.6,1900,.40,70,60,1,3,1024,1920,1280,2,0,437,1811191,16,219,110,1.99091,0.0949119,9.3,0.91998,3.67123,0.670067,218,110,1.98182,0.189824,9.30909,1.1261,3.69266,0.643985,218,109,2,0,9.3945,0.801585,3.69725,0.642595,
12798,"SUCCEEDED","Pagerank_Stage2",12,6,9,4,6,120,20,15,.8,.85,.5,.8,.6,1900,.40,70,60,1,3,1024,1920,1280,2,0,437,1811191,16,219,110,1.99091,0.0949119,9.3,0.91998,3.67123,0.670067,218,110,1.98182,0.189824,9.30909,1.1261,3.69266,0.643985,218,109,2,0,9.3945,0.801585,3.69725,0.642595,
25009,"SUCCEEDED","Pagerank_Stage1",12,6,43,12,12,150,50,10,.6,.70,.2,.5,1.0,1700,.35,20,40,2,2,1408,1152,1280,4,0,958,259947887,16,154,77,2,0,13.2987,0.898266,5.64935,0.725531,155,78,1.98718,0.1125,13.1282,1.43544,5.60645,0.82303,155,78,1.98718,0.1125,13.1154,1.26065,5.6,0.791894,
27528,"SUCCEEDED","Pagerank_Stage2",12,6,43,12,12,150,50,10,.6,.70,.2,.5,1.0,1700,.35,20,40,2,2,1408,1152,1280,4,0,958,259947887,16,154,77,2,0,13.2987,0.898266,5.64935,0.725531,155,78,1.98718,0.1125,13.1282,1.43544,5.60645,0.82303,155,78,1.98718,0.1125,13.1154,1.26065,5.6,0.791894,
33050,"SUCCEEDED","Pagerank_Stage1",12,6,43,12,12,150,50,10,.6,.70,.2,.5,1.0,1700,.35,20,40,2,2,1408,1152,1280,4,0,958,259947887,16,154,77,2,0,13.2987,0.898266,5.64935,0.725531,155,78,1.98718,0.1125,13.1282,1.43544,5.60645,0.82303,155,78,1.98718,0.1125,13.1154,1.26065,5.6,0.791894,
29182,"SUCCEEDED","Pagerank_Stage2",12,6,43,12,12,150,50,10,.6,.70,.2,.5,1.0,1700,.35,20,40,2,2,1408,1152,1280,4,0,958,531470496,16,150,76,1.97368,0.227901,13.4737,1.59336,5.82,0.517301,151,76,1.98684,0.113951,13.4737,1.17511,5.78146,0.60783,152,76,2,0,13.4737,1.01921,5.73684,0.767231,
35513,"SUCCEEDED","Pagerank_Stage1",12,6,43,12,12,150,50,10,.6,.70,.2,.5,1.0,1700,.35,20,40,2,2,1408,1152,1280,4,0,958,259947887,16,154,77,2,0,13.2987,0.898266,5.64935,0.725531,155,78,1.98718,0.1125,13.1282,1.43544,5.60645,0.82303,155,78,1.98718,0.1125,13.1154,1.26065,5.6,0.791894,
25849,"SUCCEEDED","Pagerank_Stage2",12,6,43,12,12,150,50,10,.6,.70,.2,.5,1.0,1700,.35,20,40,2,2,1408,1152,1280,4,0,958,531470496,16,150,76,1.97368,0.227901,13.4737,1.59336,5.82,0.517301,151,76,1.98684,0.113951,13.4737,1.17511,5.78146,0.60783,152,76,2,0,13.4737,1.01921,5.73684,0.767231,
24986,"SUCCEEDED","Pagerank_Stage1",12,6,114,12,6,100,20,15,.5,.80,.5,.5,.8,900,.90,20,60,4,4,1792,1024,1920,1,0,283,1811191,16,219,110,1.99091,0.0949119,9.3,0.91998,3.67123,0.670067,218,110,1.98182,0.189824,9.30909,1.1261,3.69266,0.643985,218,109,2,0,9.3945,0.801585,3.69725,0.642595,
98298,"SUCCEEDED","Pagerank_Stage2",12,6,114,12,6,100,20,15,.5,.80,.5,.5,.8,900,.90,20,60,4,4,1792,1024,1920,1,0,283,1811191,16,219,110,1.99091,0.0949119,9.3,0.91998,3.67123,0.670067,218,110,1.98182,0.189824,9.30909,1.1261,3.69266,0.643985,218,109,2,0,9.3945,0.801585,3.69725,0.642595,
106690,"SUCCEEDED","Pagerank_Stage1",12,6,114,12,6,100,20,15,.5,.80,.5,.5,.8,900,.90,20,60,4,4,1792,1024,1920,1,0,283,1811191,16,219,110,1.99091,0.0949119,9.3,0.91998,3.67123,0.670067,218,110,1.98182,0.189824,9.30909,1.1261,3.69266,0.643985,218,109,2,0,9.3945,0.801585,3.69725,0.642595,
99303,"SUCCEEDED","Pagerank_Stage2",12,6,114,12,6,100,20,15,.5,.80,.5,.5,.8,900,.90,20,60,4,4,1792,1024,1920,1,0,283,1811191,16,219,110,1.99091,0.0949119,9.3,0.91998,3.67123,0.670067,218,110,1.98182,0.189824,9.30909,1.1261,3.69266,0.643985,218,109,2,0,9.3945,0.801585,3.69725,0.642595,
106432,"SUCCEEDED","Pagerank_Stage1",12,6,114,12,6,100,20,15,.5,.80,.5,.5,.8,900,.90,20,60,4,4,1792,1024,1920,1,0,283,1811191,16,219,110,1.99091,0.0949119,9.3,0.91998,3.67123,0.670067,218,110,1.98182,0.189824,9.30909,1.1261,3.69266,0.643985,218,109,2,0,9.3945,0.801585,3.69725,0.642595,
97040,"SUCCEEDED","Pagerank_Stage2",12,6,114,12,6,100,20,15,.5,.80,.5,.5,.8,900,.90,20,60,4,4,1792,1024,1920,1,0,283,1811191,16,219,110,1.99091,0.0949119,9.3,0.91998,3.67123,0.670067,218,110,1.98182,0.189824,9.30909,1.1261,3.69266,0.643985,218,109,2,0,9.3945,0.801585,3.69725,0.642595,
13188,"SUCCEEDED","Pagerank_Stage1",12,6,21,2,4,150,20,10,1.0,.85,.5,.6,.5,1100,.40,90,60,2,2,1536,1280,1536,1,0,234,1811191,16,219,110,1.99091,0.0949119,9.3,0.91998,3.67123,0.670067,218,110,1.98182,0.189824,9.30909,1.1261,3.69266,0.643985,218,109,2,0,9.3945,0.801585,3.69725,0.642595,
13732,"SUCCEEDED","Pagerank_Stage2",12,6,21,2,4,150,20,10,1.0,.85,.5,.6,.5,1100,.40,90,60,2,2,1536,1280,1536,1,0,234,1811191,16,219,110,1.99091,0.0949119,9.3,0.91998,3.67123,0.670067,218,110,1.98182,0.189824,9.30909,1.1261,3.69266,0.643985,218,109,2,0,9.3945,0.801585,3.69725,0.642595,
14977,"SUCCEEDED","Pagerank_Stage1",12,6,21,2,4,150,20,10,1.0,.85,.5,.6,.5,1100,.40,90,60,2,2,1536,1280,1536,1,0,234,1811191,16,219,110,1.99091,0.0949119,9.3,0.91998,3.67123,0.670067,218,110,1.98182,0.189824,9.30909,1.1261,3.69266,0.643985,218,109,2,0,9.3945,0.801585,3.69725,0.642595,
14150,"SUCCEEDED","Pagerank_Stage2",12,6,21,2,4,150,20,10,1.0,.85,.5,.6,.5,1100,.40,90,60,2,2,1536,1280,1536,1,0,234,1811191,16,219,110,1.99091,0.0949119,9.3,0.91998,3.67123,0.670067,218,110,1.98182,0.189824,9.30909,1.1261,3.69266,0.643985,218,109,2,0,9.3945,0.801585,3.69725,0.642595,
14315,"SUCCEEDED","Pagerank_Stage1",12,6,21,2,4,150,20,10,1.0,.85,.5,.6,.5,1100,.40,90,60,2,2,1536,1280,1536,1,0,234,1811191,16,219,110,1.99091,0.0949119,9.3,0.91998,3.67123,0.670067,218,110,1.98182,0.189824,9.30909,1.1261,3.69266,0.643985,218,109,2,0,9.3945,0.801585,3.69725,0.642595,
13739,"SUCCEEDED","Pagerank_Stage2",12,6,21,2,4,150,20,10,1.0,.85,.5,.6,.5,1100,.40,90,60,2,2,1536,1280,1536,1,0,234,1811191,16,219,110,1.99091,0.0949119,9.3,0.91998,3.67123,0.670067,218,110,1.98182,0.189824,9.30909,1.1261,3.69266,0.643985,218,109,2,0,9.3945,0.801585,3.69725,0.642595,
62535,"SUCCEEDED","Pagerank_Stage1",12,6,63,10,12,100,30,10,.9,.50,.2,.7,.2,900,.40,80,40,2,4,1536,1280,1536,4,0,293,2993448066,16,132,66,2,0,15.5152,0.743506,6.75758,0.578939,133,67,1.98507,0.121254,15.2687,1.27645,6.69173,0.716932,132,66,2,0,15.5152,0.743506,6.75758,0.578939,
65942,"SUCCEEDED","Pagerank_Stage2",12,6,63,10,12,100,30,10,.9,.50,.2,.7,.2,900,.40,80,40,2,4,1536,1280,1536,4,0,293,2993448066,16,132,66,2,0,15.5152,0.743506,6.75758,0.578939,133,67,1.98507,0.121254,15.2687,1.27645,6.69173,0.716932,132,66,2,0,15.5152,0.743506,6.75758,0.578939,
106777,"SUCCEEDED","Pagerank_Stage1",12,6,63,10,12,100,30,10,.9,.50,.2,.7,.2,900,.40,80,40,2,4,1536,1280,1536,4,0,293,2993448066,16,132,66,2,0,15.5152,0.743506,6.75758,0.578939,133,67,1.98507,0.121254,15.2687,1.27645,6.69173,0.716932,132,66,2,0,15.5152,0.743506,6.75758,0.578939,
89837,"SUCCEEDED","Pagerank_Stage2",12,6,63,10,12,100,30,10,.9,.50,.2,.7,.2,900,.40,80,40,2,4,1536,1280,1536,4,0,293,2993448066,16,132,66,2,0,15.5152,0.743506,6.75758,0.578939,133,67,1.98507,0.121254,15.2687,1.27645,6.69173,0.716932,132,66,2,0,15.5152,0.743506,6.75758,0.578939,
102573,"SUCCEEDED","Pagerank_Stage1",12,6,63,10,12,100,30,10,.9,.50,.2,.7,.2,900,.40,80,40,2,4,1536,1280,1536,4,0,293,2993448066,16,132,66,2,0,15.5152,0.743506,6.75758,0.578939,133,67,1.98507,0.121254,15.2687,1.27645,6.69173,0.716932,132,66,2,0,15.5152,0.743506,6.75758,0.578939,
91743,"SUCCEEDED","Pagerank_Stage2",12,6,63,10,12,100,30,10,.9,.50,.2,.7,.2,900,.40,80,40,2,4,1536,1280,1536,4,0,293,2993448066,16,132,66,2,0,15.5152,0.743506,6.75758,0.578939,133,67,1.98507,0.121254,15.2687,1.27645,6.69173,0.716932,132,66,2,0,15.5152,0.743506,6.75758,0.578939,
24441,"SUCCEEDED","Pagerank_Stage1",12,6,115,6,4,110,40,5,.5,.65,.4,.9,1.0,1200,.45,60,40,3,1,1920,1792,1536,1,0,959,1811191,16,219,110,1.99091,0.0949119,9.3,0.91998,3.67123,0.670067,218,110,1.98182,0.189824,9.30909,1.1261,3.69266,0.643985,218,109,2,0,9.3945,0.801585,3.69725,0.642595,
97545,"SUCCEEDED","Pagerank_Stage2",12,6,115,6,4,110,40,5,.5,.65,.4,.9,1.0,1200,.45,60,40,3,1,1920,1792,1536,1,0,959,1811191,16,219,110,1.99091,0.0949119,9.3,0.91998,3.67123,0.670067,218,110,1.98182,0.189824,9.30909,1.1261,3.69266,0.643985,218,109,2,0,9.3945,0.801585,3.69725,0.642595,
102819,"SUCCEEDED","Pagerank_Stage1",12,6,115,6,4,110,40,5,.5,.65,.4,.9,1.0,1200,.45,60,40,3,1,1920,1792,1536,1,0,959,1811191,16,219,110,1.99091,0.0949119,9.3,0.91998,3.67123,0.670067,218,110,1.98182,0.189824,9.30909,1.1261,3.69266,0.643985,218,109,2,0,9.3945,0.801585,3.69725,0.642595,
98005,"SUCCEEDED","Pagerank_Stage2",12,6,115,6,4,110,40,5,.5,.65,.4,.9,1.0,1200,.45,60,40,3,1,1920,1792,1536,1,0,959,1811191,16,219,110,1.99091,0.0949119,9.3,0.91998,3.67123,0.670067,218,110,1.98182,0.189824,9.30909,1.1261,3.69266,0.643985,218,109,2,0,9.3945,0.801585,3.69725,0.642595,
106909,"SUCCEEDED","Pagerank_Stage1",12,6,115,6,4,110,40,5,.5,.65,.4,.9,1.0,1200,.45,60,40,3,1,1920,1792,1536,1,0,959,1811191,16,219,110,1.99091,0.0949119,9.3,0.91998,3.67123,0.670067,218,110,1.98182,0.189824,9.30909,1.1261,3.69266,0.643985,218,109,2,0,9.3945,0.801585,3.69725,0.642595,
97626,"SUCCEEDED","Pagerank_Stage2",12,6,115,6,4,110,40,5,.5,.65,.4,.9,1.0,1200,.45,60,40,3,1,1920,1792,1536,1,0,959,1811191,16,219,110,1.99091,0.0949119,9.3,0.91998,3.67123,0.670067,218,110,1.98182,0.189824,9.30909,1.1261,3.69266,0.643985,218,109,2,0,9.3945,0.801585,3.69725,0.642595,
36306,"SUCCEEDED","Pagerank_Stage1",12,6,120,6,4,140,80,20,.7,.90,.3,.6,.5,500,.30,70,60,4,2,1920,1920,1536,1,0,253,259947887,16,154,77,2,0,13.2987,0.898266,5.64935,0.725531,155,78,1.98718,0.1125,13.1282,1.43544,5.60645,0.82303,155,78,1.98718,0.1125,13.1154,1.26065,5.6,0.791894,
97041,"SUCCEEDED","Pagerank_Stage2",12,6,120,6,4,140,80,20,.7,.90,.3,.6,.5,500,.30,70,60,4,2,1920,1920,1536,1,0,253,259947887,16,154,77,2,0,13.2987,0.898266,5.64935,0.725531,155,78,1.98718,0.1125,13.1282,1.43544,5.60645,0.82303,155,78,1.98718,0.1125,13.1154,1.26065,5.6,0.791894,
106024,"SUCCEEDED","Pagerank_Stage1",12,6,120,6,4,140,80,20,.7,.90,.3,.6,.5,500,.30,70,60,4,2,1920,1920,1536,1,0,253,259947887,16,154,77,2,0,13.2987,0.898266,5.64935,0.725531,155,78,1.98718,0.1125,13.1282,1.43544,5.60645,0.82303,155,78,1.98718,0.1125,13.1154,1.26065,5.6,0.791894,
91949,"SUCCEEDED","Pagerank_Stage2",12,6,120,6,4,140,80,20,.7,.90,.3,.6,.5,500,.30,70,60,4,2,1920,1920,1536,1,0,253,531470496,16,150,76,1.97368,0.227901,13.4737,1.59336,5.82,0.517301,151,76,1.98684,0.113951,13.4737,1.17511,5.78146,0.60783,152,76,2,0,13.4737,1.01921,5.73684,0.767231,
124847,"SUCCEEDED","Pagerank_Stage1",12,6,120,6,4,140,80,20,.7,.90,.3,.6,.5,500,.30,70,60,4,2,1920,1920,1536,1,0,253,259947887,16,154,77,2,0,13.2987,0.898266,5.64935,0.725531,155,78,1.98718,0.1125,13.1282,1.43544,5.60645,0.82303,155,78,1.98718,0.1125,13.1154,1.26065,5.6,0.791894,
97631,"SUCCEEDED","Pagerank_Stage2",12,6,120,6,4,140,80,20,.7,.90,.3,.6,.5,500,.30,70,60,4,2,1920,1920,1536,1,0,253,531470496,16,150,76,1.97368,0.227901,13.4737,1.59336,5.82,0.517301,151,76,1.98684,0.113951,13.4737,1.17511,5.78146,0.60783,152,76,2,0,13.4737,1.01921,5.73684,0.767231,
65234,"SUCCEEDED","Pagerank_Stage1",12,6,36,12,12,130,30,5,.5,.60,.2,.7,.1,600,.75,20,60,1,1,1920,1664,1536,1,0,968,2993448066,16,132,66,2,0,15.5152,0.743506,6.75758,0.578939,133,67,1.98507,0.121254,15.2687,1.27645,6.69173,0.716932,132,66,2,0,15.5152,0.743506,6.75758,0.578939,
64583,"SUCCEEDED","Pagerank_Stage2",12,6,36,12,12,130,30,5,.5,.60,.2,.7,.1,600,.75,20,60,1,1,1920,1664,1536,1,0,968,2993448066,16,132,66,2,0,15.5152,0.743506,6.75758,0.578939,133,67,1.98507,0.121254,15.2687,1.27645,6.69173,0.716932,132,66,2,0,15.5152,0.743506,6.75758,0.578939,
93812,"SUCCEEDED","Pagerank_Stage1",12,6,36,12,12,130,30,5,.5,.60,.2,.7,.1,600,.75,20,60,1,1,1920,1664,1536,1,0,968,2993448066,16,132,66,2,0,15.5152,0.743506,6.75758,0.578939,133,67,1.98507,0.121254,15.2687,1.27645,6.69173,0.716932,132,66,2,0,15.5152,0.743506,6.75758,0.578939,
84761,"SUCCEEDED","Pagerank_Stage2",12,6,36,12,12,130,30,5,.5,.60,.2,.7,.1,600,.75,20,60,1,1,1920,1664,1536,1,0,968,2993448066,16,132,66,2,0,15.5152,0.743506,6.75758,0.578939,133,67,1.98507,0.121254,15.2687,1.27645,6.69173,0.716932,132,66,2,0,15.5152,0.743506,6.75758,0.578939,
90362,"SUCCEEDED","Pagerank_Stage1",12,6,36,12,12,130,30,5,.5,.60,.2,.7,.1,600,.75,20,60,1,1,1920,1664,1536,1,0,968,2993448066,16,132,66,2,0,15.5152,0.743506,6.75758,0.578939,133,67,1.98507,0.121254,15.2687,1.27645,6.69173,0.716932,132,66,2,0,15.5152,0.743506,6.75758,0.578939,
85135,"SUCCEEDED","Pagerank_Stage2",12,6,36,12,12,130,30,5,.5,.60,.2,.7,.1,600,.75,20,60,1,1,1920,1664,1536,1,0,968,2993448066,16,132,66,2,0,15.5152,0.743506,6.75758,0.578939,133,67,1.98507,0.121254,15.2687,1.27645,6.69173,0.716932,132,66,2,0,15.5152,0.743506,6.75758,0.578939,
17388,"SUCCEEDED","Pagerank_Stage1",12,6,52,6,6,130,70,15,.8,1.00,.4,.8,.4,2000,.15,70,40,2,2,1664,1152,1920,2,0,525,1811191,16,219,110,1.99091,0.0949119,9.3,0.91998,3.67123,0.670067,218,110,1.98182,0.189824,9.30909,1.1261,3.69266,0.643985,218,109,2,0,9.3945,0.801585,3.69725,0.642595,
29323,"SUCCEEDED","Pagerank_Stage2",12,6,52,6,6,130,70,15,.8,1.00,.4,.8,.4,2000,.15,70,40,2,2,1664,1152,1920,2,0,525,1811191,16,219,110,1.99091,0.0949119,9.3,0.91998,3.67123,0.670067,218,110,1.98182,0.189824,9.30909,1.1261,3.69266,0.643985,218,109,2,0,9.3945,0.801585,3.69725,0.642595,
34134,"SUCCEEDED","Pagerank_Stage1",12,6,52,6,6,130,70,15,.8,1.00,.4,.8,.4,2000,.15,70,40,2,2,1664,1152,1920,2,0,525,1811191,16,219,110,1.99091,0.0949119,9.3,0.91998,3.67123,0.670067,218,110,1.98182,0.189824,9.30909,1.1261,3.69266,0.643985,218,109,2,0,9.3945,0.801585,3.69725,0.642595,
29217,"SUCCEEDED","Pagerank_Stage2",12,6,52,6,6,130,70,15,.8,1.00,.4,.8,.4,2000,.15,70,40,2,2,1664,1152,1920,2,0,525,1811191,16,219,110,1.99091,0.0949119,9.3,0.91998,3.67123,0.670067,218,110,1.98182,0.189824,9.30909,1.1261,3.69266,0.643985,218,109,2,0,9.3945,0.801585,3.69725,0.642595,
34290,"SUCCEEDED","Pagerank_Stage1",12,6,52,6,6,130,70,15,.8,1.00,.4,.8,.4,2000,.15,70,40,2,2,1664,1152,1920,2,0,525,1811191,16,219,110,1.99091,0.0949119,9.3,0.91998,3.67123,0.670067,218,110,1.98182,0.189824,9.30909,1.1261,3.69266,0.643985,218,109,2,0,9.3945,0.801585,3.69725,0.642595,
29331,"SUCCEEDED","Pagerank_Stage2",12,6,52,6,6,130,70,15,.8,1.00,.4,.8,.4,2000,.15,70,40,2,2,1664,1152,1920,2,0,525,1811191,16,219,110,1.99091,0.0949119,9.3,0.91998,3.67123,0.670067,218,110,1.98182,0.189824,9.30909,1.1261,3.69266,0.643985,218,109,2,0,9.3945,0.801585,3.69725,0.642595,
38832,"SUCCEEDED","Pagerank_Stage1",12,6,124,6,10,110,60,10,.8,.65,.4,.7,.3,1700,.20,20,50,4,2,1920,1536,2048,4,0,893,259947887,16,154,77,2,0,13.2987,0.898266,5.64935,0.725531,155,78,1.98718,0.1125,13.1282,1.43544,5.60645,0.82303,155,78,1.98718,0.1125,13.1154,1.26065,5.6,0.791894,
103543,"SUCCEEDED","Pagerank_Stage2",12,6,124,6,10,110,60,10,.8,.65,.4,.7,.3,1700,.20,20,50,4,2,1920,1536,2048,4,0,893,259947887,16,154,77,2,0,13.2987,0.898266,5.64935,0.725531,155,78,1.98718,0.1125,13.1282,1.43544,5.60645,0.82303,155,78,1.98718,0.1125,13.1154,1.26065,5.6,0.791894,
116238,"SUCCEEDED","Pagerank_Stage1",12,6,124,6,10,110,60,10,.8,.65,.4,.7,.3,1700,.20,20,50,4,2,1920,1536,2048,4,0,893,259947887,16,154,77,2,0,13.2987,0.898266,5.64935,0.725531,155,78,1.98718,0.1125,13.1282,1.43544,5.60645,0.82303,155,78,1.98718,0.1125,13.1154,1.26065,5.6,0.791894,
100915,"SUCCEEDED","Pagerank_Stage2",12,6,124,6,10,110,60,10,.8,.65,.4,.7,.3,1700,.20,20,50,4,2,1920,1536,2048,4,0,893,531470496,16,150,76,1.97368,0.227901,13.4737,1.59336,5.82,0.517301,151,76,1.98684,0.113951,13.4737,1.17511,5.78146,0.60783,152,76,2,0,13.4737,1.01921,5.73684,0.767231,
106645,"SUCCEEDED","Pagerank_Stage1",12,6,124,6,10,110,60,10,.8,.65,.4,.7,.3,1700,.20,20,50,4,2,1920,1536,2048,4,0,893,259947887,16,154,77,2,0,13.2987,0.898266,5.64935,0.725531,155,78,1.98718,0.1125,13.1282,1.43544,5.60645,0.82303,155,78,1.98718,0.1125,13.1154,1.26065,5.6,0.791894,
109323,"SUCCEEDED","Pagerank_Stage2",12,6,124,6,10,110,60,10,.8,.65,.4,.7,.3,1700,.20,20,50,4,2,1920,1536,2048,4,0,893,531470496,16,150,76,1.97368,0.227901,13.4737,1.59336,5.82,0.517301,151,76,1.98684,0.113951,13.4737,1.17511,5.78146,0.60783,152,76,2,0,13.4737,1.01921,5.73684,0.767231,
12196,"SUCCEEDED","Pagerank_Stage1",12,6,4,8,6,140,80,5,.9,.90,.5,.8,.7,1800,.50,20,60,4,3,1152,2048,1280,4,0,441,1811191,16,219,110,1.99091,0.0949119,9.3,0.91998,3.67123,0.670067,218,110,1.98182,0.189824,9.30909,1.1261,3.69266,0.643985,218,109,2,0,9.3945,0.801585,3.69725,0.642595,
11968,"SUCCEEDED","Pagerank_Stage2",12,6,4,8,6,140,80,5,.9,.90,.5,.8,.7,1800,.50,20,60,4,3,1152,2048,1280,4,0,441,1811191,16,219,110,1.99091,0.0949119,9.3,0.91998,3.67123,0.670067,218,110,1.98182,0.189824,9.30909,1.1261,3.69266,0.643985,218,109,2,0,9.3945,0.801585,3.69725,0.642595,
12354,"SUCCEEDED","Pagerank_Stage1",12,6,4,8,6,140,80,5,.9,.90,.5,.8,.7,1800,.50,20,60,4,3,1152,2048,1280,4,0,441,1811191,16,219,110,1.99091,0.0949119,9.3,0.91998,3.67123,0.670067,218,110,1.98182,0.189824,9.30909,1.1261,3.69266,0.643985,218,109,2,0,9.3945,0.801585,3.69725,0.642595,
11781,"SUCCEEDED","Pagerank_Stage2",12,6,4,8,6,140,80,5,.9,.90,.5,.8,.7,1800,.50,20,60,4,3,1152,2048,1280,4,0,441,1811191,16,219,110,1.99091,0.0949119,9.3,0.91998,3.67123,0.670067,218,110,1.98182,0.189824,9.30909,1.1261,3.69266,0.643985,218,109,2,0,9.3945,0.801585,3.69725,0.642595,
12425,"SUCCEEDED","Pagerank_Stage1",12,6,4,8,6,140,80,5,.9,.90,.5,.8,.7,1800,.50,20,60,4,3,1152,2048,1280,4,0,441,1811191,16,219,110,1.99091,0.0949119,9.3,0.91998,3.67123,0.670067,218,110,1.98182,0.189824,9.30909,1.1261,3.69266,0.643985,218,109,2,0,9.3945,0.801585,3.69725,0.642595,
11674,"SUCCEEDED","Pagerank_Stage2",12,6,4,8,6,140,80,5,.9,.90,.5,.8,.7,1800,.50,20,60,4,3,1152,2048,1280,4,0,441,1811191,16,219,110,1.99091,0.0949119,9.3,0.91998,3.67123,0.670067,218,110,1.98182,0.189824,9.30909,1.1261,3.69266,0.643985,218,109,2,0,9.3945,0.801585,3.69725,0.642595,
25651,"SUCCEEDED","Pagerank_Stage1",12,6,118,12,2,110,20,20,.9,.85,.5,.6,.8,600,.40,90,60,1,1,1408,1280,1664,4,0,522,1811191,16,219,110,1.99091,0.0949119,9.3,0.91998,3.67123,0.670067,218,110,1.98182,0.189824,9.30909,1.1261,3.69266,0.643985,218,109,2,0,9.3945,0.801585,3.69725,0.642595,
95526,"SUCCEEDED","Pagerank_Stage2",12,6,118,12,2,110,20,20,.9,.85,.5,.6,.8,600,.40,90,60,1,1,1408,1280,1664,4,0,522,1811191,16,219,110,1.99091,0.0949119,9.3,0.91998,3.67123,0.670067,218,110,1.98182,0.189824,9.30909,1.1261,3.69266,0.643985,218,109,2,0,9.3945,0.801585,3.69725,0.642595,
103159,"SUCCEEDED","Pagerank_Stage1",12,6,118,12,2,110,20,20,.9,.85,.5,.6,.8,600,.40,90,60,1,1,1408,1280,1664,4,0,522,1811191,16,219,110,1.99091,0.0949119,9.3,0.91998,3.67123,0.670067,218,110,1.98182,0.189824,9.30909,1.1261,3.69266,0.643985,218,109,2,0,9.3945,0.801585,3.69725,0.642595,
98599,"SUCCEEDED","Pagerank_Stage2",12,6,118,12,2,110,20,20,.9,.85,.5,.6,.8,600,.40,90,60,1,1,1408,1280,1664,4,0,522,1811191,16,219,110,1.99091,0.0949119,9.3,0.91998,3.67123,0.670067,218,110,1.98182,0.189824,9.30909,1.1261,3.69266,0.643985,218,109,2,0,9.3945,0.801585,3.69725,0.642595,
101160,"SUCCEEDED","Pagerank_Stage1",12,6,118,12,2,110,20,20,.9,.85,.5,.6,.8,600,.40,90,60,1,1,1408,1280,1664,4,0,522,1811191,16,219,110,1.99091,0.0949119,9.3,0.91998,3.67123,0.670067,218,110,1.98182,0.189824,9.30909,1.1261,3.69266,0.643985,218,109,2,0,9.3945,0.801585,3.69725,0.642595,
98055,"SUCCEEDED","Pagerank_Stage2",12,6,118,12,2,110,20,20,.9,.85,.5,.6,.8,600,.40,90,60,1,1,1408,1280,1664,4,0,522,1811191,16,219,110,1.99091,0.0949119,9.3,0.91998,3.67123,0.670067,218,110,1.98182,0.189824,9.30909,1.1261,3.69266,0.643985,218,109,2,0,9.3945,0.801585,3.69725,0.642595,
45256,"SUCCEEDED","Pagerank_Stage1",12,6,85,8,12,120,70,5,1.0,.90,.3,.9,.5,500,.80,30,60,1,1,1664,1408,1664,2,0,576,531470496,16,150,76,1.97368,0.227901,13.4737,1.59336,5.82,0.517301,151,76,1.98684,0.113951,13.4737,1.17511,5.78146,0.60783,152,76,2,0,13.4737,1.01921,5.73684,0.767231,
69649,"SUCCEEDED","Pagerank_Stage2",12,6,85,8,12,120,70,5,1.0,.90,.3,.9,.5,500,.80,30,60,1,1,1664,1408,1664,2,0,576,531470496,16,150,76,1.97368,0.227901,13.4737,1.59336,5.82,0.517301,151,76,1.98684,0.113951,13.4737,1.17511,5.78146,0.60783,152,76,2,0,13.4737,1.01921,5.73684,0.767231,
85783,"SUCCEEDED","Pagerank_Stage1",12,6,85,8,12,120,70,5,1.0,.90,.3,.9,.5,500,.80,30,60,1,1,1664,1408,1664,2,0,576,531470496,16,150,76,1.97368,0.227901,13.4737,1.59336,5.82,0.517301,151,76,1.98684,0.113951,13.4737,1.17511,5.78146,0.60783,152,76,2,0,13.4737,1.01921,5.73684,0.767231,
74655,"SUCCEEDED","Pagerank_Stage2",12,6,85,8,12,120,70,5,1.0,.90,.3,.9,.5,500,.80,30,60,1,1,1664,1408,1664,2,0,576,531470496,16,150,76,1.97368,0.227901,13.4737,1.59336,5.82,0.517301,151,76,1.98684,0.113951,13.4737,1.17511,5.78146,0.60783,152,76,2,0,13.4737,1.01921,5.73684,0.767231,
87613,"SUCCEEDED","Pagerank_Stage1",12,6,85,8,12,120,70,5,1.0,.90,.3,.9,.5,500,.80,30,60,1,1,1664,1408,1664,2,0,576,531470496,16,150,76,1.97368,0.227901,13.4737,1.59336,5.82,0.517301,151,76,1.98684,0.113951,13.4737,1.17511,5.78146,0.60783,152,76,2,0,13.4737,1.01921,5.73684,0.767231,
75364,"SUCCEEDED","Pagerank_Stage2",12,6,85,8,12,120,70,5,1.0,.90,.3,.9,.5,500,.80,30,60,1,1,1664,1408,1664,2,0,576,531470496,16,150,76,1.97368,0.227901,13.4737,1.59336,5.82,0.517301,151,76,1.98684,0.113951,13.4737,1.17511,5.78146,0.60783,152,76,2,0,13.4737,1.01921,5.73684,0.767231,
35055,"SUCCEEDED","Pagerank_Stage1",12,6,113,10,6,140,20,10,.8,.60,.5,.7,.2,500,.85,70,60,2,4,1280,1920,1536,1,0,248,259947887,16,154,77,2,0,13.2987,0.898266,5.64935,0.725531,155,78,1.98718,0.1125,13.1282,1.43544,5.60645,0.82303,155,78,1.98718,0.1125,13.1154,1.26065,5.6,0.791894,
98581,"SUCCEEDED","Pagerank_Stage2",12,6,113,10,6,140,20,10,.8,.60,.5,.7,.2,500,.85,70,60,2,4,1280,1920,1536,1,0,248,259947887,16,154,77,2,0,13.2987,0.898266,5.64935,0.725531,155,78,1.98718,0.1125,13.1282,1.43544,5.60645,0.82303,155,78,1.98718,0.1125,13.1154,1.26065,5.6,0.791894,
110789,"SUCCEEDED","Pagerank_Stage1",12,6,113,10,6,140,20,10,.8,.60,.5,.7,.2,500,.85,70,60,2,4,1280,1920,1536,1,0,248,259947887,16,154,77,2,0,13.2987,0.898266,5.64935,0.725531,155,78,1.98718,0.1125,13.1282,1.43544,5.60645,0.82303,155,78,1.98718,0.1125,13.1154,1.26065,5.6,0.791894,
99595,"SUCCEEDED","Pagerank_Stage2",12,6,113,10,6,140,20,10,.8,.60,.5,.7,.2,500,.85,70,60,2,4,1280,1920,1536,1,0,248,531470496,16,150,76,1.97368,0.227901,13.4737,1.59336,5.82,0.517301,151,76,1.98684,0.113951,13.4737,1.17511,5.78146,0.60783,152,76,2,0,13.4737,1.01921,5.73684,0.767231,
110767,"SUCCEEDED","Pagerank_Stage1",12,6,113,10,6,140,20,10,.8,.60,.5,.7,.2,500,.85,70,60,2,4,1280,1920,1536,1,0,248,259947887,16,154,77,2,0,13.2987,0.898266,5.64935,0.725531,155,78,1.98718,0.1125,13.1282,1.43544,5.60645,0.82303,155,78,1.98718,0.1125,13.1154,1.26065,5.6,0.791894,
100464,"SUCCEEDED","Pagerank_Stage2",12,6,113,10,6,140,20,10,.8,.60,.5,.7,.2,500,.85,70,60,2,4,1280,1920,1536,1,0,248,531470496,16,150,76,1.97368,0.227901,13.4737,1.59336,5.82,0.517301,151,76,1.98684,0.113951,13.4737,1.17511,5.78146,0.60783,152,76,2,0,13.4737,1.01921,5.73684,0.767231,
20008,"SUCCEEDED","Pagerank_Stage1",12,6,71,6,8,140,40,10,.5,.60,.2,.9,.2,800,.30,100,40,4,4,1408,2048,2048,3,0,423,1811191,16,219,110,1.99091,0.0949119,9.3,0.91998,3.67123,0.670067,218,110,1.98182,0.189824,9.30909,1.1261,3.69266,0.643985,218,109,2,0,9.3945,0.801585,3.69725,0.642595,
46548,"SUCCEEDED","Pagerank_Stage2",12,6,71,6,8,140,40,10,.5,.60,.2,.9,.2,800,.30,100,40,4,4,1408,2048,2048,3,0,423,1811191,16,219,110,1.99091,0.0949119,9.3,0.91998,3.67123,0.670067,218,110,1.98182,0.189824,9.30909,1.1261,3.69266,0.643985,218,109,2,0,9.3945,0.801585,3.69725,0.642595,
53436,"SUCCEEDED","Pagerank_Stage1",12,6,71,6,8,140,40,10,.5,.60,.2,.9,.2,800,.30,100,40,4,4,1408,2048,2048,3,0,423,1811191,16,219,110,1.99091,0.0949119,9.3,0.91998,3.67123,0.670067,218,110,1.98182,0.189824,9.30909,1.1261,3.69266,0.643985,218,109,2,0,9.3945,0.801585,3.69725,0.642595,
46513,"SUCCEEDED","Pagerank_Stage2",12,6,71,6,8,140,40,10,.5,.60,.2,.9,.2,800,.30,100,40,4,4,1408,2048,2048,3,0,423,1811191,16,219,110,1.99091,0.0949119,9.3,0.91998,3.67123,0.670067,218,110,1.98182,0.189824,9.30909,1.1261,3.69266,0.643985,218,109,2,0,9.3945,0.801585,3.69725,0.642595,
53717,"SUCCEEDED","Pagerank_Stage1",12,6,71,6,8,140,40,10,.5,.60,.2,.9,.2,800,.30,100,40,4,4,1408,2048,2048,3,0,423,1811191,16,219,110,1.99091,0.0949119,9.3,0.91998,3.67123,0.670067,218,110,1.98182,0.189824,9.30909,1.1261,3.69266,0.643985,218,109,2,0,9.3945,0.801585,3.69725,0.642595,
47343,"SUCCEEDED","Pagerank_Stage2",12,6,71,6,8,140,40,10,.5,.60,.2,.9,.2,800,.30,100,40,4,4,1408,2048,2048,3,0,423,1811191,16,219,110,1.99091,0.0949119,9.3,0.91998,3.67123,0.670067,218,110,1.98182,0.189824,9.30909,1.1261,3.69266,0.643985,218,109,2,0,9.3945,0.801585,3.69725,0.642595,
48567,"SUCCEEDED","Pagerank_Stage1",12,6,128,12,2,110,50,20,.6,.60,.2,.5,0,1100,.45,10,40,3,2,1536,2048,1664,1,0,1011,531470496,16,150,76,1.97368,0.227901,13.4737,1.59336,5.82,0.517301,151,76,1.98684,0.113951,13.4737,1.17511,5.78146,0.60783,152,76,2,0,13.4737,1.01921,5.73684,0.767231,
115683,"SUCCEEDED","Pagerank_Stage2",12,6,128,12,2,110,50,20,.6,.60,.2,.5,0,1100,.45,10,40,3,2,1536,2048,1664,1,0,1011,531470496,16,150,76,1.97368,0.227901,13.4737,1.59336,5.82,0.517301,151,76,1.98684,0.113951,13.4737,1.17511,5.78146,0.60783,152,76,2,0,13.4737,1.01921,5.73684,0.767231,
131984,"SUCCEEDED","Pagerank_Stage1",12,6,128,12,2,110,50,20,.6,.60,.2,.5,0,1100,.45,10,40,3,2,1536,2048,1664,1,0,1011,531470496,16,150,76,1.97368,0.227901,13.4737,1.59336,5.82,0.517301,151,76,1.98684,0.113951,13.4737,1.17511,5.78146,0.60783,152,76,2,0,13.4737,1.01921,5.73684,0.767231,
116737,"SUCCEEDED","Pagerank_Stage2",12,6,128,12,2,110,50,20,.6,.60,.2,.5,0,1100,.45,10,40,3,2,1536,2048,1664,1,0,1011,531470496,16,150,76,1.97368,0.227901,13.4737,1.59336,5.82,0.517301,151,76,1.98684,0.113951,13.4737,1.17511,5.78146,0.60783,152,76,2,0,13.4737,1.01921,5.73684,0.767231,
131112,"SUCCEEDED","Pagerank_Stage1",12,6,128,12,2,110,50,20,.6,.60,.2,.5,0,1100,.45,10,40,3,2,1536,2048,1664,1,0,1011,531470496,16,150,76,1.97368,0.227901,13.4737,1.59336,5.82,0.517301,151,76,1.98684,0.113951,13.4737,1.17511,5.78146,0.60783,152,76,2,0,13.4737,1.01921,5.73684,0.767231,
117291,"SUCCEEDED","Pagerank_Stage2",12,6,128,12,2,110,50,20,.6,.60,.2,.5,0,1100,.45,10,40,3,2,1536,2048,1664,1,0,1011,531470496,16,150,76,1.97368,0.227901,13.4737,1.59336,5.82,0.517301,151,76,1.98684,0.113951,13.4737,1.17511,5.78146,0.60783,152,76,2,0,13.4737,1.01921,5.73684,0.767231,
23535,"SUCCEEDED","Pagerank_Stage1",12,6,107,8,2,110,20,5,1.0,.95,.5,.8,.7,1700,.35,40,50,1,3,1024,1664,2048,3,0,236,1811191,16,219,110,1.99091,0.0949119,9.3,0.91998,3.67123,0.670067,218,110,1.98182,0.189824,9.30909,1.1261,3.69266,0.643985,218,109,2,0,9.3945,0.801585,3.69725,0.642595,
81266,"SUCCEEDED","Pagerank_Stage2",12,6,107,8,2,110,20,5,1.0,.95,.5,.8,.7,1700,.35,40,50,1,3,1024,1664,2048,3,0,236,1811191,16,219,110,1.99091,0.0949119,9.3,0.91998,3.67123,0.670067,218,110,1.98182,0.189824,9.30909,1.1261,3.69266,0.643985,218,109,2,0,9.3945,0.801585,3.69725,0.642595,
100807,"SUCCEEDED","Pagerank_Stage1",12,6,107,8,2,110,20,5,1.0,.95,.5,.8,.7,1700,.35,40,50,1,3,1024,1664,2048,3,0,236,1811191,16,219,110,1.99091,0.0949119,9.3,0.91998,3.67123,0.670067,218,110,1.98182,0.189824,9.30909,1.1261,3.69266,0.643985,218,109,2,0,9.3945,0.801585,3.69725,0.642595,
92736,"SUCCEEDED","Pagerank_Stage2",12,6,107,8,2,110,20,5,1.0,.95,.5,.8,.7,1700,.35,40,50,1,3,1024,1664,2048,3,0,236,1811191,16,219,110,1.99091,0.0949119,9.3,0.91998,3.67123,0.670067,218,110,1.98182,0.189824,9.30909,1.1261,3.69266,0.643985,218,109,2,0,9.3945,0.801585,3.69725,0.642595,
97833,"SUCCEEDED","Pagerank_Stage1",12,6,107,8,2,110,20,5,1.0,.95,.5,.8,.7,1700,.35,40,50,1,3,1024,1664,2048,3,0,236,1811191,16,219,110,1.99091,0.0949119,9.3,0.91998,3.67123,0.670067,218,110,1.98182,0.189824,9.30909,1.1261,3.69266,0.643985,218,109,2,0,9.3945,0.801585,3.69725,0.642595,
80684,"SUCCEEDED","Pagerank_Stage2",12,6,107,8,2,110,20,5,1.0,.95,.5,.8,.7,1700,.35,40,50,1,3,1024,1664,2048,3,0,236,1811191,16,219,110,1.99091,0.0949119,9.3,0.91998,3.67123,0.670067,218,110,1.98182,0.189824,9.30909,1.1261,3.69266,0.643985,218,109,2,0,9.3945,0.801585,3.69725,0.642595,
21598,"SUCCEEDED","Pagerank_Stage1",12,6,91,6,6,120,50,5,.7,.50,.3,.9,.8,900,.85,70,50,3,2,1792,1664,1792,2,0,811,1811191,16,219,110,1.99091,0.0949119,9.3,0.91998,3.67123,0.670067,218,110,1.98182,0.189824,9.30909,1.1261,3.69266,0.643985,218,109,2,0,9.3945,0.801585,3.69725,0.642595,
71680,"SUCCEEDED","Pagerank_Stage2",12,6,91,6,6,120,50,5,.7,.50,.3,.9,.8,900,.85,70,50,3,2,1792,1664,1792,2,0,811,1811191,16,219,110,1.99091,0.0949119,9.3,0.91998,3.67123,0.670067,218,110,1.98182,0.189824,9.30909,1.1261,3.69266,0.643985,218,109,2,0,9.3945,0.801585,3.69725,0.642595,
79116,"SUCCEEDED","Pagerank_Stage1",12,6,91,6,6,120,50,5,.7,.50,.3,.9,.8,900,.85,70,50,3,2,1792,1664,1792,2,0,811,1811191,16,219,110,1.99091,0.0949119,9.3,0.91998,3.67123,0.670067,218,110,1.98182,0.189824,9.30909,1.1261,3.69266,0.643985,218,109,2,0,9.3945,0.801585,3.69725,0.642595,
71712,"SUCCEEDED","Pagerank_Stage2",12,6,91,6,6,120,50,5,.7,.50,.3,.9,.8,900,.85,70,50,3,2,1792,1664,1792,2,0,811,1811191,16,219,110,1.99091,0.0949119,9.3,0.91998,3.67123,0.670067,218,110,1.98182,0.189824,9.30909,1.1261,3.69266,0.643985,218,109,2,0,9.3945,0.801585,3.69725,0.642595,
80288,"SUCCEEDED","Pagerank_Stage1",12,6,91,6,6,120,50,5,.7,.50,.3,.9,.8,900,.85,70,50,3,2,1792,1664,1792,2,0,811,1811191,16,219,110,1.99091,0.0949119,9.3,0.91998,3.67123,0.670067,218,110,1.98182,0.189824,9.30909,1.1261,3.69266,0.643985,218,109,2,0,9.3945,0.801585,3.69725,0.642595,
71810,"SUCCEEDED","Pagerank_Stage2",12,6,91,6,6,120,50,5,.7,.50,.3,.9,.8,900,.85,70,50,3,2,1792,1664,1792,2,0,811,1811191,16,219,110,1.99091,0.0949119,9.3,0.91998,3.67123,0.670067,218,110,1.98182,0.189824,9.30909,1.1261,3.69266,0.643985,218,109,2,0,9.3945,0.801585,3.69725,0.642595,
36060,"SUCCEEDED","Pagerank_Stage1",12,6,33,4,4,130,20,5,.7,1.00,.5,.9,1.0,1200,.80,40,50,4,3,1792,1024,1920,2,0,433,531470496,16,150,76,1.97368,0.227901,13.4737,1.59336,5.82,0.517301,151,76,1.98684,0.113951,13.4737,1.17511,5.78146,0.60783,152,76,2,0,13.4737,1.01921,5.73684,0.767231,
24734,"SUCCEEDED","Pagerank_Stage2",12,6,33,4,4,130,20,5,.7,1.00,.5,.9,1.0,1200,.80,40,50,4,3,1792,1024,1920,2,0,433,531470496,16,150,76,1.97368,0.227901,13.4737,1.59336,5.82,0.517301,151,76,1.98684,0.113951,13.4737,1.17511,5.78146,0.60783,152,76,2,0,13.4737,1.01921,5.73684,0.767231,
36273,"SUCCEEDED","Pagerank_Stage1",12,6,33,4,4,130,20,5,.7,1.00,.5,.9,1.0,1200,.80,40,50,4,3,1792,1024,1920,2,0,433,531470496,16,150,76,1.97368,0.227901,13.4737,1.59336,5.82,0.517301,151,76,1.98684,0.113951,13.4737,1.17511,5.78146,0.60783,152,76,2,0,13.4737,1.01921,5.73684,0.767231,
27013,"SUCCEEDED","Pagerank_Stage2",12,6,33,4,4,130,20,5,.7,1.00,.5,.9,1.0,1200,.80,40,50,4,3,1792,1024,1920,2,0,433,531470496,16,150,76,1.97368,0.227901,13.4737,1.59336,5.82,0.517301,151,76,1.98684,0.113951,13.4737,1.17511,5.78146,0.60783,152,76,2,0,13.4737,1.01921,5.73684,0.767231,
40242,"SUCCEEDED","Pagerank_Stage1",12,6,33,4,4,130,20,5,.7,1.00,.5,.9,1.0,1200,.80,40,50,4,3,1792,1024,1920,2,0,433,531470496,16,150,76,1.97368,0.227901,13.4737,1.59336,5.82,0.517301,151,76,1.98684,0.113951,13.4737,1.17511,5.78146,0.60783,152,76,2,0,13.4737,1.01921,5.73684,0.767231,
31026,"SUCCEEDED","Pagerank_Stage2",12,6,33,4,4,130,20,5,.7,1.00,.5,.9,1.0,1200,.80,40,50,4,3,1792,1024,1920,2,0,433,531470496,16,150,76,1.97368,0.227901,13.4737,1.59336,5.82,0.517301,151,76,1.98684,0.113951,13.4737,1.17511,5.78146,0.60783,152,76,2,0,13.4737,1.01921,5.73684,0.767231,
12689,"SUCCEEDED","Pagerank_Stage1",12,6,15,12,6,130,20,20,.5,.65,.5,.9,1.0,600,.30,90,60,2,3,1024,1408,1920,3,0,620,1811191,16,219,110,1.99091,0.0949119,9.3,0.91998,3.67123,0.670067,218,110,1.98182,0.189824,9.30909,1.1261,3.69266,0.643985,218,109,2,0,9.3945,0.801585,3.69725,0.642595,
12696,"SUCCEEDED","Pagerank_Stage2",12,6,15,12,6,130,20,20,.5,.65,.5,.9,1.0,600,.30,90,60,2,3,1024,1408,1920,3,0,620,1811191,16,219,110,1.99091,0.0949119,9.3,0.91998,3.67123,0.670067,218,110,1.98182,0.189824,9.30909,1.1261,3.69266,0.643985,218,109,2,0,9.3945,0.801585,3.69725,0.642595,
13462,"SUCCEEDED","Pagerank_Stage1",12,6,15,12,6,130,20,20,.5,.65,.5,.9,1.0,600,.30,90,60,2,3,1024,1408,1920,3,0,620,1811191,16,219,110,1.99091,0.0949119,9.3,0.91998,3.67123,0.670067,218,110,1.98182,0.189824,9.30909,1.1261,3.69266,0.643985,218,109,2,0,9.3945,0.801585,3.69725,0.642595,
12586,"SUCCEEDED","Pagerank_Stage2",12,6,15,12,6,130,20,20,.5,.65,.5,.9,1.0,600,.30,90,60,2,3,1024,1408,1920,3,0,620,1811191,16,219,110,1.99091,0.0949119,9.3,0.91998,3.67123,0.670067,218,110,1.98182,0.189824,9.30909,1.1261,3.69266,0.643985,218,109,2,0,9.3945,0.801585,3.69725,0.642595,
13497,"SUCCEEDED","Pagerank_Stage1",12,6,15,12,6,130,20,20,.5,.65,.5,.9,1.0,600,.30,90,60,2,3,1024,1408,1920,3,0,620,1811191,16,219,110,1.99091,0.0949119,9.3,0.91998,3.67123,0.670067,218,110,1.98182,0.189824,9.30909,1.1261,3.69266,0.643985,218,109,2,0,9.3945,0.801585,3.69725,0.642595,
12584,"SUCCEEDED","Pagerank_Stage2",12,6,15,12,6,130,20,20,.5,.65,.5,.9,1.0,600,.30,90,60,2,3,1024,1408,1920,3,0,620,1811191,16,219,110,1.99091,0.0949119,9.3,0.91998,3.67123,0.670067,218,110,1.98182,0.189824,9.30909,1.1261,3.69266,0.643985,218,109,2,0,9.3945,0.801585,3.69725,0.642595,
