37422,0,0,3,6,52,10,8,100,100,15,.9,.65,.2,.6,.4,1000,.45,100,60,3,3,1920,2048,1920,1,0,665,320000000,8,2,1,2,0,885,0,884,0,2,1,2,0,883,0,882,0,4,1,4,0,880,0,879,0,
143012,0,0,1,6,55,6,8,140,10,15,.5,.65,.2,.5,.4,800,1.00,80,40,2,2,1024,1792,1536,3,0,442,3200000000,8,3,1,3,0,882,0,440,267,4,1,4,0,889,0,444,185,2,1,2,0,882,0,882,0,
2514254,0,0,1,6,30,10,4,120,10,10,1.0,.65,.3,.8,.7,900,0,60,60,1,3,1664,1408,1536,1,0,946,32000000000,8,2,1,2,0,887,0,888,0,3,2,1.5,0.5,440.5,103.5,292.667,153.328,3,1,3,0,886,0,886,0,
2336377,0,0,1,6,35,4,6,120,90,5,.7,.80,.5,.9,1.0,500,0,100,40,1,3,1024,1024,1280,1,0,210,32000000000,8,2,1,2,0,887,0,888,0,3,2,1.5,0.5,440.5,103.5,292.667,153.328,3,1,3,0,886,0,886,0,
85379,0,0,3,6,29,12,6,100,100,20,.6,.60,.4,.9,.3,600,.70,90,40,4,2,2048,1792,1280,4,0,296,3200000000,8,3,1,3,0,882,0,440,267,4,1,4,0,889,0,444,185,2,1,2,0,882,0,882,0,
1556336,0,0,1,6,76,10,2,100,10,20,1.0,.55,.5,.6,.3,1800,.40,20,50,3,2,1792,1920,1920,2,0,480,32000000000,8,2,1,2,0,887,0,888,0,3,2,1.5,0.5,440.5,103.5,292.667,153.328,3,1,3,0,886,0,886,0,
51678,0,0,12,6,84,12,6,130,70,10,.5,.85,.3,.7,.4,1300,.50,80,60,1,4,1024,1536,1024,3,0,873,3200000000,8,3,1,3,0,882,0,440,267,4,1,4,0,889,0,444,185,2,1,2,0,882,0,882,0,
178849,0,0,3,6,63,10,12,120,60,20,.5,.60,.2,.8,.7,1000,.10,100,50,1,1,1408,2048,2048,2,0,290,10000000000,8,3,1,3,0,894,0,446,17,2,1,2,0,883,0,882,0,5,2,2.5,0.5,443,163,294.333,224.383,
272286,0,0,3,6,48,12,10,130,20,20,.7,1.00,.2,.8,.3,700,.30,100,40,2,1,2048,1280,1024,2,0,285,10000000000,8,3,1,3,0,894,0,446,17,2,1,2,0,883,0,882,0,5,2,2.5,0.5,443,163,294.333,224.383,
243038,0,0,3,6,95,4,2,150,70,10,.6,.55,.3,.9,0,600,.60,90,40,1,1,1792,1152,1408,3,0,556,10000000000,8,3,1,3,0,894,0,446,17,2,1,2,0,883,0,882,0,5,2,2.5,0.5,443,163,294.333,224.383,
123833,0,0,1,6,9,4,6,130,60,5,.6,.60,.2,.8,.9,1800,.30,100,60,3,3,1536,1792,1536,2,0,859,3200000000,8,3,1,3,0,882,0,440,267,4,1,4,0,889,0,444,185,2,1,2,0,882,0,882,0,
395807,0,0,1,6,122,12,6,130,50,15,.9,.85,.3,.7,.9,500,.35,40,60,4,2,1024,2048,1152,4,0,218,10000000000,8,3,1,3,0,894,0,446,17,2,1,2,0,883,0,882,0,5,2,2.5,0.5,443,163,294.333,224.383,
358142,0,0,1,6,73,4,10,130,60,10,.8,.55,.5,.9,.3,900,.95,40,60,4,1,2048,1408,1792,1,0,989,10000000000,8,3,1,3,0,894,0,446,17,2,1,2,0,883,0,882,0,5,2,2.5,0.5,443,163,294.333,224.383,
2740392,0,0,1,6,11,12,10,140,50,5,.8,.80,.5,.9,.4,1300,.70,90,40,3,4,1536,1536,1792,3,0,200,32000000000,8,2,1,2,0,887,0,888,0,3,2,1.5,0.5,440.5,103.5,292.667,153.328,3,1,3,0,886,0,886,0,
1951338,0,0,1,6,43,6,12,110,60,15,1.0,.55,.5,.6,.8,1200,.60,30,60,4,4,1024,1024,1024,4,0,645,32000000000,8,2,1,2,0,887,0,888,0,3,2,1.5,0.5,440.5,103.5,292.667,153.328,3,1,3,0,886,0,886,0,
95509,0,0,3,6,8,8,2,140,40,5,.5,1.00,.5,.6,.9,1200,.80,10,60,3,4,2048,1792,1920,3,0,385,3200000000,8,3,1,3,0,882,0,440,267,4,1,4,0,889,0,444,185,2,1,2,0,882,0,882,0,
142334,0,0,6,6,70,10,4,140,70,10,.6,1.00,.3,.7,.8,1900,.90,10,60,2,1,1024,1664,1152,1,0,969,10000000000,8,3,1,3,0,894,0,446,17,2,1,2,0,883,0,882,0,5,2,2.5,0.5,443,163,294.333,224.383,
21999,0,0,1,6,3,4,2,100,20,10,.8,.60,.5,.9,.5,900,.45,100,60,3,2,1536,1024,1536,1,0,550,320000000,8,2,1,2,0,885,0,884,0,2,1,2,0,883,0,882,0,4,1,4,0,880,0,879,0,
154011,0,0,6,6,39,2,8,120,100,5,.9,.90,.3,.7,.4,600,1.00,10,50,3,4,1408,1152,1408,4,0,311,10000000000,8,3,1,3,0,894,0,446,17,2,1,2,0,883,0,882,0,5,2,2.5,0.5,443,163,294.333,224.383,
749463,0,0,12,6,24,12,12,140,80,5,.6,.60,.2,.6,.1,1100,.95,30,40,4,3,1792,1920,1152,1,0,913,32000000000,8,2,1,2,0,887,0,888,0,3,2,1.5,0.5,440.5,103.5,292.667,153.328,3,1,3,0,886,0,886,0,
145475,0,0,12,6,119,2,2,130,40,5,.6,.60,.5,.7,.4,1600,1.00,90,60,3,1,1408,1024,1536,4,0,599,10000000000,8,3,1,3,0,894,0,446,17,2,1,2,0,883,0,882,0,5,2,2.5,0.5,443,163,294.333,224.383,
381690,0,0,1,6,42,2,6,120,40,20,1.0,.70,.4,.6,.8,1900,.35,90,40,4,3,1152,1152,2048,2,0,332,10000000000,8,3,1,3,0,894,0,446,17,2,1,2,0,883,0,882,0,5,2,2.5,0.5,443,163,294.333,224.383,
1627836,0,0,3,6,19,6,4,130,30,15,.5,.65,.5,.7,.6,1600,.10,70,60,2,2,1024,1792,1920,1,0,672,32000000000,8,2,1,2,0,887,0,888,0,3,2,1.5,0.5,440.5,103.5,292.667,153.328,3,1,3,0,886,0,886,0,
474081,0,0,12,6,85,2,6,130,90,20,.6,.55,.4,.9,.2,1500,.40,60,40,1,1,1152,1536,2048,2,0,384,32000000000,8,2,1,2,0,887,0,888,0,3,2,1.5,0.5,440.5,103.5,292.667,153.328,3,1,3,0,886,0,886,0,
99785,0,0,3,6,80,8,6,130,30,5,.6,.75,.4,.8,.3,1500,.35,40,60,2,4,1152,1792,1536,3,0,210,3200000000,8,3,1,3,0,882,0,440,267,4,1,4,0,889,0,444,185,2,1,2,0,882,0,882,0,
49584,0,0,12,6,62,6,6,100,80,10,.8,.50,.4,.7,.3,1500,.65,70,50,3,3,1024,1152,1408,1,0,607,3200000000,8,3,1,3,0,882,0,440,267,4,1,4,0,889,0,444,185,2,1,2,0,882,0,882,0,
29565,0,0,6,6,81,12,2,130,40,10,.6,1.00,.5,.9,.6,1800,0,60,40,2,1,1024,1664,1152,3,0,846,320000000,8,2,1,2,0,885,0,884,0,2,1,2,0,883,0,882,0,4,1,4,0,880,0,879,0,
77326,0,1,6,6,123,10,8,204,10,5,0.70,0.66,0.25,0.80,0.0,1000,0.05,10,40,1,1,512,1024,512,1,0,200,3200000000,8,3,1,3,0,882,0,440,267,4,1,4,0,889,0,444,185,2,1,2,0,882,0,882,0,
35776,0,0,6,6,109,12,8,150,70,15,.6,.50,.2,.6,.2,1700,1.00,100,60,1,3,1280,2048,1024,1,0,993,320000000,8,2,1,2,0,885,0,884,0,2,1,2,0,883,0,882,0,4,1,4,0,880,0,879,0,
63563,0,0,6,6,29,10,10,140,50,10,.8,.55,.2,.9,.9,1900,.15,80,50,4,1,1408,2048,1920,1,0,543,3200000000,8,3,1,3,0,882,0,440,267,4,1,4,0,889,0,444,185,2,1,2,0,882,0,882,0,
67764,0,0,6,6,9,2,2,140,80,5,.8,.60,.2,.8,.2,1400,1.00,60,60,1,3,1280,1408,1536,1,0,790,3200000000,8,3,1,3,0,882,0,440,267,4,1,4,0,889,0,444,185,2,1,2,0,882,0,882,0,
27321,0,0,1,6,4,4,6,100,70,5,.5,.70,.4,.8,.5,1400,.90,50,60,2,2,1280,1920,1664,1,0,992,320000000,8,2,1,2,0,885,0,884,0,2,1,2,0,883,0,882,0,4,1,4,0,880,0,879,0,
131569,0,0,1,6,43,12,2,140,80,20,1.0,.50,.4,.9,.3,2000,1.00,10,60,2,1,2048,1024,1408,4,0,489,3200000000,8,3,1,3,0,882,0,440,267,4,1,4,0,889,0,444,185,2,1,2,0,882,0,882,0,
67806,0,1,6,6,6,4,6,204,10,5,0.70,0.66,0.25,0.80,0.0,1000,0.05,10,40,1,1,512,1024,512,1,0,200,3200000000,8,3,1,3,0,882,0,440,267,4,1,4,0,889,0,444,185,2,1,2,0,882,0,882,0,
909212,0,0,6,6,96,8,10,110,50,15,.6,.90,.2,.6,.3,1100,.85,80,60,4,1,1792,1664,1280,2,0,872,32000000000,8,2,1,2,0,887,0,888,0,3,2,1.5,0.5,440.5,103.5,292.667,153.328,3,1,3,0,886,0,886,0,
391268,0,0,1,6,115,2,10,100,90,10,.6,.55,.5,.6,.6,1100,1.00,80,60,3,2,1280,1024,1152,3,0,370,10000000000,8,3,1,3,0,894,0,446,17,2,1,2,0,883,0,882,0,5,2,2.5,0.5,443,163,294.333,224.383,
784024,0,0,12,6,92,8,8,110,10,15,.8,.65,.4,.8,.8,800,.80,60,50,1,4,1152,1792,1536,2,0,867,32000000000,8,2,1,2,0,887,0,888,0,3,2,1.5,0.5,440.5,103.5,292.667,153.328,3,1,3,0,886,0,886,0,
62338,0,0,6,6,96,8,8,110,100,5,.8,.50,.4,.9,.6,1200,.55,70,50,3,1,1792,1024,1152,2,0,929,3200000000,8,3,1,3,0,882,0,440,267,4,1,4,0,889,0,444,185,2,1,2,0,882,0,882,0,
23074,0,0,6,6,49,4,10,120,40,10,.8,.80,.5,.8,.1,1400,.25,50,40,1,1,1280,1536,1920,3,0,417,320000000,8,2,1,2,0,885,0,884,0,2,1,2,0,883,0,882,0,4,1,4,0,880,0,879,0,
69890,0,0,3,6,33,12,2,150,90,15,.5,.85,.2,.6,.2,1600,.30,70,40,1,4,1408,1920,2048,1,0,939,3200000000,8,3,1,3,0,882,0,440,267,4,1,4,0,889,0,444,185,2,1,2,0,882,0,882,0,
51736,0,0,3,6,103,2,8,120,10,5,.8,.85,.3,.6,.3,1300,.20,60,40,3,2,1536,1152,1152,3,0,697,320000000,8,2,1,2,0,885,0,884,0,2,1,2,0,883,0,882,0,4,1,4,0,880,0,879,0,
2051234,0,0,1,6,71,10,8,120,90,15,.5,.60,.2,.9,0,1800,.45,70,50,3,3,1920,1536,1920,1,0,299,32000000000,8,2,1,2,0,887,0,888,0,3,2,1.5,0.5,440.5,103.5,292.667,153.328,3,1,3,0,886,0,886,0,
22742,0,0,3,6,4,10,10,110,70,20,.6,.55,.4,.7,.1,600,.85,100,50,1,1,1664,1536,1280,3,0,489,320000000,8,2,1,2,0,885,0,884,0,2,1,2,0,883,0,882,0,4,1,4,0,880,0,879,0,
402074,0,0,1,6,48,8,12,140,50,20,.9,.55,.3,.9,.6,1400,0,50,50,3,4,1280,1536,1920,4,0,590,10000000000,8,3,1,3,0,894,0,446,17,2,1,2,0,883,0,882,0,5,2,2.5,0.5,443,163,294.333,224.383,
191444,0,0,3,6,54,10,12,110,100,20,.5,.70,.2,.7,.9,1200,.05,50,40,4,2,1664,1792,1920,4,0,415,10000000000,8,3,1,3,0,894,0,446,17,2,1,2,0,883,0,882,0,5,2,2.5,0.5,443,163,294.333,224.383,
31196,0,0,3,6,49,8,12,150,20,15,.5,.60,.5,.6,.7,1600,.05,100,50,2,2,1536,2048,2048,1,0,968,320000000,8,2,1,2,0,885,0,884,0,2,1,2,0,883,0,882,0,4,1,4,0,880,0,879,0,
138231,0,0,12,6,51,8,2,150,90,15,.7,.80,.2,.8,.8,1500,1.00,80,40,1,2,1152,1280,1792,2,0,808,10000000000,8,3,1,3,0,894,0,446,17,2,1,2,0,883,0,882,0,5,2,2.5,0.5,443,163,294.333,224.383,
161450,0,0,6,6,41,8,10,120,30,20,.9,.80,.3,.8,.2,2000,.70,40,40,3,4,1152,1920,2048,1,0,289,10000000000,8,3,1,3,0,894,0,446,17,2,1,2,0,883,0,882,0,5,2,2.5,0.5,443,163,294.333,224.383,
48104,0,0,3,6,94,2,8,100,50,15,.7,.65,.2,.7,.5,900,.05,60,60,1,3,1152,1024,1664,2,0,564,320000000,8,2,1,2,0,885,0,884,0,2,1,2,0,883,0,882,0,4,1,4,0,880,0,879,0,
728776,0,0,12,6,71,2,4,110,40,15,.9,.90,.3,.8,.3,1200,.85,70,60,1,2,1024,1024,1920,2,0,964,32000000000,8,2,1,2,0,887,0,888,0,3,2,1.5,0.5,440.5,103.5,292.667,153.328,3,1,3,0,886,0,886,0,
74723,0,1,6,6,111,10,8,204,10,5,0.70,0.66,0.25,0.80,0.0,1000,0.05,10,40,1,1,512,1024,512,1,0,200,3200000000,8,3,1,3,0,882,0,440,267,4,1,4,0,889,0,444,185,2,1,2,0,882,0,882,0,
934867,0,0,3,6,25,12,2,120,70,15,.8,.65,.3,.8,.1,600,.30,70,40,1,4,1152,1920,1536,2,0,964,32000000000,8,2,1,2,0,887,0,888,0,3,2,1.5,0.5,440.5,103.5,292.667,153.328,3,1,3,0,886,0,886,0,
272004,0,0,6,6,85,2,6,110,80,20,.6,.85,.3,.8,.4,1700,.65,90,40,3,1,1408,2048,1024,3,0,233,10000000000,8,3,1,3,0,894,0,446,17,2,1,2,0,883,0,882,0,5,2,2.5,0.5,443,163,294.333,224.383,
749287,0,0,12,6,108,6,2,130,80,20,.7,.65,.2,.7,.2,1600,.80,30,60,2,3,1024,1152,1408,2,0,724,32000000000,8,2,1,2,0,887,0,888,0,3,2,1.5,0.5,440.5,103.5,292.667,153.328,3,1,3,0,886,0,886,0,
330230,0,0,6,6,115,4,12,110,30,15,.8,.75,.5,.8,.8,1900,.90,90,60,3,1,1664,1280,1152,1,0,513,10000000000,8,3,1,3,0,894,0,446,17,2,1,2,0,883,0,882,0,5,2,2.5,0.5,443,163,294.333,224.383,
67505,0,0,3,6,43,12,2,140,100,10,.9,.60,.2,.8,.9,800,.40,70,60,2,3,1920,1152,1152,2,0,394,3200000000,8,3,1,3,0,882,0,440,267,4,1,4,0,889,0,444,185,2,1,2,0,882,0,882,0,
90899,0,0,6,6,117,8,4,100,10,10,.8,.60,.4,.9,.2,1800,.70,40,40,1,4,2048,1024,1408,2,0,325,3200000000,8,3,1,3,0,882,0,440,267,4,1,4,0,889,0,444,185,2,1,2,0,882,0,882,0,
51198,0,0,12,6,53,8,10,130,40,20,.7,.55,.2,.8,.4,2000,.30,90,40,1,4,1792,1024,1408,4,0,902,3200000000,8,3,1,3,0,882,0,440,267,4,1,4,0,889,0,444,185,2,1,2,0,882,0,882,0,
73903,0,0,12,6,101,8,2,130,100,20,.6,.90,.4,.9,.2,1900,.50,90,40,2,3,1152,1792,2048,4,0,764,3200000000,8,3,1,3,0,882,0,440,267,4,1,4,0,889,0,444,185,2,1,2,0,882,0,882,0,
1554639,0,0,1,6,108,4,2,130,50,10,.9,1.00,.3,.9,0,1700,.45,10,40,4,3,1024,1024,1280,2,0,634,32000000000,8,2,1,2,0,887,0,888,0,3,2,1.5,0.5,440.5,103.5,292.667,153.328,3,1,3,0,886,0,886,0,
17956,0,0,6,6,20,4,12,120,20,15,.9,.50,.4,.5,0,1100,.15,60,40,4,4,1664,1792,1536,2,0,794,320000000,8,2,1,2,0,885,0,884,0,2,1,2,0,883,0,882,0,4,1,4,0,880,0,879,0,
478301,0,0,1,6,108,4,6,130,60,20,1.0,.85,.2,.7,.6,700,.55,50,50,3,2,1920,1280,1280,4,0,942,10000000000,8,3,1,3,0,894,0,446,17,2,1,2,0,883,0,882,0,5,2,2.5,0.5,443,163,294.333,224.383,
922257,0,0,3,6,81,6,4,110,50,5,.5,.90,.5,.7,.3,1400,.05,60,60,4,3,1408,1152,1920,3,0,538,32000000000,8,2,1,2,0,887,0,888,0,3,2,1.5,0.5,440.5,103.5,292.667,153.328,3,1,3,0,886,0,886,0,
1150418,0,0,3,6,78,8,2,150,20,20,.8,.65,.2,.8,.8,2000,.90,100,50,3,2,1024,1280,2048,3,0,815,32000000000,8,2,1,2,0,887,0,888,0,3,2,1.5,0.5,440.5,103.5,292.667,153.328,3,1,3,0,886,0,886,0,
1124418,0,0,6,6,107,6,12,120,80,10,.9,1.00,.5,.5,0,700,.85,80,60,1,1,1024,1280,1152,2,0,467,32000000000,8,2,1,2,0,887,0,888,0,3,2,1.5,0.5,440.5,103.5,292.667,153.328,3,1,3,0,886,0,886,0,
25317,0,0,3,6,20,10,2,130,50,5,1.0,.75,.2,.6,.9,1800,.10,40,50,2,2,1408,1536,1280,2,0,982,320000000,8,2,1,2,0,885,0,884,0,2,1,2,0,883,0,882,0,4,1,4,0,880,0,879,0,
114753,0,0,3,6,106,6,8,110,50,20,.7,.95,.2,.5,.3,500,1.00,40,60,1,3,1152,1152,1280,3,0,961,3200000000,8,3,1,3,0,882,0,440,267,4,1,4,0,889,0,444,185,2,1,2,0,882,0,882,0,
2666057,0,0,1,6,14,10,8,130,90,20,.7,.95,.5,.9,1.0,600,.10,100,40,2,1,1792,1152,1536,3,0,252,32000000000,8,2,1,2,0,887,0,888,0,3,2,1.5,0.5,440.5,103.5,292.667,153.328,3,1,3,0,886,0,886,0,
515181,0,0,1,6,128,2,8,110,60,15,.6,.85,.2,.9,0,500,.35,30,50,3,2,1664,1920,1408,1,0,759,10000000000,8,3,1,3,0,894,0,446,17,2,1,2,0,883,0,882,0,5,2,2.5,0.5,443,163,294.333,224.383,
22722,0,0,3,6,4,8,4,120,10,5,.7,.75,.3,.6,.6,1600,.65,40,40,1,1,1280,2048,1408,4,0,887,320000000,8,2,1,2,0,885,0,884,0,2,1,2,0,883,0,882,0,4,1,4,0,880,0,879,0,
40709,0,0,6,6,107,2,10,100,50,15,.5,.55,.5,.7,.6,2000,.30,70,60,4,1,2048,1920,1280,1,0,755,320000000,8,2,1,2,0,885,0,884,0,2,1,2,0,883,0,882,0,4,1,4,0,880,0,879,0,
1029812,0,0,3,6,49,12,2,120,10,10,1.0,.65,.5,.9,.1,1600,.55,40,40,3,4,1536,1664,1920,4,0,587,32000000000,8,2,1,2,0,887,0,888,0,3,2,1.5,0.5,440.5,103.5,292.667,153.328,3,1,3,0,886,0,886,0,
34110,0,0,6,6,84,2,4,100,80,5,.8,.65,.4,.6,1.0,600,.35,80,50,1,4,1024,1792,1792,4,0,619,320000000,8,2,1,2,0,885,0,884,0,2,1,2,0,883,0,882,0,4,1,4,0,880,0,879,0,
766259,0,0,12,6,127,10,4,130,100,10,.7,.70,.5,.5,.1,1500,.20,40,40,4,2,1664,1024,1280,1,0,549,32000000000,8,2,1,2,0,887,0,888,0,3,2,1.5,0.5,440.5,103.5,292.667,153.328,3,1,3,0,886,0,886,0,
123024,0,0,12,6,1,8,12,140,60,5,.6,.55,.2,.6,.9,1100,.75,70,40,3,1,1536,1152,1792,3,0,520,3200000000,8,3,1,3,0,882,0,440,267,4,1,4,0,889,0,444,185,2,1,2,0,882,0,882,0,
173549,0,0,3,6,26,10,6,120,80,10,.6,.55,.3,.8,.6,500,.15,70,40,3,4,1536,1792,2048,3,0,266,10000000000,8,3,1,3,0,894,0,446,17,2,1,2,0,883,0,882,0,5,2,2.5,0.5,443,163,294.333,224.383,
843762,0,0,12,6,16,2,6,140,100,20,.9,.90,.3,.7,.1,1100,1.00,100,60,1,1,1792,1920,1280,3,0,764,32000000000,8,2,1,2,0,887,0,888,0,3,2,1.5,0.5,440.5,103.5,292.667,153.328,3,1,3,0,886,0,886,0,
26509,0,1,6,6,77,8,2,204,10,5,0.70,0.66,0.25,0.80,0.0,1000,0.05,10,40,1,1,512,1024,512,1,0,200,320000000,8,2,1,2,0,885,0,884,0,2,1,2,0,883,0,882,0,4,1,4,0,880,0,879,0,
87938,0,0,1,6,67,12,4,150,40,20,.6,.75,.3,.6,.7,700,.60,30,50,2,1,1920,1152,1536,4,0,604,320000000,8,2,1,2,0,885,0,884,0,2,1,2,0,883,0,882,0,4,1,4,0,880,0,879,0,
64759,0,0,3,6,123,10,12,100,70,20,.6,.55,.4,.8,.2,1600,.10,70,60,2,4,1920,1152,1152,1,0,552,320000000,8,2,1,2,0,885,0,884,0,2,1,2,0,883,0,882,0,4,1,4,0,880,0,879,0,
50342,0,0,3,6,83,8,8,100,40,10,.9,.55,.5,.8,.2,1900,.70,40,60,4,1,1536,2048,1152,3,0,836,320000000,8,2,1,2,0,885,0,884,0,2,1,2,0,883,0,882,0,4,1,4,0,880,0,879,0,
24863,0,0,1,6,4,12,4,130,70,20,.7,.80,.4,.5,.8,1200,.25,70,50,4,4,1920,1792,1664,1,0,363,320000000,8,2,1,2,0,885,0,884,0,2,1,2,0,883,0,882,0,4,1,4,0,880,0,879,0,
769797,0,0,12,6,99,6,4,140,60,5,.5,.90,.3,.7,0,800,1.00,20,40,2,1,1792,1536,1920,3,0,235,32000000000,8,2,1,2,0,887,0,888,0,3,2,1.5,0.5,440.5,103.5,292.667,153.328,3,1,3,0,886,0,886,0,
383328,0,0,1,6,89,6,8,120,90,5,.6,1.00,.5,.5,.4,1700,.45,80,50,1,3,1024,1664,1024,3,0,1007,10000000000,8,3,1,3,0,894,0,446,17,2,1,2,0,883,0,882,0,5,2,2.5,0.5,443,163,294.333,224.383,
64812,0,0,12,6,102,12,4,150,90,20,.6,.75,.5,.6,.2,2000,.50,50,60,1,1,1792,1024,1664,2,0,295,3200000000,8,3,1,3,0,882,0,440,267,4,1,4,0,889,0,444,185,2,1,2,0,882,0,882,0,
460772,0,0,12,6,57,10,8,110,20,5,1.0,.75,.4,.7,.1,1000,.30,10,60,2,2,1280,1792,2048,1,0,524,32000000000,8,2,1,2,0,887,0,888,0,3,2,1.5,0.5,440.5,103.5,292.667,153.328,3,1,3,0,886,0,886,0,
112258,0,0,1,6,89,2,2,100,60,20,.5,.85,.5,.9,.4,1300,.55,100,60,1,1,2048,1280,1664,3,0,598,320000000,8,2,1,2,0,885,0,884,0,2,1,2,0,883,0,882,0,4,1,4,0,880,0,879,0,
109423,0,0,1,6,86,4,10,140,70,10,.9,.85,.3,.5,0,1800,.25,50,60,1,1,1024,1408,1408,1,0,654,320000000,8,2,1,2,0,885,0,884,0,2,1,2,0,883,0,882,0,4,1,4,0,880,0,879,0,
97755,0,0,1,6,79,12,8,100,20,10,.5,.85,.2,.7,.6,600,.20,60,40,4,1,1536,1536,1152,4,0,477,320000000,8,2,1,2,0,885,0,884,0,2,1,2,0,883,0,882,0,4,1,4,0,880,0,879,0,
1718778,0,0,1,6,44,2,10,150,100,15,.9,.50,.3,.8,.3,1200,.65,90,50,2,1,1280,1920,1152,2,0,369,32000000000,8,2,1,2,0,887,0,888,0,3,2,1.5,0.5,440.5,103.5,292.667,153.328,3,1,3,0,886,0,886,0,
23593,0,0,12,6,74,8,8,100,10,20,.6,1.00,.3,.7,.7,1700,.05,80,40,3,4,1792,1408,1792,1,0,651,320000000,8,2,1,2,0,885,0,884,0,2,1,2,0,883,0,882,0,4,1,4,0,880,0,879,0,
167498,0,0,3,6,119,12,6,110,80,10,.6,.50,.4,.5,.7,2000,.95,60,40,2,3,1152,1152,1280,2,0,414,10000000000,8,3,1,3,0,894,0,446,17,2,1,2,0,883,0,882,0,5,2,2.5,0.5,443,163,294.333,224.383,
268219,0,0,3,6,42,2,10,130,30,10,.6,.65,.5,.9,.8,700,.05,100,60,1,1,2048,1920,1280,3,0,683,10000000000,8,3,1,3,0,894,0,446,17,2,1,2,0,883,0,882,0,5,2,2.5,0.5,443,163,294.333,224.383,
445377,0,0,12,6,63,10,12,100,20,15,.6,.75,.3,.5,.7,1200,.50,40,40,1,4,1408,1280,1024,1,0,594,32000000000,8,2,1,2,0,887,0,888,0,3,2,1.5,0.5,440.5,103.5,292.667,153.328,3,1,3,0,886,0,886,0,
32092,0,0,1,6,12,2,6,110,100,20,.9,.60,.4,.7,.8,1000,.30,30,40,4,4,1792,1920,1024,4,0,786,320000000,8,2,1,2,0,885,0,884,0,2,1,2,0,883,0,882,0,4,1,4,0,880,0,879,0,
23620,0,0,12,6,74,2,10,120,10,15,.8,1.00,.4,.5,0,1600,.05,100,40,4,4,1664,1024,1408,3,0,226,320000000,8,2,1,2,0,885,0,884,0,2,1,2,0,883,0,882,0,4,1,4,0,880,0,879,0,
31007,0,0,3,6,31,12,2,150,60,5,.8,.80,.4,.6,.9,1900,.30,70,40,3,3,1280,1536,1152,4,0,218,320000000,8,2,1,2,0,885,0,884,0,2,1,2,0,883,0,882,0,4,1,4,0,880,0,879,0,
136626,0,0,12,6,33,8,6,140,30,15,.7,.70,.4,.5,.1,900,.70,80,50,3,4,1280,1664,1408,3,0,428,10000000000,8,3,1,3,0,894,0,446,17,2,1,2,0,883,0,882,0,5,2,2.5,0.5,443,163,294.333,224.383,
33497,0,0,12,6,98,10,2,120,100,5,1.0,.55,.2,.9,.3,1900,.35,50,50,3,2,1792,1152,1792,2,0,541,320000000,8,2,1,2,0,885,0,884,0,2,1,2,0,883,0,882,0,4,1,4,0,880,0,879,0,
49006,0,0,12,6,103,8,10,100,30,10,.5,.50,.2,.6,.5,600,.85,90,40,4,2,1920,1280,2048,2,0,373,3200000000,8,3,1,3,0,882,0,440,267,4,1,4,0,889,0,444,185,2,1,2,0,882,0,882,0,
36619,0,0,3,6,57,10,4,150,90,5,.5,.60,.5,.9,.5,500,.15,60,40,2,4,1280,1536,1920,2,0,279,320000000,8,2,1,2,0,885,0,884,0,2,1,2,0,883,0,882,0,4,1,4,0,880,0,879,0,
121271,0,0,1,6,33,12,12,140,40,10,.9,.95,.3,.9,.3,500,.75,90,60,2,1,1280,1152,1792,1,0,989,3200000000,8,3,1,3,0,882,0,440,267,4,1,4,0,889,0,444,185,2,1,2,0,882,0,882,0,
80867,0,0,6,6,100,4,10,120,50,20,.6,.50,.4,.5,.1,1600,.70,60,50,3,3,2048,1536,1024,3,0,525,3200000000,8,3,1,3,0,882,0,440,267,4,1,4,0,889,0,444,185,2,1,2,0,882,0,882,0,
461669,0,0,1,6,124,6,2,100,40,5,.7,.70,.3,.9,0,1400,.90,30,40,1,3,1920,1536,1536,2,0,746,10000000000,8,3,1,3,0,894,0,446,17,2,1,2,0,883,0,882,0,5,2,2.5,0.5,443,163,294.333,224.383,
384143,0,0,1,6,75,10,6,150,20,15,.9,.50,.4,.8,0,1300,.90,50,40,3,4,1664,1408,1280,3,0,692,10000000000,8,3,1,3,0,894,0,446,17,2,1,2,0,883,0,882,0,5,2,2.5,0.5,443,163,294.333,224.383,
2189531,0,0,1,6,102,2,10,140,100,5,.8,.50,.4,.8,.8,500,.10,60,60,2,4,2048,1024,2048,4,0,364,32000000000,8,2,1,2,0,887,0,888,0,3,2,1.5,0.5,440.5,103.5,292.667,153.328,3,1,3,0,886,0,886,0,
216747,0,0,1,6,122,8,4,120,100,15,.8,.85,.2,.7,.4,1400,.90,60,60,2,3,1792,1024,1408,3,0,301,3200000000,8,3,1,3,0,882,0,440,267,4,1,4,0,889,0,444,185,2,1,2,0,882,0,882,0,
88882,0,0,3,6,32,8,4,150,30,15,.6,.60,.2,.5,1.0,700,.95,100,40,4,3,1280,1664,1408,1,0,435,3200000000,8,3,1,3,0,882,0,440,267,4,1,4,0,889,0,444,185,2,1,2,0,882,0,882,0,
22434,0,0,12,6,67,2,2,140,100,20,.8,.80,.2,.8,.1,900,.30,10,50,4,3,1152,1920,1408,4,0,275,320000000,8,2,1,2,0,885,0,884,0,2,1,2,0,883,0,882,0,4,1,4,0,880,0,879,0,
47949,0,0,12,6,55,6,6,150,10,20,.9,.70,.2,.5,.7,1300,.55,10,50,2,3,1792,1152,1024,1,0,705,3200000000,8,3,1,3,0,882,0,440,267,4,1,4,0,889,0,444,185,2,1,2,0,882,0,882,0,
370206,0,0,1,6,84,4,8,100,30,20,1.0,.70,.2,.6,.5,1700,.95,80,40,3,4,1024,2048,1024,3,0,257,10000000000,8,3,1,3,0,894,0,446,17,2,1,2,0,883,0,882,0,5,2,2.5,0.5,443,163,294.333,224.383,
23995,0,0,12,6,71,8,8,100,10,5,.8,.80,.4,.6,0,1100,.75,100,60,4,3,1408,1920,1024,2,0,329,320000000,8,2,1,2,0,885,0,884,0,2,1,2,0,883,0,882,0,4,1,4,0,880,0,879,0,
193117,0,0,1,6,95,10,6,150,100,20,.6,.60,.5,.7,.6,1600,.70,40,60,4,1,1920,1152,1408,2,0,979,3200000000,8,3,1,3,0,882,0,440,267,4,1,4,0,889,0,444,185,2,1,2,0,882,0,882,0,
255922,0,0,1,6,116,10,2,100,80,20,.6,.90,.2,.6,1.0,2000,.15,10,60,3,3,1920,1280,2048,4,0,651,3200000000,8,3,1,3,0,882,0,440,267,4,1,4,0,889,0,444,185,2,1,2,0,882,0,882,0,
28855,0,1,6,6,89,8,6,204,10,5,0.70,0.66,0.25,0.80,0.0,1000,0.05,10,40,1,1,512,1024,512,1,0,200,320000000,8,2,1,2,0,885,0,884,0,2,1,2,0,883,0,882,0,4,1,4,0,880,0,879,0,
408949,0,0,1,6,24,4,4,110,40,20,.5,.60,.3,.6,0,500,.20,40,40,2,1,1024,1152,1024,4,0,733,10000000000,8,3,1,3,0,894,0,446,17,2,1,2,0,883,0,882,0,5,2,2.5,0.5,443,163,294.333,224.383,
169550,0,0,6,6,16,4,10,150,90,15,.5,.60,.3,.6,.8,1900,.30,30,60,3,4,1408,1920,1920,3,0,202,10000000000,8,3,1,3,0,894,0,446,17,2,1,2,0,883,0,882,0,5,2,2.5,0.5,443,163,294.333,224.383,
187176,0,0,3,6,96,6,8,110,50,20,1.0,.75,.4,.9,.6,1900,0,90,40,1,4,1664,1024,2048,3,0,653,10000000000,8,3,1,3,0,894,0,446,17,2,1,2,0,883,0,882,0,5,2,2.5,0.5,443,163,294.333,224.383,
132553,0,0,12,6,66,12,8,150,70,10,.8,.55,.4,.8,1.0,1800,.05,80,60,1,3,1152,1280,1280,2,0,616,10000000000,8,3,1,3,0,894,0,446,17,2,1,2,0,883,0,882,0,5,2,2.5,0.5,443,163,294.333,224.383,
25696,0,0,6,6,55,12,8,110,80,20,.6,.70,.3,.9,.3,600,.65,60,40,3,3,1664,1024,1536,4,0,731,320000000,8,2,1,2,0,885,0,884,0,2,1,2,0,883,0,882,0,4,1,4,0,880,0,879,0,
136931,0,0,12,6,89,4,10,140,30,20,.5,.55,.5,.8,.9,1700,.55,70,50,1,3,1920,1920,1024,3,0,654,10000000000,8,3,1,3,0,894,0,446,17,2,1,2,0,883,0,882,0,5,2,2.5,0.5,443,163,294.333,224.383,
59169,0,0,6,6,59,10,4,140,60,5,.6,.60,.4,.6,.3,700,.05,10,50,1,2,1408,1280,1792,4,0,695,3200000000,8,3,1,3,0,882,0,440,267,4,1,4,0,889,0,444,185,2,1,2,0,882,0,882,0,
55027,0,0,12,6,58,10,10,120,70,20,.6,.80,.5,.6,.5,800,.10,10,60,1,3,1536,1920,1280,3,0,439,3200000000,8,3,1,3,0,882,0,440,267,4,1,4,0,889,0,444,185,2,1,2,0,882,0,882,0,
240441,0,0,3,6,105,12,4,110,80,5,.9,.55,.5,.6,.8,1500,.75,10,50,2,1,1664,1280,1024,4,0,313,10000000000,8,3,1,3,0,894,0,446,17,2,1,2,0,883,0,882,0,5,2,2.5,0.5,443,163,294.333,224.383,
156359,0,0,1,6,120,2,8,120,80,20,1.0,1.00,.3,.7,.6,1200,.95,40,40,1,3,1792,2048,1792,2,0,594,320000000,8,2,1,2,0,885,0,884,0,2,1,2,0,883,0,882,0,4,1,4,0,880,0,879,0,
73245,0,0,3,6,61,4,6,140,50,20,.5,.85,.5,.6,.2,1800,.90,20,60,2,1,1664,2048,2048,2,0,913,3200000000,8,3,1,3,0,882,0,440,267,4,1,4,0,889,0,444,185,2,1,2,0,882,0,882,0,
38659,0,0,1,6,22,8,10,140,20,15,.8,.85,.5,.9,.7,700,.05,90,50,1,4,1152,1280,1408,1,0,374,320000000,8,2,1,2,0,885,0,884,0,2,1,2,0,883,0,882,0,4,1,4,0,880,0,879,0,
1168119,0,0,3,6,51,2,4,100,80,15,.7,.90,.5,.5,.9,1100,.65,80,40,4,2,1536,1408,1408,2,0,908,32000000000,8,2,1,2,0,887,0,888,0,3,2,1.5,0.5,440.5,103.5,292.667,153.328,3,1,3,0,886,0,886,0,
28488,0,0,12,6,102,4,2,120,100,20,.8,.50,.4,.7,.7,900,.20,70,50,4,4,1792,1280,1664,3,0,865,320000000,8,2,1,2,0,885,0,884,0,2,1,2,0,883,0,882,0,4,1,4,0,880,0,879,0,
675176,0,0,1,6,2,6,4,110,60,15,.7,.65,.2,.6,.2,500,.90,20,40,4,3,1024,1536,1664,4,0,874,10000000000,8,3,1,3,0,894,0,446,17,2,1,2,0,883,0,882,0,5,2,2.5,0.5,443,163,294.333,224.383,
875711,0,0,3,6,71,2,4,150,20,15,.9,1.00,.5,.7,.2,600,.05,100,60,3,3,1664,2048,1024,3,0,233,32000000000,8,2,1,2,0,887,0,888,0,3,2,1.5,0.5,440.5,103.5,292.667,153.328,3,1,3,0,886,0,886,0,
64669,0,0,6,6,115,4,10,120,70,10,.6,1.00,.5,.9,.9,1700,.35,70,50,2,4,1408,1920,2048,3,0,869,3200000000,8,3,1,3,0,882,0,440,267,4,1,4,0,889,0,444,185,2,1,2,0,882,0,882,0,
21340,0,0,12,6,51,2,12,150,20,10,.6,1.00,.5,.6,1.0,800,.40,10,40,1,3,1792,1152,1280,2,0,519,320000000,8,2,1,2,0,885,0,884,0,2,1,2,0,883,0,882,0,4,1,4,0,880,0,879,0,
83069,0,0,3,6,2,4,8,100,10,5,.8,.75,.5,.8,.6,1600,.55,50,40,1,2,1792,2048,1152,4,0,712,3200000000,8,3,1,3,0,882,0,440,267,4,1,4,0,889,0,444,185,2,1,2,0,882,0,882,0,
18729,0,0,6,6,20,4,6,110,10,15,.6,.85,.5,.7,.2,1300,.60,30,50,4,3,1920,2048,1920,2,0,660,320000000,8,2,1,2,0,885,0,884,0,2,1,2,0,883,0,882,0,4,1,4,0,880,0,879,0,
1139762,0,0,3,6,61,2,6,130,10,15,1.0,.50,.3,.7,.1,1500,.40,90,50,1,3,1024,1792,1024,4,0,447,32000000000,8,2,1,2,0,887,0,888,0,3,2,1.5,0.5,440.5,103.5,292.667,153.328,3,1,3,0,886,0,886,0,
477388,0,0,1,6,46,10,8,110,100,15,.9,.95,.5,.7,1.0,1700,.30,70,60,1,1,1664,1408,2048,1,0,539,10000000000,8,3,1,3,0,894,0,446,17,2,1,2,0,883,0,882,0,5,2,2.5,0.5,443,163,294.333,224.383,
137338,0,0,12,6,8,10,10,140,50,15,.9,.60,.5,.5,.7,500,.10,10,50,2,2,1536,1664,1152,2,0,1001,10000000000,8,3,1,3,0,894,0,446,17,2,1,2,0,883,0,882,0,5,2,2.5,0.5,443,163,294.333,224.383,
1801440,0,0,6,6,48,2,12,120,70,10,.6,1.00,.4,.7,.6,1900,.90,90,60,4,2,1536,2048,1664,4,0,441,32000000000,8,2,1,2,0,887,0,888,0,3,2,1.5,0.5,440.5,103.5,292.667,153.328,3,1,3,0,886,0,886,0,
71509,0,0,12,6,78,12,12,100,90,20,.9,.65,.2,.9,1.0,1900,1.00,10,60,4,3,1920,1408,1024,2,0,485,3200000000,8,3,1,3,0,882,0,440,267,4,1,4,0,889,0,444,185,2,1,2,0,882,0,882,0,
176362,0,0,1,6,78,6,12,140,60,5,1.0,.90,.5,.8,.9,1200,.10,90,50,3,4,1408,1792,1536,3,0,605,3200000000,8,3,1,3,0,882,0,440,267,4,1,4,0,889,0,444,185,2,1,2,0,882,0,882,0,
39314,0,0,6,6,128,12,4,120,20,10,.7,.50,.2,.8,.1,800,.60,30,60,2,1,1024,2048,1792,1,0,796,320000000,8,2,1,2,0,885,0,884,0,2,1,2,0,883,0,882,0,4,1,4,0,880,0,879,0,
263438,0,0,3,6,41,10,4,130,20,5,1.0,.55,.2,.6,.3,1400,.90,50,40,3,4,2048,1792,2048,2,0,771,10000000000,8,3,1,3,0,894,0,446,17,2,1,2,0,883,0,882,0,5,2,2.5,0.5,443,163,294.333,224.383,
933744,0,0,6,6,127,4,8,100,90,15,.5,.95,.4,.5,.6,1800,.50,10,50,2,1,1536,1664,1536,4,0,608,32000000000,8,2,1,2,0,887,0,888,0,3,2,1.5,0.5,440.5,103.5,292.667,153.328,3,1,3,0,886,0,886,0,
87239,0,0,3,6,42,8,12,130,40,10,.8,1.00,.4,.9,.4,600,.70,100,50,4,4,2048,1664,1152,1,0,875,3200000000,8,3,1,3,0,882,0,440,267,4,1,4,0,889,0,444,185,2,1,2,0,882,0,882,0,
156168,0,0,1,6,62,4,12,150,40,5,1.0,.50,.2,.5,.3,1700,.60,100,50,3,3,1920,1536,1280,4,0,778,3200000000,8,3,1,3,0,882,0,440,267,4,1,4,0,889,0,444,185,2,1,2,0,882,0,882,0,
115343,0,0,1,6,91,6,10,100,80,10,.8,.70,.2,.9,.3,1800,.85,100,60,1,4,1280,1024,2048,1,0,938,320000000,8,2,1,2,0,885,0,884,0,2,1,2,0,883,0,882,0,4,1,4,0,880,0,879,0,
549995,0,0,12,6,107,10,6,140,70,20,.7,.95,.2,.8,0,1900,.85,40,50,1,1,1920,1280,1920,4,0,592,32000000000,8,2,1,2,0,887,0,888,0,3,2,1.5,0.5,440.5,103.5,292.667,153.328,3,1,3,0,886,0,886,0,
21060,0,0,12,6,7,6,12,120,30,15,.5,.95,.2,.9,.1,1900,.55,30,50,1,4,1408,2048,1792,4,0,272,320000000,8,2,1,2,0,885,0,884,0,2,1,2,0,883,0,882,0,4,1,4,0,880,0,879,0,
30637,0,0,12,6,125,12,6,110,100,20,.9,.85,.5,.6,.4,1700,.90,20,40,2,3,1792,1536,1408,1,0,637,320000000,8,2,1,2,0,885,0,884,0,2,1,2,0,883,0,882,0,4,1,4,0,880,0,879,0,
102094,0,0,3,6,60,8,12,150,80,10,1.0,.65,.3,.8,0,1200,.80,30,40,2,1,2048,1280,1152,4,0,799,3200000000,8,3,1,3,0,882,0,440,267,4,1,4,0,889,0,444,185,2,1,2,0,882,0,882,0,
18916,0,0,12,6,22,4,12,130,100,15,.8,.50,.4,.9,.6,1300,.80,90,40,3,3,1664,1280,1408,4,0,672,320000000,8,2,1,2,0,885,0,884,0,2,1,2,0,883,0,882,0,4,1,4,0,880,0,879,0,
132428,0,0,1,6,46,6,10,120,80,5,.6,.70,.3,.9,1.0,1700,.80,40,60,4,3,1792,1024,1152,4,0,604,3200000000,8,3,1,3,0,882,0,440,267,4,1,4,0,889,0,444,185,2,1,2,0,882,0,882,0,
52657,0,0,1,6,29,12,6,140,30,15,.9,.90,.2,.6,.3,1400,.70,20,60,1,2,1792,1920,1408,2,0,301,320000000,8,2,1,2,0,885,0,884,0,2,1,2,0,883,0,882,0,4,1,4,0,880,0,879,0,
185180,0,0,3,6,115,6,12,100,40,20,.5,.75,.5,.6,.5,1200,.90,40,50,4,3,1536,1280,1152,2,0,353,10000000000,8,3,1,3,0,894,0,446,17,2,1,2,0,883,0,882,0,5,2,2.5,0.5,443,163,294.333,224.383,
71138,0,0,3,6,65,12,2,110,60,20,.6,.65,.3,.7,.3,1800,.05,40,40,3,3,2048,1024,2048,3,0,966,3200000000,8,3,1,3,0,882,0,440,267,4,1,4,0,889,0,444,185,2,1,2,0,882,0,882,0,
1025701,0,0,6,6,7,4,2,120,40,5,.6,.85,.4,.6,.5,700,.95,40,50,2,2,1280,1792,1280,4,0,615,32000000000,8,2,1,2,0,887,0,888,0,3,2,1.5,0.5,440.5,103.5,292.667,153.328,3,1,3,0,886,0,886,0,
55195,0,0,12,6,78,12,12,140,60,20,.7,.65,.3,.6,.1,1200,.90,10,40,3,2,1024,1280,1664,4,0,502,3200000000,8,3,1,3,0,882,0,440,267,4,1,4,0,889,0,444,185,2,1,2,0,882,0,882,0,
19207,0,0,12,6,30,10,6,110,30,20,.7,.55,.4,.6,.5,1900,.15,20,50,2,1,1536,1152,1792,3,0,251,320000000,8,2,1,2,0,885,0,884,0,2,1,2,0,883,0,882,0,4,1,4,0,880,0,879,0,
66616,0,1,6,6,12,4,6,204,10,5,0.70,0.66,0.25,0.80,0.0,1000,0.05,10,40,1,1,512,1024,512,1,0,200,3200000000,8,3,1,3,0,882,0,440,267,4,1,4,0,889,0,444,185,2,1,2,0,882,0,882,0,
147125,0,0,1,6,120,12,6,130,90,15,1.0,.50,.3,.7,.7,900,.25,90,60,2,4,1920,1152,1280,1,0,740,320000000,8,2,1,2,0,885,0,884,0,2,1,2,0,883,0,882,0,4,1,4,0,880,0,879,0,
266957,0,0,3,6,72,12,10,130,70,15,1.0,.85,.3,.6,.8,900,.25,100,50,2,4,1664,1152,1280,4,0,510,10000000000,8,3,1,3,0,894,0,446,17,2,1,2,0,883,0,882,0,5,2,2.5,0.5,443,163,294.333,224.383,
187302,0,0,3,6,37,10,2,140,100,5,1.0,.60,.2,.5,.5,1800,.10,20,60,2,1,1792,1408,1024,1,0,488,10000000000,8,3,1,3,0,894,0,446,17,2,1,2,0,883,0,882,0,5,2,2.5,0.5,443,163,294.333,224.383,
271422,0,0,6,6,101,8,2,120,80,15,1.0,1.00,.4,.5,.5,1500,.80,60,50,2,1,1024,1536,1920,1,0,685,10000000000,8,3,1,3,0,894,0,446,17,2,1,2,0,883,0,882,0,5,2,2.5,0.5,443,163,294.333,224.383,
138802,0,0,12,6,121,10,12,130,40,20,.7,.55,.3,.9,.9,500,.85,30,40,4,4,1536,2048,1024,4,0,662,10000000000,8,3,1,3,0,894,0,446,17,2,1,2,0,883,0,882,0,5,2,2.5,0.5,443,163,294.333,224.383,
232056,0,0,3,6,70,8,2,120,10,5,1.0,1.00,.2,.6,.8,800,.65,70,60,1,2,1792,1152,1280,1,0,754,10000000000,8,3,1,3,0,894,0,446,17,2,1,2,0,883,0,882,0,5,2,2.5,0.5,443,163,294.333,224.383,
266072,0,0,6,6,23,4,6,150,60,5,.5,.95,.3,.6,0,1400,.50,90,40,4,1,1024,1280,1664,2,0,1018,10000000000,8,3,1,3,0,894,0,446,17,2,1,2,0,883,0,882,0,5,2,2.5,0.5,443,163,294.333,224.383,
439456,0,0,1,6,82,6,2,110,50,15,.9,.95,.3,.9,.5,1200,.10,70,50,3,2,1664,1664,1152,2,0,605,10000000000,8,3,1,3,0,894,0,446,17,2,1,2,0,883,0,882,0,5,2,2.5,0.5,443,163,294.333,224.383,
287642,0,0,3,6,82,8,6,140,90,15,.9,.70,.3,.5,.7,1500,.50,40,40,2,1,1536,2048,1792,4,0,472,10000000000,8,3,1,3,0,894,0,446,17,2,1,2,0,883,0,882,0,5,2,2.5,0.5,443,163,294.333,224.383,
152574,0,0,12,6,13,2,12,140,60,20,.6,.75,.4,.7,0,1000,.90,20,40,3,1,1536,1024,1536,2,0,566,10000000000,8,3,1,3,0,894,0,446,17,2,1,2,0,883,0,882,0,5,2,2.5,0.5,443,163,294.333,224.383,
148898,0,0,1,6,37,2,8,130,50,5,.6,.60,.2,.7,.2,1200,.20,30,60,1,2,1792,1664,1536,2,0,686,3200000000,8,3,1,3,0,882,0,440,267,4,1,4,0,889,0,444,185,2,1,2,0,882,0,882,0,
141233,0,0,1,6,34,12,6,150,30,5,.9,.75,.4,.7,1.0,1300,.25,40,40,1,2,1280,1152,1920,3,0,371,3200000000,8,3,1,3,0,882,0,440,267,4,1,4,0,889,0,444,185,2,1,2,0,882,0,882,0,
31787,0,1,6,6,106,8,2,204,10,5,0.70,0.66,0.25,0.80,0.0,1000,0.05,10,40,1,1,512,1024,512,1,0,200,320000000,8,2,1,2,0,885,0,884,0,2,1,2,0,883,0,882,0,4,1,4,0,880,0,879,0,
395757,0,0,1,6,70,10,10,150,20,15,.7,.70,.3,.5,.2,600,.75,40,60,2,4,1792,1536,2048,3,0,614,10000000000,8,3,1,3,0,894,0,446,17,2,1,2,0,883,0,882,0,5,2,2.5,0.5,443,163,294.333,224.383,
184987,0,0,3,6,93,8,10,150,60,10,.6,.70,.4,.9,1.0,1400,.35,10,50,2,3,1408,1024,1536,1,0,501,10000000000,8,3,1,3,0,894,0,446,17,2,1,2,0,883,0,882,0,5,2,2.5,0.5,443,163,294.333,224.383,
466519,0,0,1,6,124,10,2,120,80,10,1.0,.65,.3,.8,.6,500,.85,40,50,2,2,2048,1920,1536,2,0,638,10000000000,8,3,1,3,0,894,0,446,17,2,1,2,0,883,0,882,0,5,2,2.5,0.5,443,163,294.333,224.383,
15610,0,0,12,6,13,12,6,110,50,15,.9,.60,.2,.6,.3,500,.40,90,60,1,1,1664,1536,1152,1,0,281,320000000,8,2,1,2,0,885,0,884,0,2,1,2,0,883,0,882,0,4,1,4,0,880,0,879,0,
75237,0,0,6,6,46,6,12,150,100,15,.9,.65,.5,.6,.7,600,.50,80,50,1,4,1152,1536,1024,2,0,648,3200000000,8,3,1,3,0,882,0,440,267,4,1,4,0,889,0,444,185,2,1,2,0,882,0,882,0,
38773,0,0,6,6,125,4,2,100,70,10,1.0,.90,.3,.6,.7,500,.25,10,60,1,2,1408,1280,1792,2,0,561,320000000,8,2,1,2,0,885,0,884,0,2,1,2,0,883,0,882,0,4,1,4,0,880,0,879,0,
541175,0,0,1,6,84,12,4,100,10,15,.7,.65,.4,.7,0,800,.40,30,50,1,3,1664,1280,1664,1,0,825,10000000000,8,3,1,3,0,894,0,446,17,2,1,2,0,883,0,882,0,5,2,2.5,0.5,443,163,294.333,224.383,
138266,0,0,12,6,101,12,10,110,80,20,1.0,.55,.3,.6,.7,900,.45,30,40,4,3,1280,1152,1408,3,0,579,10000000000,8,3,1,3,0,894,0,446,17,2,1,2,0,883,0,882,0,5,2,2.5,0.5,443,163,294.333,224.383,
113368,0,0,3,6,119,10,2,150,10,10,.5,.80,.5,.9,.6,700,.65,10,50,1,1,1024,1920,1024,3,0,836,3200000000,8,3,1,3,0,882,0,440,267,4,1,4,0,889,0,444,185,2,1,2,0,882,0,882,0,
200949,0,1,6,6,83,12,4,204,10,5,0.70,0.66,0.25,0.80,0.0,1000,0.05,10,40,1,1,512,1024,512,1,0,200,10000000000,8,3,1,3,0,894,0,446,17,2,1,2,0,883,0,882,0,5,2,2.5,0.5,443,163,294.333,224.383,
199174,0,1,6,6,122,10,6,204,10,5,0.70,0.66,0.25,0.80,0.0,1000,0.05,10,40,1,1,512,1024,512,1,0,200,10000000000,8,3,1,3,0,894,0,446,17,2,1,2,0,883,0,882,0,5,2,2.5,0.5,443,163,294.333,224.383,
229195,0,0,6,6,25,2,2,120,60,20,.6,1.00,.3,.7,.4,1200,.35,10,60,2,2,1152,1664,1408,2,0,547,10000000000,8,3,1,3,0,894,0,446,17,2,1,2,0,883,0,882,0,5,2,2.5,0.5,443,163,294.333,224.383,
37408,0,0,6,6,121,4,2,110,40,10,.7,.70,.3,.7,.8,1200,.45,40,50,2,1,2048,1024,1408,2,0,689,320000000,8,2,1,2,0,885,0,884,0,2,1,2,0,883,0,882,0,4,1,4,0,880,0,879,0,
1479334,0,0,1,6,97,10,4,110,30,15,.6,.90,.4,.7,.3,1800,.95,80,50,1,2,1664,1792,1152,3,0,653,32000000000,8,2,1,2,0,887,0,888,0,3,2,1.5,0.5,440.5,103.5,292.667,153.328,3,1,3,0,886,0,886,0,
1911500,0,0,1,6,58,2,10,120,40,15,.9,.60,.4,.7,.7,1700,.25,70,50,1,3,1792,1536,1408,1,0,819,32000000000,8,2,1,2,0,887,0,888,0,3,2,1.5,0.5,440.5,103.5,292.667,153.328,3,1,3,0,886,0,886,0,
243175,0,0,3,6,32,6,6,100,30,5,.7,.90,.4,.6,.7,1100,.10,60,50,2,1,1536,1152,1024,2,0,380,10000000000,8,3,1,3,0,894,0,446,17,2,1,2,0,883,0,882,0,5,2,2.5,0.5,443,163,294.333,224.383,
70175,0,0,6,6,38,8,12,120,50,10,1.0,.70,.3,.5,.7,600,.40,30,40,3,4,2048,1408,2048,4,0,949,3200000000,8,3,1,3,0,882,0,440,267,4,1,4,0,889,0,444,185,2,1,2,0,882,0,882,0,
132487,0,0,12,6,91,12,4,100,90,20,.6,.65,.2,.5,.9,2000,.85,20,40,2,3,1024,1536,1920,3,0,857,10000000000,8,3,1,3,0,894,0,446,17,2,1,2,0,883,0,882,0,5,2,2.5,0.5,443,163,294.333,224.383,
1411352,0,0,1,6,63,2,6,110,80,10,.9,1.00,.2,.6,1.0,1700,0,80,50,4,2,1280,1792,1408,4,0,973,32000000000,8,2,1,2,0,887,0,888,0,3,2,1.5,0.5,440.5,103.5,292.667,153.328,3,1,3,0,886,0,886,0,
325898,0,0,1,6,57,12,2,150,60,10,.5,.70,.2,.6,.5,1900,.60,50,40,4,1,1152,1536,1152,1,0,683,10000000000,8,3,1,3,0,894,0,446,17,2,1,2,0,883,0,882,0,5,2,2.5,0.5,443,163,294.333,224.383,
34181,0,0,6,6,110,8,4,140,90,15,.7,.70,.3,.7,.7,1600,.45,90,40,4,4,1024,1152,1664,4,0,324,320000000,8,2,1,2,0,885,0,884,0,2,1,2,0,883,0,882,0,4,1,4,0,880,0,879,0,
73289,0,1,6,6,67,6,2,204,10,5,0.70,0.66,0.25,0.80,0.0,1000,0.05,10,40,1,1,512,1024,512,1,0,200,3200000000,8,3,1,3,0,882,0,440,267,4,1,4,0,889,0,444,185,2,1,2,0,882,0,882,0,
136663,0,0,12,6,48,2,2,110,30,15,.6,.95,.2,.8,.3,800,.05,50,40,2,3,1152,1152,2048,4,0,631,10000000000,8,3,1,3,0,894,0,446,17,2,1,2,0,883,0,882,0,5,2,2.5,0.5,443,163,294.333,224.383,
247365,0,0,6,6,6,4,12,120,30,10,.6,.80,.4,.6,0,900,.75,10,50,2,2,1024,1920,1792,3,0,208,10000000000,8,3,1,3,0,894,0,446,17,2,1,2,0,883,0,882,0,5,2,2.5,0.5,443,163,294.333,224.383,
543825,0,0,1,6,12,4,12,100,40,10,.5,.60,.4,.8,.9,1400,.60,80,50,1,2,1408,1152,1024,1,0,711,10000000000,8,3,1,3,0,894,0,446,17,2,1,2,0,883,0,882,0,5,2,2.5,0.5,443,163,294.333,224.383,
141152,0,0,6,6,93,4,12,140,80,10,.6,.90,.4,.8,.9,1000,.40,100,40,1,4,1408,1024,2048,3,0,649,10000000000,8,3,1,3,0,894,0,446,17,2,1,2,0,883,0,882,0,5,2,2.5,0.5,443,163,294.333,224.383,
170784,0,0,1,6,79,6,10,110,70,20,.5,.70,.3,.7,.5,1900,.85,90,40,3,2,2048,1664,1280,3,0,854,3200000000,8,3,1,3,0,882,0,440,267,4,1,4,0,889,0,444,185,2,1,2,0,882,0,882,0,
164705,0,0,3,6,60,10,12,110,90,20,.6,.70,.2,.9,.8,1400,.15,10,50,1,4,1536,1536,1664,4,0,599,10000000000,8,3,1,3,0,894,0,446,17,2,1,2,0,883,0,882,0,5,2,2.5,0.5,443,163,294.333,224.383,
32444,0,0,6,6,93,4,2,120,30,20,.6,.85,.2,.7,.1,2000,.35,70,40,1,2,1280,1664,1152,3,0,784,320000000,8,2,1,2,0,885,0,884,0,2,1,2,0,883,0,882,0,4,1,4,0,880,0,879,0,
2046353,0,0,1,6,30,2,2,130,100,10,.7,.85,.3,.5,.3,800,.45,10,40,2,2,1024,1408,1536,1,0,314,32000000000,8,2,1,2,0,887,0,888,0,3,2,1.5,0.5,440.5,103.5,292.667,153.328,3,1,3,0,886,0,886,0,
269563,0,0,3,6,85,2,8,150,80,20,.5,1.00,.2,.6,.7,1100,.20,40,40,4,2,1792,2048,1792,4,0,752,10000000000,8,3,1,3,0,894,0,446,17,2,1,2,0,883,0,882,0,5,2,2.5,0.5,443,163,294.333,224.383,
32130,0,0,6,6,90,6,4,130,70,10,.9,.65,.5,.6,.1,1300,0,40,60,4,4,1920,1664,1408,3,0,819,320000000,8,2,1,2,0,885,0,884,0,2,1,2,0,883,0,882,0,4,1,4,0,880,0,879,0,
54997,0,0,1,6,33,2,4,100,70,5,.5,.90,.3,.9,.1,1600,.45,90,40,4,2,1920,1664,1664,2,0,262,320000000,8,2,1,2,0,885,0,884,0,2,1,2,0,883,0,882,0,4,1,4,0,880,0,879,0,
1793805,0,0,1,6,70,8,10,120,10,5,.6,.75,.5,.9,1.0,1700,.30,70,50,2,3,1664,1792,1280,2,0,629,32000000000,8,2,1,2,0,887,0,888,0,3,2,1.5,0.5,440.5,103.5,292.667,153.328,3,1,3,0,886,0,886,0,
252373,0,0,3,6,105,8,12,140,20,20,1.0,.85,.2,.6,1.0,1200,.55,100,40,1,2,1024,1536,1152,1,0,453,10000000000,8,3,1,3,0,894,0,446,17,2,1,2,0,883,0,882,0,5,2,2.5,0.5,443,163,294.333,224.383,
369483,0,0,1,6,91,4,12,100,90,5,1.0,.50,.3,.6,.4,1800,.05,40,60,2,3,1024,1792,1664,1,0,803,10000000000,8,3,1,3,0,894,0,446,17,2,1,2,0,883,0,882,0,5,2,2.5,0.5,443,163,294.333,224.383,
117320,0,0,1,6,21,10,10,140,20,5,.7,.85,.2,.5,.9,1000,.10,100,40,1,1,1152,1664,2048,1,0,743,3200000000,8,3,1,3,0,882,0,440,267,4,1,4,0,889,0,444,185,2,1,2,0,882,0,882,0,
49486,0,0,3,6,77,4,8,120,50,15,.6,.60,.2,.8,.9,900,.90,40,50,2,4,1536,1536,1408,2,0,741,320000000,8,2,1,2,0,885,0,884,0,2,1,2,0,883,0,882,0,4,1,4,0,880,0,879,0,
141710,0,0,12,6,82,2,2,100,50,10,.9,.65,.4,.9,.3,500,.70,20,60,3,1,1408,1920,1920,4,0,586,10000000000,8,3,1,3,0,894,0,446,17,2,1,2,0,883,0,882,0,5,2,2.5,0.5,443,163,294.333,224.383,
1052086,0,0,3,6,61,4,6,140,60,20,1.0,1.00,.3,.9,.3,1400,.20,20,50,2,4,2048,2048,1920,4,0,406,32000000000,8,2,1,2,0,887,0,888,0,3,2,1.5,0.5,440.5,103.5,292.667,153.328,3,1,3,0,886,0,886,0,
149526,0,0,1,6,114,4,10,130,70,20,.5,.70,.4,.8,.4,1700,.95,30,40,2,2,1280,2048,1920,2,0,585,320000000,8,2,1,2,0,885,0,884,0,2,1,2,0,883,0,882,0,4,1,4,0,880,0,879,0,
1018288,0,0,3,6,7,2,6,130,90,20,.6,.95,.2,.6,.3,1400,.85,80,40,1,3,2048,1920,2048,1,0,419,32000000000,8,2,1,2,0,887,0,888,0,3,2,1.5,0.5,440.5,103.5,292.667,153.328,3,1,3,0,886,0,886,0,
69749,0,0,12,6,58,8,12,100,30,20,.7,.85,.4,.9,1.0,1800,.25,40,50,1,1,1152,1152,1408,4,0,872,3200000000,8,3,1,3,0,882,0,440,267,4,1,4,0,889,0,444,185,2,1,2,0,882,0,882,0,
162404,0,0,3,6,66,2,12,130,50,5,.5,.75,.2,.5,.9,800,.70,20,40,1,4,2048,1024,1792,4,0,263,10000000000,8,3,1,3,0,894,0,446,17,2,1,2,0,883,0,882,0,5,2,2.5,0.5,443,163,294.333,224.383,
22873,0,0,3,6,8,6,8,100,100,10,1.0,1.00,.5,.7,.6,2000,.50,80,50,1,2,1408,1152,1664,3,0,826,320000000,8,2,1,2,0,885,0,884,0,2,1,2,0,883,0,882,0,4,1,4,0,880,0,879,0,
203058,0,0,1,6,110,12,8,120,20,20,.9,1.00,.5,.6,.2,1800,.95,20,60,3,1,1792,1280,1024,3,0,855,3200000000,8,3,1,3,0,882,0,440,267,4,1,4,0,889,0,444,185,2,1,2,0,882,0,882,0,
152401,0,0,6,6,89,10,12,100,60,20,.9,.90,.3,.5,.9,1100,.20,80,60,4,3,1024,1664,1280,3,0,572,10000000000,8,3,1,3,0,894,0,446,17,2,1,2,0,883,0,882,0,5,2,2.5,0.5,443,163,294.333,224.383,
16459,0,0,6,6,17,12,6,140,80,5,1.0,.75,.2,.7,.4,600,.85,60,50,1,4,1408,2048,1664,3,0,797,320000000,8,2,1,2,0,885,0,884,0,2,1,2,0,883,0,882,0,4,1,4,0,880,0,879,0,
537239,0,0,12,6,81,6,8,150,60,15,.7,.75,.3,.5,.3,1400,.85,20,40,2,1,1024,1408,1024,3,0,978,32000000000,8,2,1,2,0,887,0,888,0,3,2,1.5,0.5,440.5,103.5,292.667,153.328,3,1,3,0,886,0,886,0,
31243,0,0,6,6,89,10,2,130,80,10,.6,.95,.4,.7,.3,600,.25,100,50,1,4,1536,1024,1792,4,0,885,320000000,8,2,1,2,0,885,0,884,0,2,1,2,0,883,0,882,0,4,1,4,0,880,0,879,0,
36733,0,0,12,6,125,6,4,110,10,15,.7,.80,.5,.9,0,1200,.25,50,50,2,1,1280,1280,2048,1,0,497,320000000,8,2,1,2,0,885,0,884,0,2,1,2,0,883,0,882,0,4,1,4,0,880,0,879,0,
28591,0,1,6,6,85,12,6,204,10,5,0.70,0.66,0.25,0.80,0.0,1000,0.05,10,40,1,1,512,1024,512,1,0,200,320000000,8,2,1,2,0,885,0,884,0,2,1,2,0,883,0,882,0,4,1,4,0,880,0,879,0,
16776,0,0,6,6,10,2,4,110,70,10,.5,.80,.4,.8,1.0,800,.65,20,40,2,3,2048,1920,1792,3,0,928,320000000,8,2,1,2,0,885,0,884,0,2,1,2,0,883,0,882,0,4,1,4,0,880,0,879,0,
113649,0,0,1,6,28,8,2,130,50,10,.8,1.00,.4,.6,.1,2000,.65,70,40,3,2,1024,1664,1664,4,0,660,3200000000,8,3,1,3,0,882,0,440,267,4,1,4,0,889,0,444,185,2,1,2,0,882,0,882,0,
32966,0,0,3,6,36,6,6,140,10,5,.5,.65,.2,.7,.4,1000,1.00,90,50,1,3,1408,1280,1920,4,0,398,320000000,8,2,1,2,0,885,0,884,0,2,1,2,0,883,0,882,0,4,1,4,0,880,0,879,0,
115324,0,0,3,6,124,10,6,140,90,5,.8,.75,.3,.7,.9,1300,.05,20,40,2,1,1664,1792,1280,3,0,1016,3200000000,8,3,1,3,0,882,0,440,267,4,1,4,0,889,0,444,185,2,1,2,0,882,0,882,0,
430943,0,0,1,6,75,8,10,140,20,10,.9,.55,.5,.5,1.0,1600,0,60,60,4,3,1664,1792,1536,1,0,773,10000000000,8,3,1,3,0,894,0,446,17,2,1,2,0,883,0,882,0,5,2,2.5,0.5,443,163,294.333,224.383,
256069,0,0,3,6,35,10,4,110,50,5,.6,.75,.4,.8,.3,2000,.45,100,60,1,4,1920,1920,1664,3,0,951,10000000000,8,3,1,3,0,894,0,446,17,2,1,2,0,883,0,882,0,5,2,2.5,0.5,443,163,294.333,224.383,
132459,0,0,12,6,56,10,10,110,90,20,1.0,.50,.4,.9,.4,2000,.75,10,40,4,1,1024,1920,1664,1,0,769,10000000000,8,3,1,3,0,894,0,446,17,2,1,2,0,883,0,882,0,5,2,2.5,0.5,443,163,294.333,224.383,
784332,0,0,3,6,83,4,12,110,40,20,.7,.85,.4,.7,.3,1800,1.00,60,60,3,4,1408,1152,1280,3,0,537,32000000000,8,2,1,2,0,887,0,888,0,3,2,1.5,0.5,440.5,103.5,292.667,153.328,3,1,3,0,886,0,886,0,
70549,0,0,12,6,40,12,2,100,100,10,.7,.70,.3,.5,0,700,.35,10,50,4,1,1024,1536,1920,2,0,598,3200000000,8,3,1,3,0,882,0,440,267,4,1,4,0,889,0,444,185,2,1,2,0,882,0,882,0,
138232,0,0,1,6,40,2,12,110,60,10,1.0,.95,.4,.9,.7,2000,.90,100,60,4,2,1792,1408,2048,1,0,987,3200000000,8,3,1,3,0,882,0,440,267,4,1,4,0,889,0,444,185,2,1,2,0,882,0,882,0,
447384,0,0,12,6,76,6,12,100,40,15,.5,.55,.3,.5,.5,1800,1.00,40,40,1,1,1280,1664,1664,4,0,644,32000000000,8,2,1,2,0,887,0,888,0,3,2,1.5,0.5,440.5,103.5,292.667,153.328,3,1,3,0,886,0,886,0,
94266,0,0,3,6,32,12,8,140,90,15,.8,.80,.3,.8,.6,1400,.30,30,50,4,2,1664,1152,1792,3,0,328,3200000000,8,3,1,3,0,882,0,440,267,4,1,4,0,889,0,444,185,2,1,2,0,882,0,882,0,
403453,0,0,1,6,63,6,6,110,20,10,.5,.95,.5,.8,.3,700,.30,40,60,1,4,1408,1664,1280,1,0,677,10000000000,8,3,1,3,0,894,0,446,17,2,1,2,0,883,0,882,0,5,2,2.5,0.5,443,163,294.333,224.383,
130958,0,0,12,6,91,10,2,100,90,5,.8,1.00,.5,.6,.8,1600,.65,80,50,4,2,2048,1408,1024,1,0,459,10000000000,8,3,1,3,0,894,0,446,17,2,1,2,0,883,0,882,0,5,2,2.5,0.5,443,163,294.333,224.383,
66697,0,0,3,6,7,2,8,130,50,15,.5,1.00,.4,.5,.8,1200,.05,20,40,4,2,1408,1664,1280,3,0,489,3200000000,8,3,1,3,0,882,0,440,267,4,1,4,0,889,0,444,185,2,1,2,0,882,0,882,0,
14876,0,0,12,6,54,4,12,100,80,5,1.0,.75,.3,.7,.3,1600,0,20,50,3,3,1920,1536,1152,2,0,583,320000000,8,2,1,2,0,885,0,884,0,2,1,2,0,883,0,882,0,4,1,4,0,880,0,879,0,
35289,0,0,6,6,107,10,8,140,80,15,.8,.65,.5,.8,0,700,.65,80,40,3,3,1280,1152,1152,4,0,872,320000000,8,2,1,2,0,885,0,884,0,2,1,2,0,883,0,882,0,4,1,4,0,880,0,879,0,
1111585,0,0,6,6,43,8,6,140,60,15,.9,.55,.5,.9,.9,800,.95,90,40,2,3,1408,1536,1792,1,0,295,32000000000,8,2,1,2,0,887,0,888,0,3,2,1.5,0.5,440.5,103.5,292.667,153.328,3,1,3,0,886,0,886,0,
238427,0,0,3,6,25,2,4,140,70,15,1.0,1.00,.5,.6,.8,1700,.75,50,60,2,4,2048,1024,1664,1,0,267,10000000000,8,3,1,3,0,894,0,446,17,2,1,2,0,883,0,882,0,5,2,2.5,0.5,443,163,294.333,224.383,
151244,0,0,1,6,124,2,6,110,70,10,.6,.60,.3,.9,.4,1900,.75,70,40,1,4,2048,1024,1152,1,0,619,320000000,8,2,1,2,0,885,0,884,0,2,1,2,0,883,0,882,0,4,1,4,0,880,0,879,0,
37996,0,0,6,6,127,6,8,120,10,5,.9,.85,.2,.6,.1,1000,.20,70,60,3,4,1408,1664,1536,2,0,294,320000000,8,2,1,2,0,885,0,884,0,2,1,2,0,883,0,882,0,4,1,4,0,880,0,879,0,
18619,0,0,12,6,2,6,10,100,20,5,.7,.65,.5,.8,.9,500,.75,100,40,3,4,1408,1792,1280,4,0,1011,320000000,8,2,1,2,0,885,0,884,0,2,1,2,0,883,0,882,0,4,1,4,0,880,0,879,0,
741655,0,0,3,6,85,12,6,110,40,15,.7,.80,.2,.7,1.0,1500,1.00,50,60,1,2,1152,1024,2048,3,0,242,32000000000,8,2,1,2,0,887,0,888,0,3,2,1.5,0.5,440.5,103.5,292.667,153.328,3,1,3,0,886,0,886,0,
97595,0,0,3,6,75,12,10,150,80,10,.8,.60,.5,.6,.1,1500,.45,10,60,1,4,1152,1920,1920,4,0,685,3200000000,8,3,1,3,0,882,0,440,267,4,1,4,0,889,0,444,185,2,1,2,0,882,0,882,0,
346916,0,0,1,6,61,12,2,110,80,15,.5,1.00,.2,.5,.8,600,.60,90,60,3,1,1024,1664,1664,4,0,549,10000000000,8,3,1,3,0,894,0,446,17,2,1,2,0,883,0,882,0,5,2,2.5,0.5,443,163,294.333,224.383,
58977,0,0,6,6,59,6,6,130,60,10,.8,.65,.5,.9,1.0,700,.55,70,60,1,4,1536,1920,1408,2,0,665,3200000000,8,3,1,3,0,882,0,440,267,4,1,4,0,889,0,444,185,2,1,2,0,882,0,882,0,
31638,0,0,12,6,81,12,10,100,100,10,1.0,.85,.5,.7,.6,1600,1.00,30,60,1,1,1280,1408,1280,2,0,394,320000000,8,2,1,2,0,885,0,884,0,2,1,2,0,883,0,882,0,4,1,4,0,880,0,879,0,
71553,0,0,12,6,15,12,10,130,60,10,1.0,.70,.5,.6,.6,1600,.80,100,50,3,3,1408,1280,1792,1,0,339,3200000000,8,3,1,3,0,882,0,440,267,4,1,4,0,889,0,444,185,2,1,2,0,882,0,882,0,
1035642,0,0,6,6,99,12,12,140,50,20,.8,.80,.3,.8,.1,1800,.15,90,40,3,4,1152,1664,1664,2,0,969,32000000000,8,2,1,2,0,887,0,888,0,3,2,1.5,0.5,440.5,103.5,292.667,153.328,3,1,3,0,886,0,886,0,
49750,0,0,3,6,82,4,4,140,40,5,.7,.55,.3,.6,.4,1700,.80,50,50,1,4,1920,2048,1024,1,0,622,320000000,8,2,1,2,0,885,0,884,0,2,1,2,0,883,0,882,0,4,1,4,0,880,0,879,0,
51863,0,0,12,6,100,2,6,130,70,20,.6,1.00,.2,.9,.4,1800,.75,60,60,3,1,2048,2048,1792,1,0,889,3200000000,8,3,1,3,0,882,0,440,267,4,1,4,0,889,0,444,185,2,1,2,0,882,0,882,0,
32303,0,0,6,6,95,4,2,110,60,10,1.0,.60,.2,.7,.1,900,.40,20,60,2,1,1536,2048,1024,3,0,454,320000000,8,2,1,2,0,885,0,884,0,2,1,2,0,883,0,882,0,4,1,4,0,880,0,879,0,
71318,0,0,12,6,120,12,6,100,10,5,.7,.70,.2,.5,.7,1700,.45,50,40,4,1,1536,1664,1920,2,0,796,3200000000,8,3,1,3,0,882,0,440,267,4,1,4,0,889,0,444,185,2,1,2,0,882,0,882,0,
90344,0,0,3,6,111,10,6,110,100,15,.9,.80,.2,.9,.3,1900,.45,100,40,2,3,2048,1408,1664,4,0,553,3200000000,8,3,1,3,0,882,0,440,267,4,1,4,0,889,0,444,185,2,1,2,0,882,0,882,0,
839704,0,0,3,6,67,4,10,120,90,5,.9,1.00,.5,.6,.8,1600,.05,30,50,4,3,1408,2048,1920,1,0,827,32000000000,8,2,1,2,0,887,0,888,0,3,2,1.5,0.5,440.5,103.5,292.667,153.328,3,1,3,0,886,0,886,0,
799338,0,0,6,6,62,6,12,140,20,10,.8,.90,.2,.8,.5,1800,.40,60,40,2,2,2048,1152,1536,4,0,522,32000000000,8,2,1,2,0,887,0,888,0,3,2,1.5,0.5,440.5,103.5,292.667,153.328,3,1,3,0,886,0,886,0,
575819,0,0,12,6,80,10,8,130,70,20,.6,.55,.4,.5,.3,2000,.30,60,60,4,2,2048,1664,2048,2,0,988,32000000000,8,2,1,2,0,887,0,888,0,3,2,1.5,0.5,440.5,103.5,292.667,153.328,3,1,3,0,886,0,886,0,
165572,0,0,3,6,75,10,8,130,20,10,.8,.90,.3,.5,.6,1500,.55,30,40,4,1,1152,1152,1024,4,0,960,10000000000,8,3,1,3,0,894,0,446,17,2,1,2,0,883,0,882,0,5,2,2.5,0.5,443,163,294.333,224.383,
842946,0,0,6,6,101,6,2,140,90,5,1.0,.55,.5,.8,1.0,900,.90,10,50,2,3,1280,1024,1408,2,0,448,32000000000,8,2,1,2,0,887,0,888,0,3,2,1.5,0.5,440.5,103.5,292.667,153.328,3,1,3,0,886,0,886,0,
123507,0,0,12,6,106,10,8,150,10,15,.9,1.00,.2,.7,.8,1900,.30,30,40,2,2,1024,1152,1024,4,0,906,10000000000,8,3,1,3,0,894,0,446,17,2,1,2,0,883,0,882,0,5,2,2.5,0.5,443,163,294.333,224.383,
128006,0,0,12,6,30,10,4,100,100,20,.8,1.00,.2,.9,.4,700,.30,100,60,3,1,1152,2048,1792,1,0,375,10000000000,8,3,1,3,0,894,0,446,17,2,1,2,0,883,0,882,0,5,2,2.5,0.5,443,163,294.333,224.383,
114310,0,0,1,6,91,10,4,100,30,20,.6,.95,.4,.5,.1,1400,.45,30,50,2,1,1792,1280,1920,2,0,751,320000000,8,2,1,2,0,885,0,884,0,2,1,2,0,883,0,882,0,4,1,4,0,880,0,879,0,
160793,0,0,3,6,100,10,4,130,50,20,1.0,1.00,.2,.7,0,1900,.90,40,40,4,1,1664,1280,1536,4,0,421,10000000000,8,3,1,3,0,894,0,446,17,2,1,2,0,883,0,882,0,5,2,2.5,0.5,443,163,294.333,224.383,
64271,0,0,6,6,105,4,8,110,70,20,.5,.65,.3,.5,1.0,600,.55,20,50,1,2,1152,1664,1792,1,0,369,3200000000,8,3,1,3,0,882,0,440,267,4,1,4,0,889,0,444,185,2,1,2,0,882,0,882,0,
33499,0,0,6,6,96,12,12,150,30,20,.8,.95,.3,.6,.8,1400,0,60,40,1,3,1280,1024,1792,3,0,343,320000000,8,2,1,2,0,885,0,884,0,2,1,2,0,883,0,882,0,4,1,4,0,880,0,879,0,
89149,0,0,3,6,51,10,8,140,60,5,.7,.75,.2,.6,.9,1600,.90,50,60,4,4,1792,1024,1024,1,0,998,3200000000,8,3,1,3,0,882,0,440,267,4,1,4,0,889,0,444,185,2,1,2,0,882,0,882,0,
109248,0,0,1,6,84,4,12,110,70,5,.8,.90,.2,.7,0,1400,.75,80,60,2,2,1280,1536,1152,3,0,236,320000000,8,2,1,2,0,885,0,884,0,2,1,2,0,883,0,882,0,4,1,4,0,880,0,879,0,
81469,0,0,6,6,100,12,10,150,60,15,.9,.70,.5,.5,.6,600,.40,40,40,1,1,1792,1280,1280,2,0,558,3200000000,8,3,1,3,0,882,0,440,267,4,1,4,0,889,0,444,185,2,1,2,0,882,0,882,0,
128611,0,0,1,6,98,12,8,120,90,5,.8,.60,.4,.5,0,1800,.05,80,60,4,1,1408,1664,1024,2,0,699,320000000,8,2,1,2,0,885,0,884,0,2,1,2,0,883,0,882,0,4,1,4,0,880,0,879,0,
167828,0,0,3,6,41,8,10,130,90,10,1.0,.50,.3,.6,.1,1900,.80,40,40,3,4,2048,1664,1536,1,0,693,10000000000,8,3,1,3,0,894,0,446,17,2,1,2,0,883,0,882,0,5,2,2.5,0.5,443,163,294.333,224.383,
81858,0,0,6,6,25,6,10,120,80,20,.9,.85,.5,.9,.3,1800,.80,50,60,1,3,1408,1920,1152,3,0,376,3200000000,8,3,1,3,0,882,0,440,267,4,1,4,0,889,0,444,185,2,1,2,0,882,0,882,0,
133979,0,0,1,6,104,8,8,100,30,5,.6,.55,.3,.7,.7,1500,.60,50,60,1,4,1408,1792,1792,2,0,992,320000000,8,2,1,2,0,885,0,884,0,2,1,2,0,883,0,882,0,4,1,4,0,880,0,879,0,
39363,0,0,6,6,124,10,8,110,10,15,.8,1.00,.2,.5,.4,1700,.55,50,50,1,4,1152,1280,1024,4,0,489,320000000,8,2,1,2,0,885,0,884,0,2,1,2,0,883,0,882,0,4,1,4,0,880,0,879,0,
68132,0,0,6,6,69,6,2,150,70,10,.5,.75,.2,.8,.6,1000,.20,60,60,2,3,1408,1536,1536,2,0,304,3200000000,8,3,1,3,0,882,0,440,267,4,1,4,0,889,0,444,185,2,1,2,0,882,0,882,0,
129049,0,0,12,6,17,6,10,100,50,15,.8,.60,.2,.9,.8,1800,.25,70,40,4,4,1664,1152,1280,2,0,442,10000000000,8,3,1,3,0,894,0,446,17,2,1,2,0,883,0,882,0,5,2,2.5,0.5,443,163,294.333,224.383,
133682,0,0,12,6,100,2,10,150,30,10,.9,.95,.4,.6,.8,2000,.20,40,60,2,3,1408,1280,1664,1,0,709,10000000000,8,3,1,3,0,894,0,446,17,2,1,2,0,883,0,882,0,5,2,2.5,0.5,443,163,294.333,224.383,
1095496,0,0,3,6,17,4,8,120,10,15,.8,1.00,.2,.6,1.0,1600,.25,40,50,2,3,1280,2048,2048,4,0,868,32000000000,8,2,1,2,0,887,0,888,0,3,2,1.5,0.5,440.5,103.5,292.667,153.328,3,1,3,0,886,0,886,0,
39839,0,0,3,6,56,4,12,120,60,5,.6,.65,.3,.8,.6,600,.85,60,50,1,2,1920,1152,1024,2,0,636,320000000,8,2,1,2,0,885,0,884,0,2,1,2,0,883,0,882,0,4,1,4,0,880,0,879,0,
563109,0,0,12,6,125,8,12,100,30,10,.5,.60,.4,.7,.4,1300,.90,20,60,1,1,2048,1152,1792,1,0,557,32000000000,8,2,1,2,0,887,0,888,0,3,2,1.5,0.5,440.5,103.5,292.667,153.328,3,1,3,0,886,0,886,0,
157415,0,0,1,6,121,2,12,120,80,20,.6,.65,.5,.7,.3,500,.90,40,50,1,2,1024,2048,1280,3,0,661,320000000,8,2,1,2,0,885,0,884,0,2,1,2,0,883,0,882,0,4,1,4,0,880,0,879,0,
661456,0,0,12,6,50,6,12,150,70,15,.7,.90,.4,.5,1.0,1600,.75,90,60,3,2,1152,2048,2048,1,0,934,32000000000,8,2,1,2,0,887,0,888,0,3,2,1.5,0.5,440.5,103.5,292.667,153.328,3,1,3,0,886,0,886,0,
56775,0,0,12,6,46,2,6,150,60,5,1.0,1.00,.4,.5,0,1000,.85,60,60,2,4,1152,1152,1920,3,0,493,3200000000,8,3,1,3,0,882,0,440,267,4,1,4,0,889,0,444,185,2,1,2,0,882,0,882,0,
812914,0,0,6,6,53,8,8,120,40,5,.9,.65,.3,.9,.9,1600,.10,50,50,2,4,1792,1536,1920,4,0,361,32000000000,8,2,1,2,0,887,0,888,0,3,2,1.5,0.5,440.5,103.5,292.667,153.328,3,1,3,0,886,0,886,0,
38816,0,0,6,6,105,4,8,110,100,10,.5,.70,.2,.6,.3,1400,0,60,50,3,4,1024,1024,1664,3,0,368,320000000,8,2,1,2,0,885,0,884,0,2,1,2,0,883,0,882,0,4,1,4,0,880,0,879,0,
152303,0,0,3,6,54,6,4,140,50,20,.9,.75,.3,.7,.2,800,.75,30,40,1,1,1152,1536,1408,3,0,880,10000000000,8,3,1,3,0,894,0,446,17,2,1,2,0,883,0,882,0,5,2,2.5,0.5,443,163,294.333,224.383,
206264,0,0,6,6,72,6,2,140,30,15,.6,1.00,.3,.8,.3,1500,0,50,40,1,2,1152,1536,2048,3,0,793,10000000000,8,3,1,3,0,894,0,446,17,2,1,2,0,883,0,882,0,5,2,2.5,0.5,443,163,294.333,224.383,
52340,0,0,1,6,28,4,12,150,20,10,.6,.75,.2,.5,.3,1600,.80,90,40,3,4,1152,1664,1920,1,0,578,320000000,8,2,1,2,0,885,0,884,0,2,1,2,0,883,0,882,0,4,1,4,0,880,0,879,0,
41771,0,0,1,6,21,10,4,150,40,5,.7,.70,.5,.7,0,1400,.20,30,40,3,1,1152,1920,2048,4,0,549,320000000,8,2,1,2,0,885,0,884,0,2,1,2,0,883,0,882,0,4,1,4,0,880,0,879,0,
84173,0,0,3,6,88,10,12,130,20,20,.6,.70,.2,.9,.4,1000,.80,50,50,1,2,1536,1152,1152,1,0,450,3200000000,8,3,1,3,0,882,0,440,267,4,1,4,0,889,0,444,185,2,1,2,0,882,0,882,0,
27037,0,0,6,6,71,10,2,140,80,20,.6,.90,.3,.9,.7,1300,.35,70,60,1,4,1920,1152,1408,1,0,495,320000000,8,2,1,2,0,885,0,884,0,2,1,2,0,883,0,882,0,4,1,4,0,880,0,879,0,
3445762,0,0,3,6,6,6,2,140,30,15,.6,.60,.4,.9,.6,600,.70,20,40,4,4,1920,1536,1152,1,0,846,32000000000,8,2,1,2,0,887,0,888,0,3,2,1.5,0.5,440.5,103.5,292.667,153.328,3,1,3,0,886,0,886,0,
172815,0,0,3,6,82,6,6,130,30,5,.8,.50,.2,.6,.7,1400,.75,70,50,3,1,2048,1536,2048,2,0,398,10000000000,8,3,1,3,0,894,0,446,17,2,1,2,0,883,0,882,0,5,2,2.5,0.5,443,163,294.333,224.383,
68413,0,1,6,6,23,12,4,204,10,5,0.70,0.66,0.25,0.80,0.0,1000,0.05,10,40,1,1,512,1024,512,1,0,200,3200000000,8,3,1,3,0,882,0,440,267,4,1,4,0,889,0,444,185,2,1,2,0,882,0,882,0,
813682,0,0,6,6,75,12,10,150,20,10,.6,1.00,.2,.9,.8,500,.35,70,40,3,2,1152,1280,1408,4,0,717,32000000000,8,2,1,2,0,887,0,888,0,3,2,1.5,0.5,440.5,103.5,292.667,153.328,3,1,3,0,886,0,886,0,
199019,0,0,1,6,103,10,12,150,60,15,1.0,.80,.5,.9,.5,600,.55,30,60,1,2,1280,1152,1536,3,0,837,3200000000,8,3,1,3,0,882,0,440,267,4,1,4,0,889,0,444,185,2,1,2,0,882,0,882,0,
87642,0,0,6,6,111,2,12,140,50,20,1.0,.55,.4,.5,.5,800,.95,20,50,3,2,1408,2048,1664,2,0,349,3200000000,8,3,1,3,0,882,0,440,267,4,1,4,0,889,0,444,185,2,1,2,0,882,0,882,0,
645166,0,0,12,6,13,8,12,130,30,15,.8,.80,.2,.9,0,1100,.15,60,50,4,1,1536,1664,1024,4,0,282,32000000000,8,2,1,2,0,887,0,888,0,3,2,1.5,0.5,440.5,103.5,292.667,153.328,3,1,3,0,886,0,886,0,
944392,0,0,6,6,53,12,10,100,10,5,.9,.90,.4,.6,.5,1900,.50,80,40,3,4,1664,1792,1152,4,0,630,32000000000,8,2,1,2,0,887,0,888,0,3,2,1.5,0.5,440.5,103.5,292.667,153.328,3,1,3,0,886,0,886,0,
326579,0,0,1,6,49,6,6,150,100,20,1.0,.75,.5,.5,.3,1600,.70,50,60,2,2,1024,2048,1024,2,0,437,10000000000,8,3,1,3,0,894,0,446,17,2,1,2,0,883,0,882,0,5,2,2.5,0.5,443,163,294.333,224.383,
86457,0,0,12,6,2,4,6,100,50,20,.7,1.00,.3,.5,.5,1700,.95,60,60,4,2,1408,1408,1536,3,0,971,3200000000,8,3,1,3,0,882,0,440,267,4,1,4,0,889,0,444,185,2,1,2,0,882,0,882,0,
914122,0,0,6,6,23,8,4,100,10,20,.8,.65,.5,.9,.9,1600,.50,70,60,4,1,2048,1536,1024,1,0,697,32000000000,8,2,1,2,0,887,0,888,0,3,2,1.5,0.5,440.5,103.5,292.667,153.328,3,1,3,0,886,0,886,0,
20295,0,0,12,6,52,2,6,130,80,10,.9,.80,.3,.7,.9,500,.20,50,60,1,4,1408,1152,1024,2,0,900,320000000,8,2,1,2,0,885,0,884,0,2,1,2,0,883,0,882,0,4,1,4,0,880,0,879,0,
264695,0,0,6,6,77,8,12,130,50,5,.9,.60,.2,.5,.5,1700,1.00,70,50,2,1,1408,1920,1792,2,0,279,10000000000,8,3,1,3,0,894,0,446,17,2,1,2,0,883,0,882,0,5,2,2.5,0.5,443,163,294.333,224.383,
75355,0,0,6,6,21,6,2,110,60,5,1.0,1.00,.3,.9,.9,1300,.15,40,60,2,1,1152,1280,1152,1,0,224,3200000000,8,3,1,3,0,882,0,440,267,4,1,4,0,889,0,444,185,2,1,2,0,882,0,882,0,
23309,0,0,3,6,18,2,4,120,20,10,.5,.50,.2,.9,.2,600,.05,100,60,3,2,1024,1024,2048,1,0,410,320000000,8,2,1,2,0,885,0,884,0,2,1,2,0,883,0,882,0,4,1,4,0,880,0,879,0,
28924,0,0,6,6,79,12,6,100,40,10,.5,.85,.3,.5,0,1900,.40,100,40,1,3,1280,1280,2048,4,0,661,320000000,8,2,1,2,0,885,0,884,0,2,1,2,0,883,0,882,0,4,1,4,0,880,0,879,0,
92908,0,0,3,6,60,8,2,140,70,10,.9,.60,.5,.7,1.0,1600,.55,90,60,4,2,1664,1024,1024,4,0,766,3200000000,8,3,1,3,0,882,0,440,267,4,1,4,0,889,0,444,185,2,1,2,0,882,0,882,0,
43854,0,0,12,6,122,4,4,130,100,10,.8,.60,.4,.6,.4,1500,.95,80,40,4,3,1152,1280,1152,4,0,401,320000000,8,2,1,2,0,885,0,884,0,2,1,2,0,883,0,882,0,4,1,4,0,880,0,879,0,
65382,0,0,3,6,123,6,4,130,80,20,.6,.60,.4,.6,.7,1200,0,70,40,1,3,1664,1792,1792,3,0,642,320000000,8,2,1,2,0,885,0,884,0,2,1,2,0,883,0,882,0,4,1,4,0,880,0,879,0,
49882,0,0,3,6,91,6,12,130,80,20,.7,.60,.3,.5,.6,1600,.50,10,60,4,1,1280,1536,1792,3,0,617,320000000,8,2,1,2,0,885,0,884,0,2,1,2,0,883,0,882,0,4,1,4,0,880,0,879,0,
62307,0,0,3,6,121,2,8,100,20,5,.9,.85,.5,.6,.6,1000,.55,10,50,1,4,1408,1280,1280,3,0,354,320000000,8,2,1,2,0,885,0,884,0,2,1,2,0,883,0,882,0,4,1,4,0,880,0,879,0,
18395,0,0,6,6,25,8,10,130,100,10,.5,.60,.2,.6,.6,2000,.40,70,50,2,4,1280,1920,1024,2,0,572,320000000,8,2,1,2,0,885,0,884,0,2,1,2,0,883,0,882,0,4,1,4,0,880,0,879,0,
134099,0,0,1,6,103,12,4,150,80,10,.8,.60,.5,.5,.5,2000,.15,10,40,2,2,1792,1792,1280,4,0,283,320000000,8,2,1,2,0,885,0,884,0,2,1,2,0,883,0,882,0,4,1,4,0,880,0,879,0,
79289,0,1,6,6,121,8,6,204,10,5,0.70,0.66,0.25,0.80,0.0,1000,0.05,10,40,1,1,512,1024,512,1,0,200,3200000000,8,3,1,3,0,882,0,440,267,4,1,4,0,889,0,444,185,2,1,2,0,882,0,882,0,
54850,0,0,12,6,113,6,6,140,10,15,1.0,.85,.2,.7,.9,1200,.20,30,50,4,4,1536,1536,1408,3,0,746,3200000000,8,3,1,3,0,882,0,440,267,4,1,4,0,889,0,444,185,2,1,2,0,882,0,882,0,
238701,0,0,6,6,49,8,10,140,10,10,.7,.80,.3,.8,.5,1800,.50,90,60,2,2,1024,1408,1920,2,0,603,10000000000,8,3,1,3,0,894,0,446,17,2,1,2,0,883,0,882,0,5,2,2.5,0.5,443,163,294.333,224.383,
122986,0,0,1,6,97,6,10,140,30,10,.9,.60,.5,.8,.7,2000,.95,50,60,1,3,1152,1152,1024,2,0,878,320000000,8,2,1,2,0,885,0,884,0,2,1,2,0,883,0,882,0,4,1,4,0,880,0,879,0,
88526,0,0,3,6,18,4,10,140,80,5,1.0,.60,.3,.9,.1,1100,.55,70,60,1,1,1792,1280,1920,1,0,490,3200000000,8,3,1,3,0,882,0,440,267,4,1,4,0,889,0,444,185,2,1,2,0,882,0,882,0,
69699,0,0,12,6,44,2,12,110,80,20,.8,.80,.4,.7,.2,1500,.65,40,60,3,2,1920,1536,1280,2,0,851,3200000000,8,3,1,3,0,882,0,440,267,4,1,4,0,889,0,444,185,2,1,2,0,882,0,882,0,
708838,0,0,12,6,127,12,12,130,40,20,.5,.80,.2,.6,.6,1600,.60,80,60,3,2,1792,1792,1152,1,0,979,32000000000,8,2,1,2,0,887,0,888,0,3,2,1.5,0.5,440.5,103.5,292.667,153.328,3,1,3,0,886,0,886,0,
497368,0,0,1,6,21,2,10,150,50,20,.6,.65,.3,.9,.8,1800,.85,100,60,4,3,1536,1024,1536,3,0,929,10000000000,8,3,1,3,0,894,0,446,17,2,1,2,0,883,0,882,0,5,2,2.5,0.5,443,163,294.333,224.383,
158354,0,0,6,6,23,6,10,120,100,20,.6,.85,.3,.5,.8,600,.50,60,50,2,4,1664,1920,1024,3,0,892,10000000000,8,3,1,3,0,894,0,446,17,2,1,2,0,883,0,882,0,5,2,2.5,0.5,443,163,294.333,224.383,
208724,0,0,1,6,111,10,2,120,70,15,.7,1.00,.5,.5,.2,1100,.90,70,50,3,2,1408,1920,1920,4,0,342,3200000000,8,3,1,3,0,882,0,440,267,4,1,4,0,889,0,444,185,2,1,2,0,882,0,882,0,
52657,0,0,1,6,29,12,6,140,30,15,.9,.90,.2,.6,.3,1400,.70,20,60,1,2,1792,1920,1408,2,0,301,320000000,8,2,1,2,0,885,0,884,0,2,1,2,0,883,0,882,0,4,1,4,0,880,0,879,0,
132747,0,0,12,6,58,6,4,140,50,10,.6,.70,.5,.9,.3,1500,.85,50,60,4,1,1152,2048,1408,3,0,951,10000000000,8,3,1,3,0,894,0,446,17,2,1,2,0,883,0,882,0,5,2,2.5,0.5,443,163,294.333,224.383,
15992,0,0,6,6,12,8,12,120,40,20,1.0,.70,.2,.8,.8,900,.15,10,50,1,2,1152,2048,1152,2,0,628,320000000,8,2,1,2,0,885,0,884,0,2,1,2,0,883,0,882,0,4,1,4,0,880,0,879,0,
21841,0,0,12,6,68,2,4,110,10,20,.8,.85,.2,.7,.2,500,.75,40,50,1,2,1792,1280,1536,4,0,840,320000000,8,2,1,2,0,885,0,884,0,2,1,2,0,883,0,882,0,4,1,4,0,880,0,879,0,
414609,0,0,1,6,117,6,12,130,70,15,.8,.65,.3,.7,.3,1700,.85,90,50,4,1,1408,2048,1792,3,0,881,10000000000,8,3,1,3,0,894,0,446,17,2,1,2,0,883,0,882,0,5,2,2.5,0.5,443,163,294.333,224.383,
411941,0,0,1,6,82,8,10,120,80,5,.6,.75,.5,.7,.5,1400,.55,40,40,2,3,1920,1408,1280,3,0,796,10000000000,8,3,1,3,0,894,0,446,17,2,1,2,0,883,0,882,0,5,2,2.5,0.5,443,163,294.333,224.383,
22264,0,0,6,6,39,4,4,120,40,20,.7,.55,.4,.6,.3,1800,0,50,50,3,4,1920,1664,1152,2,0,468,320000000,8,2,1,2,0,885,0,884,0,2,1,2,0,883,0,882,0,4,1,4,0,880,0,879,0,
81789,0,0,6,6,50,4,4,150,60,20,.9,.80,.5,.6,.2,800,1.00,30,40,4,2,1536,1408,1280,4,0,1016,3200000000,8,3,1,3,0,882,0,440,267,4,1,4,0,889,0,444,185,2,1,2,0,882,0,882,0,
34706,0,0,6,6,109,6,10,140,10,5,1.0,1.00,.5,.5,.7,1200,1.00,50,50,1,1,1280,1024,1536,2,0,687,320000000,8,2,1,2,0,885,0,884,0,2,1,2,0,883,0,882,0,4,1,4,0,880,0,879,0,
979101,0,0,6,6,53,4,8,150,40,20,.9,.80,.5,.7,.9,1300,.70,60,40,1,3,1408,1664,2048,4,0,704,32000000000,8,2,1,2,0,887,0,888,0,3,2,1.5,0.5,440.5,103.5,292.667,153.328,3,1,3,0,886,0,886,0,
31172,0,0,3,6,31,6,2,140,100,20,.8,1.00,.2,.8,.5,1600,.80,100,60,3,4,1536,1280,1408,3,0,656,320000000,8,2,1,2,0,885,0,884,0,2,1,2,0,883,0,882,0,4,1,4,0,880,0,879,0,
105956,0,0,3,6,87,8,12,150,10,15,.7,.70,.3,.8,0,500,.55,90,50,4,2,1792,1536,1792,3,0,664,3200000000,8,3,1,3,0,882,0,440,267,4,1,4,0,889,0,444,185,2,1,2,0,882,0,882,0,
26941,0,0,12,6,88,6,2,140,90,5,.9,.90,.2,.5,.5,1900,.40,70,60,2,4,1536,2048,1920,3,0,289,320000000,8,2,1,2,0,885,0,884,0,2,1,2,0,883,0,882,0,4,1,4,0,880,0,879,0,
64138,0,0,6,6,92,4,8,100,10,10,.6,1.00,.5,.9,.2,900,0,30,50,1,3,1920,1536,1152,1,0,218,3200000000,8,3,1,3,0,882,0,440,267,4,1,4,0,889,0,444,185,2,1,2,0,882,0,882,0,
76746,0,0,12,6,93,12,2,100,60,10,.6,.55,.5,.7,.5,800,.60,90,50,3,1,1024,1408,1792,2,0,815,3200000000,8,3,1,3,0,882,0,440,267,4,1,4,0,889,0,444,185,2,1,2,0,882,0,882,0,
150614,0,0,6,6,33,2,6,140,10,5,.5,1.00,.2,.5,.5,1600,.20,100,50,3,3,1536,1664,1536,4,0,728,10000000000,8,3,1,3,0,894,0,446,17,2,1,2,0,883,0,882,0,5,2,2.5,0.5,443,163,294.333,224.383,
345335,0,0,1,6,53,2,2,150,70,10,1.0,.60,.3,.7,1.0,700,.10,20,50,3,1,1152,1792,1792,1,0,734,10000000000,8,3,1,3,0,894,0,446,17,2,1,2,0,883,0,882,0,5,2,2.5,0.5,443,163,294.333,224.383,
126532,0,0,12,6,50,10,4,150,10,10,1.0,.65,.4,.5,.4,1200,.10,90,60,1,2,1536,1920,1792,1,0,599,10000000000,8,3,1,3,0,894,0,446,17,2,1,2,0,883,0,882,0,5,2,2.5,0.5,443,163,294.333,224.383,
134984,0,0,12,6,107,12,2,140,10,15,1.0,.50,.4,.8,.2,1200,.55,20,40,4,4,1280,1920,1920,2,0,692,10000000000,8,3,1,3,0,894,0,446,17,2,1,2,0,883,0,882,0,5,2,2.5,0.5,443,163,294.333,224.383,
38356,0,0,3,6,53,6,4,150,20,15,.7,.70,.4,.5,.8,2000,.40,90,60,2,2,1152,2048,1536,2,0,579,320000000,8,2,1,2,0,885,0,884,0,2,1,2,0,883,0,882,0,4,1,4,0,880,0,879,0,
139115,0,0,12,6,109,4,6,130,10,10,.7,.55,.3,.7,.9,1500,.60,40,50,3,2,1664,1792,1664,4,0,405,10000000000,8,3,1,3,0,894,0,446,17,2,1,2,0,883,0,882,0,5,2,2.5,0.5,443,163,294.333,224.383,
48875,0,0,12,6,20,10,12,150,50,5,1.0,.80,.5,.9,.5,1600,.60,100,40,2,1,1152,1408,1152,1,0,429,3200000000,8,3,1,3,0,882,0,440,267,4,1,4,0,889,0,444,185,2,1,2,0,882,0,882,0,
558354,0,0,12,6,120,10,6,110,20,15,.6,.90,.3,.7,.3,900,.10,70,40,3,4,1792,1152,2048,1,0,328,32000000000,8,2,1,2,0,887,0,888,0,3,2,1.5,0.5,440.5,103.5,292.667,153.328,3,1,3,0,886,0,886,0,
387234,0,0,1,6,93,8,10,110,20,10,.9,.80,.3,.7,.4,500,.35,30,50,4,3,1280,1792,1152,2,0,575,10000000000,8,3,1,3,0,894,0,446,17,2,1,2,0,883,0,882,0,5,2,2.5,0.5,443,163,294.333,224.383,
27522,0,0,6,6,71,10,2,110,100,10,.7,.95,.5,.8,1.0,600,.80,80,50,1,3,1152,1024,1024,1,0,829,320000000,8,2,1,2,0,885,0,884,0,2,1,2,0,883,0,882,0,4,1,4,0,880,0,879,0,
58953,0,0,1,6,37,4,12,150,30,20,.5,.50,.4,.6,.1,1200,.10,50,40,4,3,1408,1152,1664,3,0,410,320000000,8,2,1,2,0,885,0,884,0,2,1,2,0,883,0,882,0,4,1,4,0,880,0,879,0,
29982,0,0,6,6,81,12,6,140,20,5,1.0,.60,.3,.9,.3,1700,.80,10,60,3,4,1408,1920,1920,4,0,261,320000000,8,2,1,2,0,885,0,884,0,2,1,2,0,883,0,882,0,4,1,4,0,880,0,879,0,
266614,0,0,3,6,93,4,10,130,80,5,1.0,.70,.2,.7,1.0,600,.30,30,60,4,1,1920,1280,1152,4,0,339,10000000000,8,3,1,3,0,894,0,446,17,2,1,2,0,883,0,882,0,5,2,2.5,0.5,443,163,294.333,224.383,
67644,0,0,3,6,47,12,8,100,70,5,.5,.70,.5,.6,.1,1100,.95,30,40,4,2,1920,1792,1408,4,0,860,3200000000,8,3,1,3,0,882,0,440,267,4,1,4,0,889,0,444,185,2,1,2,0,882,0,882,0,
168849,0,0,3,6,46,12,6,100,70,20,.6,.50,.4,.6,.8,1200,1.00,30,60,4,1,1280,1792,2048,3,0,919,10000000000,8,3,1,3,0,894,0,446,17,2,1,2,0,883,0,882,0,5,2,2.5,0.5,443,163,294.333,224.383,
422190,0,0,12,6,34,8,8,130,30,10,1.0,.65,.2,.5,.2,700,.20,20,50,1,3,1920,1792,1024,1,0,440,32000000000,8,2,1,2,0,887,0,888,0,3,2,1.5,0.5,440.5,103.5,292.667,153.328,3,1,3,0,886,0,886,0,
141394,0,0,12,6,65,10,12,110,40,15,.7,1.00,.5,.8,1.0,500,.45,100,60,3,1,1408,1536,1408,1,0,1010,10000000000,8,3,1,3,0,894,0,446,17,2,1,2,0,883,0,882,0,5,2,2.5,0.5,443,163,294.333,224.383,
311520,0,0,1,6,60,6,10,100,90,10,.7,.75,.4,.9,.6,1300,.10,40,40,4,3,1024,1408,1024,2,0,755,10000000000,8,3,1,3,0,894,0,446,17,2,1,2,0,883,0,882,0,5,2,2.5,0.5,443,163,294.333,224.383,
20718,0,0,12,6,55,2,10,100,80,10,.8,.75,.3,.8,.8,1600,.40,40,50,4,3,1536,1024,1792,1,0,823,320000000,8,2,1,2,0,885,0,884,0,2,1,2,0,883,0,882,0,4,1,4,0,880,0,879,0,
78179,0,0,6,6,125,4,4,130,70,15,1.0,.55,.2,.7,.3,1300,.30,60,60,4,4,1280,1664,1280,1,0,789,3200000000,8,3,1,3,0,882,0,440,267,4,1,4,0,889,0,444,185,2,1,2,0,882,0,882,0,
446122,0,0,12,6,101,4,10,150,100,10,.8,.65,.4,.8,.4,1000,.35,30,40,3,4,1664,1280,1920,3,0,446,32000000000,8,2,1,2,0,887,0,888,0,3,2,1.5,0.5,440.5,103.5,292.667,153.328,3,1,3,0,886,0,886,0,
1654475,0,0,1,6,114,2,6,120,30,20,.8,.90,.4,.5,0,1500,.30,10,50,3,2,2048,1536,1024,2,0,584,32000000000,8,2,1,2,0,887,0,888,0,3,2,1.5,0.5,440.5,103.5,292.667,153.328,3,1,3,0,886,0,886,0,
110996,0,0,3,6,127,2,8,100,60,15,.6,.70,.5,.6,.2,1800,.50,10,40,1,3,1536,1024,1024,1,0,485,3200000000,8,3,1,3,0,882,0,440,267,4,1,4,0,889,0,444,185,2,1,2,0,882,0,882,0,
738450,0,0,12,6,89,8,4,140,50,10,.7,1.00,.4,.8,.7,1000,.85,50,40,1,1,1792,1024,1408,2,0,359,32000000000,8,2,1,2,0,887,0,888,0,3,2,1.5,0.5,440.5,103.5,292.667,153.328,3,1,3,0,886,0,886,0,
26747,0,0,6,6,59,2,2,140,30,15,.5,.95,.3,.9,.5,1100,.55,20,60,1,4,1792,1152,1664,2,0,558,320000000,8,2,1,2,0,885,0,884,0,2,1,2,0,883,0,882,0,4,1,4,0,880,0,879,0,
24376,0,0,12,6,83,8,12,130,40,15,.5,1.00,.4,.5,.7,1900,.15,50,50,2,2,1664,1408,1920,3,0,725,320000000,8,2,1,2,0,885,0,884,0,2,1,2,0,883,0,882,0,4,1,4,0,880,0,879,0,
68238,0,0,6,6,3,6,6,150,30,5,.6,.85,.3,.5,.8,1800,.25,20,40,1,4,1280,1408,1152,2,0,672,3200000000,8,3,1,3,0,882,0,440,267,4,1,4,0,889,0,444,185,2,1,2,0,882,0,882,0,
20799,0,0,12,6,61,10,12,110,10,20,1.0,.75,.2,.8,0,1100,.05,60,60,2,4,1536,1664,2048,2,0,571,320000000,8,2,1,2,0,885,0,884,0,2,1,2,0,883,0,882,0,4,1,4,0,880,0,879,0,
360844,0,0,1,6,64,2,4,130,40,10,.8,.70,.5,.7,.3,1000,.30,20,60,2,4,1280,1664,1408,3,0,307,10000000000,8,3,1,3,0,894,0,446,17,2,1,2,0,883,0,882,0,5,2,2.5,0.5,443,163,294.333,224.383,
212599,0,0,3,6,52,12,2,150,40,15,1.0,.80,.2,.9,1.0,1200,.30,100,60,3,3,1664,1152,1792,3,0,804,10000000000,8,3,1,3,0,894,0,446,17,2,1,2,0,883,0,882,0,5,2,2.5,0.5,443,163,294.333,224.383,
24980,0,0,12,6,99,10,10,130,60,20,.9,.95,.2,.8,.9,2000,1.00,10,40,3,2,1664,1280,1024,2,0,362,320000000,8,2,1,2,0,885,0,884,0,2,1,2,0,883,0,882,0,4,1,4,0,880,0,879,0,
1022213,0,0,3,6,35,12,12,100,20,20,.5,.80,.4,.5,.2,1600,.15,40,60,1,3,1408,1408,2048,2,0,801,32000000000,8,2,1,2,0,887,0,888,0,3,2,1.5,0.5,440.5,103.5,292.667,153.328,3,1,3,0,886,0,886,0,
66835,0,0,3,6,50,2,6,130,20,10,.7,.50,.2,.7,.1,1700,.40,10,60,3,2,1408,1920,1024,1,0,621,3200000000,8,3,1,3,0,882,0,440,267,4,1,4,0,889,0,444,185,2,1,2,0,882,0,882,0,
965897,0,0,3,6,31,4,8,120,60,5,.7,.55,.2,.6,1.0,800,.25,80,40,1,1,1792,1664,1920,2,0,465,32000000000,8,2,1,2,0,887,0,888,0,3,2,1.5,0.5,440.5,103.5,292.667,153.328,3,1,3,0,886,0,886,0,
441269,0,0,1,6,100,8,8,140,20,10,1.0,.85,.3,.6,.9,1500,.25,60,40,2,4,1792,1024,1024,1,0,805,10000000000,8,3,1,3,0,894,0,446,17,2,1,2,0,883,0,882,0,5,2,2.5,0.5,443,163,294.333,224.383,
1183366,0,0,3,6,36,4,10,150,100,20,.9,.50,.3,.8,.5,1700,.30,80,60,1,2,1792,1024,1408,4,0,483,32000000000,8,2,1,2,0,887,0,888,0,3,2,1.5,0.5,440.5,103.5,292.667,153.328,3,1,3,0,886,0,886,0,
42564,0,0,1,6,19,6,4,110,40,20,.6,.60,.3,.7,1.0,1000,.15,70,50,2,3,1920,1280,1792,2,0,732,320000000,8,2,1,2,0,885,0,884,0,2,1,2,0,883,0,882,0,4,1,4,0,880,0,879,0,
58878,0,0,12,6,36,6,6,110,60,10,.9,.80,.2,.6,.8,1300,.30,20,60,2,2,2048,1920,1920,3,0,802,3200000000,8,3,1,3,0,882,0,440,267,4,1,4,0,889,0,444,185,2,1,2,0,882,0,882,0,
16829,0,0,12,6,38,8,8,110,100,5,.8,.55,.5,.9,.5,1900,0,20,40,4,2,1920,1280,1280,3,0,580,320000000,8,2,1,2,0,885,0,884,0,2,1,2,0,883,0,882,0,4,1,4,0,880,0,879,0,
408838,0,0,1,6,54,2,8,120,10,15,1.0,.90,.5,.7,.8,1600,.05,60,50,4,4,1792,1920,2048,2,0,933,10000000000,8,3,1,3,0,894,0,446,17,2,1,2,0,883,0,882,0,5,2,2.5,0.5,443,163,294.333,224.383,
14715,0,0,6,6,12,2,12,100,30,20,.8,.55,.3,.7,.1,2000,.05,90,60,4,3,1792,1152,1280,4,0,849,320000000,8,2,1,2,0,885,0,884,0,2,1,2,0,883,0,882,0,4,1,4,0,880,0,879,0,
2127645,0,0,1,6,29,6,2,150,80,15,.5,.50,.2,.7,.3,1700,.25,60,50,1,4,1152,1408,1792,2,0,935,32000000000,8,2,1,2,0,887,0,888,0,3,2,1.5,0.5,440.5,103.5,292.667,153.328,3,1,3,0,886,0,886,0,
62167,0,0,3,6,118,2,4,100,50,10,.5,.60,.5,.9,.8,2000,.90,50,60,4,2,1024,1408,1408,4,0,907,320000000,8,2,1,2,0,885,0,884,0,2,1,2,0,883,0,882,0,4,1,4,0,880,0,879,0,
17403,0,0,6,6,19,12,6,140,20,20,1.0,.90,.2,.5,.6,600,.20,90,50,2,3,1152,1408,2048,4,0,755,320000000,8,2,1,2,0,885,0,884,0,2,1,2,0,883,0,882,0,4,1,4,0,880,0,879,0,
1846975,0,0,1,6,37,8,10,120,20,20,.8,.65,.4,.5,1.0,1400,.40,30,60,2,4,1152,1664,2048,1,0,999,32000000000,8,2,1,2,0,887,0,888,0,3,2,1.5,0.5,440.5,103.5,292.667,153.328,3,1,3,0,886,0,886,0,
85711,0,0,1,6,60,2,4,130,90,20,.9,.55,.3,.7,.4,800,.50,70,60,3,2,1536,1664,1536,3,0,554,320000000,8,2,1,2,0,885,0,884,0,2,1,2,0,883,0,882,0,4,1,4,0,880,0,879,0,
21956,0,0,6,6,39,10,6,120,60,20,.8,.80,.2,.6,.3,700,.10,20,60,2,4,1280,1280,1792,4,0,289,320000000,8,2,1,2,0,885,0,884,0,2,1,2,0,883,0,882,0,4,1,4,0,880,0,879,0,
140024,0,0,12,6,46,12,10,120,80,5,.5,.60,.3,.6,0,800,.50,70,50,3,1,1536,2048,1280,3,0,988,10000000000,8,3,1,3,0,894,0,446,17,2,1,2,0,883,0,882,0,5,2,2.5,0.5,443,163,294.333,224.383,
739483,0,0,3,6,47,12,12,100,50,20,.7,.90,.4,.5,.9,1300,0,40,60,1,3,1408,1664,1920,3,0,270,32000000000,8,2,1,2,0,887,0,888,0,3,2,1.5,0.5,440.5,103.5,292.667,153.328,3,1,3,0,886,0,886,0,
273568,0,0,6,6,80,4,8,100,10,5,.7,.85,.3,.6,0,600,1.00,70,40,4,1,1408,1152,2048,1,0,880,10000000000,8,3,1,3,0,894,0,446,17,2,1,2,0,883,0,882,0,5,2,2.5,0.5,443,163,294.333,224.383,
142026,0,0,12,6,106,10,6,130,100,5,1.0,.80,.2,.5,1.0,1600,.60,60,60,2,4,1408,1408,1792,1,0,535,10000000000,8,3,1,3,0,894,0,446,17,2,1,2,0,883,0,882,0,5,2,2.5,0.5,443,163,294.333,224.383,
63068,0,0,3,6,123,6,6,120,30,10,.8,.90,.5,.9,.7,700,0,70,40,3,4,1920,1792,1792,2,0,270,320000000,8,2,1,2,0,885,0,884,0,2,1,2,0,883,0,882,0,4,1,4,0,880,0,879,0,
