1333792,0,0,1,6,127,2,8,100,100,5,.5,.60,.4,.7,.7,700,.65,30,60,4,2,1920,1536,1536,2,0,397,259947887,16,154,77,2,0,13.2987,0.898266,5.64935,0.725531,155,78,1.98718,0.1125,13.1282,1.43544,5.60645,0.82303,155,78,1.98718,0.1125,13.1154,1.26065,5.6,0.791894,
56854,0,0,12,6,81,4,4,150,60,5,.8,.95,.5,.7,.5,1800,.30,30,50,4,1,1280,1152,1920,3,0,750,44550129,8,115,58,1.98276,0.13017,17.6552,1.75727,7.90435,0.697498,111,56,1.98214,0.132432,18.2857,1.88712,8.22523,0.680285,106,53,2,0,19.3208,0.795591,8.66038,0.564463,
141725,0,0,6,6,115,4,10,150,20,15,.6,.65,.2,.5,.3,800,.65,40,40,4,3,1024,1536,1920,2,0,208,259947887,16,154,77,2,0,13.2987,0.898266,5.64935,0.725531,155,78,1.98718,0.1125,13.1282,1.43544,5.60645,0.82303,155,78,1.98718,0.1125,13.1154,1.26065,5.6,0.791894,
128990,0,0,3,6,80,8,8,140,80,10,.9,1.00,.3,.8,.1,1500,.75,20,50,2,2,1152,1792,1536,4,0,598,259947887,16,154,77,2,0,13.2987,0.898266,5.64935,0.725531,155,78,1.98718,0.1125,13.1282,1.43544,5.60645,0.82303,155,78,1.98718,0.1125,13.1154,1.26065,5.6,0.791894,
38745,0,0,6,6,29,2,12,150,10,10,.6,1.00,.2,.5,.3,1300,.85,60,60,1,2,1920,2048,1664,2,0,349,44550129,8,115,58,1.98276,0.13017,17.6552,1.75727,7.90435,0.697498,111,56,1.98214,0.132432,18.2857,1.88712,8.22523,0.680285,106,53,2,0,19.3208,0.795591,8.66038,0.564463,
68146,0,0,12,6,18,10,6,150,40,15,.7,.80,.4,.8,.5,600,.80,90,50,4,2,2048,1536,1280,1,0,407,259947887,16,154,77,2,0,13.2987,0.898266,5.64935,0.725531,155,78,1.98718,0.1125,13.1282,1.43544,5.60645,0.82303,155,78,1.98718,0.1125,13.1154,1.26065,5.6,0.791894,
83842,0,0,12,6,98,6,10,150,70,5,.8,.55,.4,.6,.5,500,.40,90,50,2,1,1920,1920,1920,3,0,789,259947887,16,154,77,2,0,13.2987,0.898266,5.64935,0.725531,155,78,1.98718,0.1125,13.1282,1.43544,5.60645,0.82303,155,78,1.98718,0.1125,13.1154,1.26065,5.6,0.791894,
119758,0,0,6,6,90,2,4,130,50,10,.5,.70,.4,.5,.6,1900,.40,90,40,2,1,1408,1792,1024,3,0,911,259947887,16,154,77,2,0,13.2987,0.898266,5.64935,0.725531,155,78,1.98718,0.1125,13.1282,1.43544,5.60645,0.82303,155,78,1.98718,0.1125,13.1154,1.26065,5.6,0.791894,
266382,0,0,1,6,91,8,4,150,100,15,.5,.90,.5,.9,.2,1500,.10,50,40,4,2,1920,1408,1536,2,0,468,44550129,8,115,58,1.98276,0.13017,17.6552,1.75727,7.90435,0.697498,111,56,1.98214,0.132432,18.2857,1.88712,8.22523,0.680285,106,53,2,0,19.3208,0.795591,8.66038,0.564463,
142320,0,0,3,6,90,12,10,120,60,10,.8,1.00,.5,.9,.6,1200,.70,60,40,3,4,1536,1920,1664,4,0,280,259947887,16,154,77,2,0,13.2987,0.898266,5.64935,0.725531,155,78,1.98718,0.1125,13.1282,1.43544,5.60645,0.82303,155,78,1.98718,0.1125,13.1154,1.26065,5.6,0.791894,
73153,0,0,6,6,48,8,10,110,70,15,1.0,.60,.2,.7,.8,1200,.05,20,60,1,4,1920,2048,1536,2,0,202,259947887,16,154,77,2,0,13.2987,0.898266,5.64935,0.725531,155,78,1.98718,0.1125,13.1282,1.43544,5.60645,0.82303,155,78,1.98718,0.1125,13.1154,1.26065,5.6,0.791894,
27226,0,0,6,6,20,8,4,150,20,15,.9,.50,.4,.8,1.0,900,.45,30,40,1,4,1280,1920,1664,3,0,782,44550129,8,115,58,1.98276,0.13017,17.6552,1.75727,7.90435,0.697498,111,56,1.98214,0.132432,18.2857,1.88712,8.22523,0.680285,106,53,2,0,19.3208,0.795591,8.66038,0.564463,
256745,0,0,6,6,120,8,2,140,20,10,.6,.60,.2,.8,.8,900,.95,30,40,4,2,2048,1152,1024,3,0,581,259947887,16,154,77,2,0,13.2987,0.898266,5.64935,0.725531,155,78,1.98718,0.1125,13.1282,1.43544,5.60645,0.82303,155,78,1.98718,0.1125,13.1154,1.26065,5.6,0.791894,
62441,0,0,6,6,54,8,10,110,60,15,.6,.55,.5,.9,.2,1700,.85,50,60,1,2,1408,1792,1152,1,0,468,44550129,8,115,58,1.98276,0.13017,17.6552,1.75727,7.90435,0.697498,111,56,1.98214,0.132432,18.2857,1.88712,8.22523,0.680285,106,53,2,0,19.3208,0.795591,8.66038,0.564463,
267789,0,0,1,6,59,12,2,120,30,5,.6,.70,.3,.7,.5,1000,.90,50,40,1,1,1664,1536,1664,3,0,948,259947887,16,154,77,2,0,13.2987,0.898266,5.64935,0.725531,155,78,1.98718,0.1125,13.1282,1.43544,5.60645,0.82303,155,78,1.98718,0.1125,13.1154,1.26065,5.6,0.791894,
108077,0,0,3,6,62,12,8,130,30,5,.7,.95,.3,.6,.8,1200,.50,10,60,3,1,1408,1152,1024,3,0,223,259947887,16,154,77,2,0,13.2987,0.898266,5.64935,0.725531,155,78,1.98718,0.1125,13.1282,1.43544,5.60645,0.82303,155,78,1.98718,0.1125,13.1154,1.26065,5.6,0.791894,
116792,0,0,6,6,95,8,12,120,100,5,1.0,.75,.2,.8,.3,1800,.65,60,40,3,3,1920,1408,1408,4,0,580,259947887,16,154,77,2,0,13.2987,0.898266,5.64935,0.725531,155,78,1.98718,0.1125,13.1282,1.43544,5.60645,0.82303,155,78,1.98718,0.1125,13.1154,1.26065,5.6,0.791894,
15853,0,0,12,6,19,4,4,130,30,5,.5,.70,.4,.9,.3,1100,.20,70,40,1,4,2048,1664,1920,2,0,763,44550129,8,115,58,1.98276,0.13017,17.6552,1.75727,7.90435,0.697498,111,56,1.98214,0.132432,18.2857,1.88712,8.22523,0.680285,106,53,2,0,19.3208,0.795591,8.66038,0.564463,
80671,0,0,12,6,90,6,10,110,70,15,1.0,.85,.2,.5,.2,800,.90,50,60,4,1,1920,1024,1792,2,0,214,259947887,16,154,77,2,0,13.2987,0.898266,5.64935,0.725531,155,78,1.98718,0.1125,13.1282,1.43544,5.60645,0.82303,155,78,1.98718,0.1125,13.1154,1.26065,5.6,0.791894,
42351,0,0,1,6,10,2,10,150,60,10,1.0,.60,.5,.7,1.0,1100,1.00,100,40,1,2,1664,1920,1408,3,0,279,44550129,8,115,58,1.98276,0.13017,17.6552,1.75727,7.90435,0.697498,111,56,1.98214,0.132432,18.2857,1.88712,8.22523,0.680285,106,53,2,0,19.3208,0.795591,8.66038,0.564463,
99119,0,0,12,6,113,12,10,120,60,20,1.0,1.00,.3,.9,.4,900,.50,20,60,4,4,1024,1024,2048,4,0,430,259947887,16,154,77,2,0,13.2987,0.898266,5.64935,0.725531,155,78,1.98718,0.1125,13.1282,1.43544,5.60645,0.82303,155,78,1.98718,0.1125,13.1154,1.26065,5.6,0.791894,
213697,0,0,12,6,28,12,12,100,40,10,.7,.60,.3,.6,.1,800,.60,90,60,4,3,1024,1408,1152,4,0,696,259947887,16,154,77,2,0,13.2987,0.898266,5.64935,0.725531,155,78,1.98718,0.1125,13.1282,1.43544,5.60645,0.82303,155,78,1.98718,0.1125,13.1154,1.26065,5.6,0.791894,
95008,0,0,6,6,72,10,10,120,20,5,.6,1.00,.5,.7,1.0,1900,.40,60,40,2,1,1024,1280,1408,2,0,201,259947887,16,154,77,2,0,13.2987,0.898266,5.64935,0.725531,155,78,1.98718,0.1125,13.1282,1.43544,5.60645,0.82303,155,78,1.98718,0.1125,13.1154,1.26065,5.6,0.791894,
167238,0,0,3,6,102,4,8,140,80,10,.7,.55,.5,.5,.7,1000,.60,40,40,3,2,1664,1920,2048,2,0,571,259947887,16,154,77,2,0,13.2987,0.898266,5.64935,0.725531,155,78,1.98718,0.1125,13.1282,1.43544,5.60645,0.82303,155,78,1.98718,0.1125,13.1154,1.26065,5.6,0.791894,
111741,0,0,12,6,128,8,2,100,80,15,.5,.80,.2,.6,.3,1500,.40,70,60,1,2,1024,1280,1024,1,0,833,44550129,8,115,58,1.98276,0.13017,17.6552,1.75727,7.90435,0.697498,111,56,1.98214,0.132432,18.2857,1.88712,8.22523,0.680285,106,53,2,0,19.3208,0.795591,8.66038,0.564463,
17021,0,0,12,6,13,6,12,130,90,20,.8,.65,.4,.7,.3,1800,.85,100,60,1,2,1152,1280,1536,3,0,480,44550129,8,115,58,1.98276,0.13017,17.6552,1.75727,7.90435,0.697498,111,56,1.98214,0.132432,18.2857,1.88712,8.22523,0.680285,106,53,2,0,19.3208,0.795591,8.66038,0.564463,
87183,0,0,1,6,22,12,10,130,90,5,1.0,.80,.5,.8,.2,2000,.20,100,50,3,3,1920,1152,1792,3,0,444,44550129,8,115,58,1.98276,0.13017,17.6552,1.75727,7.90435,0.697498,111,56,1.98214,0.132432,18.2857,1.88712,8.22523,0.680285,106,53,2,0,19.3208,0.795591,8.66038,0.564463,
87626,0,0,12,6,95,12,2,140,20,15,.5,.90,.3,.9,.7,2000,.45,40,40,2,3,1920,1152,1408,1,0,639,259947887,16,154,77,2,0,13.2987,0.898266,5.64935,0.725531,155,78,1.98718,0.1125,13.1282,1.43544,5.60645,0.82303,155,78,1.98718,0.1125,13.1154,1.26065,5.6,0.791894,
238543,0,0,1,6,90,10,10,140,30,10,.8,.75,.3,.8,.9,900,.70,20,60,4,1,1792,1792,1792,4,0,402,44550129,8,115,58,1.98276,0.13017,17.6552,1.75727,7.90435,0.697498,111,56,1.98214,0.132432,18.2857,1.88712,8.22523,0.680285,106,53,2,0,19.3208,0.795591,8.66038,0.564463,
251789,0,0,12,6,12,8,4,140,100,20,.8,.55,.5,.8,.8,900,.65,70,50,3,4,1920,1152,1408,1,0,217,259947887,16,154,77,2,0,13.2987,0.898266,5.64935,0.725531,155,78,1.98718,0.1125,13.1282,1.43544,5.60645,0.82303,155,78,1.98718,0.1125,13.1154,1.26065,5.6,0.791894,
1288896,0,0,1,6,60,4,10,130,10,15,.8,.85,.4,.8,.3,2000,.55,20,60,2,2,1792,2048,1920,1,0,736,259947887,16,154,77,2,0,13.2987,0.898266,5.64935,0.725531,155,78,1.98718,0.1125,13.1282,1.43544,5.60645,0.82303,155,78,1.98718,0.1125,13.1154,1.26065,5.6,0.791894,
466523,0,0,3,6,17,10,8,150,50,5,.6,.75,.3,.6,.3,800,.90,20,50,2,1,1152,2048,2048,2,0,811,259947887,16,154,77,2,0,13.2987,0.898266,5.64935,0.725531,155,78,1.98718,0.1125,13.1282,1.43544,5.60645,0.82303,155,78,1.98718,0.1125,13.1154,1.26065,5.6,0.791894,
73477,0,0,12,6,53,6,8,140,80,5,.8,.95,.4,.8,.2,1200,.75,50,60,1,1,1280,1664,1920,4,0,811,259947887,16,154,77,2,0,13.2987,0.898266,5.64935,0.725531,155,78,1.98718,0.1125,13.1282,1.43544,5.60645,0.82303,155,78,1.98718,0.1125,13.1154,1.26065,5.6,0.791894,
83663,0,0,1,6,29,2,6,100,50,10,.6,.90,.3,.8,.3,600,.80,20,40,2,4,1792,1664,1408,1,0,326,44550129,8,115,58,1.98276,0.13017,17.6552,1.75727,7.90435,0.697498,111,56,1.98214,0.132432,18.2857,1.88712,8.22523,0.680285,106,53,2,0,19.3208,0.795591,8.66038,0.564463,
191061,0,0,12,6,83,10,8,120,70,20,.5,.70,.5,.5,0,800,.65,90,60,2,1,1920,1280,1024,3,0,943,259947887,16,154,77,2,0,13.2987,0.898266,5.64935,0.725531,155,78,1.98718,0.1125,13.1282,1.43544,5.60645,0.82303,155,78,1.98718,0.1125,13.1154,1.26065,5.6,0.791894,
117101,0,0,12,6,128,6,12,150,80,15,.5,.80,.2,.8,0,1300,.95,90,50,4,2,1792,1536,2048,1,0,340,44550129,8,115,58,1.98276,0.13017,17.6552,1.75727,7.90435,0.697498,111,56,1.98214,0.132432,18.2857,1.88712,8.22523,0.680285,106,53,2,0,19.3208,0.795591,8.66038,0.564463,
77084,0,0,3,6,53,10,10,110,30,10,.9,.90,.2,.9,.7,1900,.75,20,60,1,4,1280,1408,1280,4,0,432,44550129,8,115,58,1.98276,0.13017,17.6552,1.75727,7.90435,0.697498,111,56,1.98214,0.132432,18.2857,1.88712,8.22523,0.680285,106,53,2,0,19.3208,0.795591,8.66038,0.564463,
465596,0,0,1,6,112,8,8,110,90,10,.9,.85,.5,.5,1.0,1800,.15,40,40,2,1,1920,1536,1536,4,0,943,259947887,16,154,77,2,0,13.2987,0.898266,5.64935,0.725531,155,78,1.98718,0.1125,13.1282,1.43544,5.60645,0.82303,155,78,1.98718,0.1125,13.1154,1.26065,5.6,0.791894,
73012,0,0,12,6,61,8,2,100,60,15,.6,.80,.3,.9,.2,1500,.20,30,40,1,1,1152,1920,1536,3,0,408,259947887,16,154,77,2,0,13.2987,0.898266,5.64935,0.725531,155,78,1.98718,0.1125,13.1282,1.43544,5.60645,0.82303,155,78,1.98718,0.1125,13.1154,1.26065,5.6,0.791894,
151563,0,0,3,6,102,2,10,120,90,10,.7,.95,.5,.9,.7,1900,.10,90,40,3,1,1792,1920,1792,4,0,691,44550129,8,115,58,1.98276,0.13017,17.6552,1.75727,7.90435,0.697498,111,56,1.98214,0.132432,18.2857,1.88712,8.22523,0.680285,106,53,2,0,19.3208,0.795591,8.66038,0.564463,
55215,0,0,6,6,45,2,10,100,20,5,1.0,1.00,.3,.8,.8,1500,.90,40,50,2,2,1664,1792,1536,1,0,326,44550129,8,115,58,1.98276,0.13017,17.6552,1.75727,7.90435,0.697498,111,56,1.98214,0.132432,18.2857,1.88712,8.22523,0.680285,106,53,2,0,19.3208,0.795591,8.66038,0.564463,
52868,0,0,12,6,72,10,2,140,70,5,.5,.75,.2,.6,.6,1900,.40,50,40,2,2,1792,1920,1152,1,0,316,44550129,8,115,58,1.98276,0.13017,17.6552,1.75727,7.90435,0.697498,111,56,1.98214,0.132432,18.2857,1.88712,8.22523,0.680285,106,53,2,0,19.3208,0.795591,8.66038,0.564463,
31355,0,0,6,6,26,4,4,140,10,15,.5,.85,.3,.9,0,1400,.50,30,50,2,1,1792,1152,1792,3,0,803,44550129,8,115,58,1.98276,0.13017,17.6552,1.75727,7.90435,0.697498,111,56,1.98214,0.132432,18.2857,1.88712,8.22523,0.680285,106,53,2,0,19.3208,0.795591,8.66038,0.564463,
102663,0,0,3,6,67,2,8,100,10,20,.6,.85,.4,.7,.2,1700,0,40,60,1,4,2048,1024,1408,2,0,759,44550129,8,115,58,1.98276,0.13017,17.6552,1.75727,7.90435,0.697498,111,56,1.98214,0.132432,18.2857,1.88712,8.22523,0.680285,106,53,2,0,19.3208,0.795591,8.66038,0.564463,
179583,0,0,12,6,70,10,12,150,60,10,.6,.60,.3,.7,.7,1900,.35,60,60,2,1,1408,1280,1792,1,0,314,259947887,16,154,77,2,0,13.2987,0.898266,5.64935,0.725531,155,78,1.98718,0.1125,13.1282,1.43544,5.60645,0.82303,155,78,1.98718,0.1125,13.1154,1.26065,5.6,0.791894,
78840,0,0,12,6,85,8,4,100,60,20,.9,.80,.5,.8,.9,1300,.85,50,50,3,3,2048,1152,1408,1,0,951,259947887,16,154,77,2,0,13.2987,0.898266,5.64935,0.725531,155,78,1.98718,0.1125,13.1282,1.43544,5.60645,0.82303,155,78,1.98718,0.1125,13.1154,1.26065,5.6,0.791894,
1243589,0,0,1,6,68,8,10,100,10,10,.6,.90,.3,.6,.9,800,.50,80,50,2,4,1792,1920,1920,4,0,335,259947887,16,154,77,2,0,13.2987,0.898266,5.64935,0.725531,155,78,1.98718,0.1125,13.1282,1.43544,5.60645,0.82303,155,78,1.98718,0.1125,13.1154,1.26065,5.6,0.791894,
170354,0,0,3,6,2,2,8,130,50,20,.6,.75,.4,.9,.2,700,.70,50,50,2,1,1280,1024,1024,3,0,784,259947887,16,154,77,2,0,13.2987,0.898266,5.64935,0.725531,155,78,1.98718,0.1125,13.1282,1.43544,5.60645,0.82303,155,78,1.98718,0.1125,13.1154,1.26065,5.6,0.791894,
100642,0,0,6,6,86,2,8,140,30,10,.8,.55,.5,.7,.9,1700,.80,80,60,4,4,1536,1152,1792,4,0,916,44550129,8,115,58,1.98276,0.13017,17.6552,1.75727,7.90435,0.697498,111,56,1.98214,0.132432,18.2857,1.88712,8.22523,0.680285,106,53,2,0,19.3208,0.795591,8.66038,0.564463,
177160,0,0,12,6,100,4,10,120,100,15,.8,.50,.2,.7,.4,1100,.60,10,50,4,2,1536,1408,1280,4,0,753,259947887,16,154,77,2,0,13.2987,0.898266,5.64935,0.725531,155,78,1.98718,0.1125,13.1282,1.43544,5.60645,0.82303,155,78,1.98718,0.1125,13.1154,1.26065,5.6,0.791894,
19664,0,0,12,6,6,6,8,130,90,15,.9,.65,.2,.6,.1,700,.30,60,40,1,2,1152,1280,1024,4,0,334,44550129,8,115,58,1.98276,0.13017,17.6552,1.75727,7.90435,0.697498,111,56,1.98214,0.132432,18.2857,1.88712,8.22523,0.680285,106,53,2,0,19.3208,0.795591,8.66038,0.564463,
89789,0,0,1,6,29,12,4,140,80,10,.5,.90,.4,.5,.7,1800,.50,50,60,3,3,1792,1792,1280,4,0,699,44550129,8,115,58,1.98276,0.13017,17.6552,1.75727,7.90435,0.697498,111,56,1.98214,0.132432,18.2857,1.88712,8.22523,0.680285,106,53,2,0,19.3208,0.795591,8.66038,0.564463,
69013,0,0,12,6,70,2,2,100,60,20,.6,.90,.5,.9,.4,1400,.70,50,50,3,1,1792,1408,1024,3,0,942,259947887,16,154,77,2,0,13.2987,0.898266,5.64935,0.725531,155,78,1.98718,0.1125,13.1282,1.43544,5.60645,0.82303,155,78,1.98718,0.1125,13.1154,1.26065,5.6,0.791894,
175429,0,0,12,6,1,6,4,100,20,5,.5,.90,.4,.9,.3,1400,.30,100,60,2,3,1792,1408,1536,4,0,966,259947887,16,154,77,2,0,13.2987,0.898266,5.64935,0.725531,155,78,1.98718,0.1125,13.1282,1.43544,5.60645,0.82303,155,78,1.98718,0.1125,13.1154,1.26065,5.6,0.791894,
150685,0,0,3,6,91,4,2,110,30,10,.5,.55,.2,.9,.2,1200,.75,90,40,4,1,1664,1152,1664,1,0,736,259947887,16,154,77,2,0,13.2987,0.898266,5.64935,0.725531,155,78,1.98718,0.1125,13.1282,1.43544,5.60645,0.82303,155,78,1.98718,0.1125,13.1154,1.26065,5.6,0.791894,
133957,0,0,3,6,103,10,8,130,100,20,.8,.65,.3,.8,.1,500,.85,30,50,1,1,1792,1792,1280,4,0,779,44550129,8,115,58,1.98276,0.13017,17.6552,1.75727,7.90435,0.697498,111,56,1.98214,0.132432,18.2857,1.88712,8.22523,0.680285,106,53,2,0,19.3208,0.795591,8.66038,0.564463,
149123,0,0,3,6,74,8,6,100,60,15,.9,.55,.4,.6,.5,800,.25,60,50,3,3,2048,1152,1920,4,0,329,259947887,16,154,77,2,0,13.2987,0.898266,5.64935,0.725531,155,78,1.98718,0.1125,13.1282,1.43544,5.60645,0.82303,155,78,1.98718,0.1125,13.1154,1.26065,5.6,0.791894,
25371,0,0,3,6,11,6,12,110,40,5,.6,.50,.2,.6,.9,1500,.20,30,50,4,2,1536,1792,1664,3,0,319,44550129,8,115,58,1.98276,0.13017,17.6552,1.75727,7.90435,0.697498,111,56,1.98214,0.132432,18.2857,1.88712,8.22523,0.680285,106,53,2,0,19.3208,0.795591,8.66038,0.564463,
171376,0,0,1,6,64,10,10,140,40,20,.9,.65,.3,.9,0,1200,.60,10,50,4,2,1408,1280,2048,1,0,884,44550129,8,115,58,1.98276,0.13017,17.6552,1.75727,7.90435,0.697498,111,56,1.98214,0.132432,18.2857,1.88712,8.22523,0.680285,106,53,2,0,19.3208,0.795591,8.66038,0.564463,
273193,0,0,1,6,111,2,8,130,80,10,.7,.80,.2,.6,0,900,.10,80,60,2,2,1280,1024,1152,4,0,900,44550129,8,115,58,1.98276,0.13017,17.6552,1.75727,7.90435,0.697498,111,56,1.98214,0.132432,18.2857,1.88712,8.22523,0.680285,106,53,2,0,19.3208,0.795591,8.66038,0.564463,
30911,0,0,3,6,3,12,10,140,40,5,.5,.95,.3,.7,.7,700,.10,100,50,1,2,1920,1024,1280,1,0,690,44550129,8,115,58,1.98276,0.13017,17.6552,1.75727,7.90435,0.697498,111,56,1.98214,0.132432,18.2857,1.88712,8.22523,0.680285,106,53,2,0,19.3208,0.795591,8.66038,0.564463,
207330,0,0,3,6,128,8,12,130,60,10,.6,.75,.5,.6,0,1100,.40,60,40,3,1,1536,1152,1408,3,0,819,259947887,16,154,77,2,0,13.2987,0.898266,5.64935,0.725531,155,78,1.98718,0.1125,13.1282,1.43544,5.60645,0.82303,155,78,1.98718,0.1125,13.1154,1.26065,5.6,0.791894,
529093,0,0,3,6,55,12,10,120,100,20,.8,.50,.4,.9,.7,1700,.20,60,50,3,3,1792,1408,1536,1,0,556,259947887,16,154,77,2,0,13.2987,0.898266,5.64935,0.725531,155,78,1.98718,0.1125,13.1282,1.43544,5.60645,0.82303,155,78,1.98718,0.1125,13.1154,1.26065,5.6,0.791894,
259744,0,0,6,6,117,2,8,100,50,10,.8,.50,.4,.8,.8,1500,.20,60,40,2,1,1280,1920,1920,4,0,968,259947887,16,154,77,2,0,13.2987,0.898266,5.64935,0.725531,155,78,1.98718,0.1125,13.1282,1.43544,5.60645,0.82303,155,78,1.98718,0.1125,13.1154,1.26065,5.6,0.791894,
377223,0,0,1,6,78,2,8,100,90,20,.6,1.00,.4,.6,.1,600,.10,30,60,3,4,2048,2048,1792,3,0,981,259947887,16,154,77,2,0,13.2987,0.898266,5.64935,0.725531,155,78,1.98718,0.1125,13.1282,1.43544,5.60645,0.82303,155,78,1.98718,0.1125,13.1154,1.26065,5.6,0.791894,
238640,0,0,6,6,103,6,4,120,50,10,.8,.80,.3,.7,.7,1700,.35,70,40,2,2,1152,1280,1280,1,0,628,259947887,16,154,77,2,0,13.2987,0.898266,5.64935,0.725531,155,78,1.98718,0.1125,13.1282,1.43544,5.60645,0.82303,155,78,1.98718,0.1125,13.1154,1.26065,5.6,0.791894,
102298,0,0,3,6,42,12,6,140,40,5,1.0,.70,.3,.7,0,2000,.30,60,60,1,4,1408,1536,1920,3,0,441,259947887,16,154,77,2,0,13.2987,0.898266,5.64935,0.725531,155,78,1.98718,0.1125,13.1282,1.43544,5.60645,0.82303,155,78,1.98718,0.1125,13.1154,1.26065,5.6,0.791894,
84632,0,0,3,6,58,4,4,120,40,10,.8,.95,.2,.9,.7,1200,.15,30,60,1,1,1024,1664,1408,2,0,238,44550129,8,115,58,1.98276,0.13017,17.6552,1.75727,7.90435,0.697498,111,56,1.98214,0.132432,18.2857,1.88712,8.22523,0.680285,106,53,2,0,19.3208,0.795591,8.66038,0.564463,
191555,0,0,12,6,101,8,8,140,30,10,1.0,.65,.3,.5,0,900,.45,60,50,3,4,1920,1024,1152,1,0,970,259947887,16,154,77,2,0,13.2987,0.898266,5.64935,0.725531,155,78,1.98718,0.1125,13.1282,1.43544,5.60645,0.82303,155,78,1.98718,0.1125,13.1154,1.26065,5.6,0.791894,
74209,0,0,12,6,100,2,8,130,60,10,.7,.85,.2,.6,.2,500,.15,50,60,2,3,1152,1536,2048,3,0,712,44550129,8,115,58,1.98276,0.13017,17.6552,1.75727,7.90435,0.697498,111,56,1.98214,0.132432,18.2857,1.88712,8.22523,0.680285,106,53,2,0,19.3208,0.795591,8.66038,0.564463,
425637,0,0,3,6,58,10,4,110,60,10,.8,.85,.5,.8,.7,1700,.45,30,50,2,2,1792,1024,1920,4,0,548,259947887,16,154,77,2,0,13.2987,0.898266,5.64935,0.725531,155,78,1.98718,0.1125,13.1282,1.43544,5.60645,0.82303,155,78,1.98718,0.1125,13.1154,1.26065,5.6,0.791894,
84687,0,0,6,6,70,2,12,150,80,5,.5,.70,.5,.5,.3,1600,.75,60,40,2,3,1280,2048,1408,3,0,453,44550129,8,115,58,1.98276,0.13017,17.6552,1.75727,7.90435,0.697498,111,56,1.98214,0.132432,18.2857,1.88712,8.22523,0.680285,106,53,2,0,19.3208,0.795591,8.66038,0.564463,
464516,0,0,3,6,20,6,2,140,10,5,.7,.65,.2,.8,1.0,800,.65,90,50,1,3,1664,1408,1664,4,0,951,259947887,16,154,77,2,0,13.2987,0.898266,5.64935,0.725531,155,78,1.98718,0.1125,13.1282,1.43544,5.60645,0.82303,155,78,1.98718,0.1125,13.1154,1.26065,5.6,0.791894,
75477,0,0,12,6,124,10,12,150,40,5,.8,.95,.4,.9,1.0,500,.45,90,60,4,2,2048,1536,1920,3,0,394,259947887,16,154,77,2,0,13.2987,0.898266,5.64935,0.725531,155,78,1.98718,0.1125,13.1282,1.43544,5.60645,0.82303,155,78,1.98718,0.1125,13.1154,1.26065,5.6,0.791894,
1391143,0,0,1,6,104,6,12,130,30,20,.9,.80,.3,.9,.2,1200,.45,90,60,3,2,2048,2048,2048,4,0,434,259947887,16,154,77,2,0,13.2987,0.898266,5.64935,0.725531,155,78,1.98718,0.1125,13.1282,1.43544,5.60645,0.82303,155,78,1.98718,0.1125,13.1154,1.26065,5.6,0.791894,
91506,0,0,6,6,15,12,8,120,70,20,.7,.85,.2,.9,.4,1800,.80,10,50,4,3,1280,1152,1024,2,0,614,259947887,16,154,77,2,0,13.2987,0.898266,5.64935,0.725531,155,78,1.98718,0.1125,13.1282,1.43544,5.60645,0.82303,155,78,1.98718,0.1125,13.1154,1.26065,5.6,0.791894,
37578,0,0,3,6,22,12,12,100,20,10,.7,.70,.2,.6,.5,1600,.55,60,40,3,4,1792,1664,1664,3,0,283,44550129,8,115,58,1.98276,0.13017,17.6552,1.75727,7.90435,0.697498,111,56,1.98214,0.132432,18.2857,1.88712,8.22523,0.680285,106,53,2,0,19.3208,0.795591,8.66038,0.564463,
269308,0,0,6,6,33,2,4,120,100,10,.6,.75,.2,.8,1.0,1800,0,40,60,4,4,2048,1920,1664,4,0,796,259947887,16,154,77,2,0,13.2987,0.898266,5.64935,0.725531,155,78,1.98718,0.1125,13.1282,1.43544,5.60645,0.82303,155,78,1.98718,0.1125,13.1154,1.26065,5.6,0.791894,
247767,0,0,6,6,22,10,12,120,50,10,.9,.80,.4,.6,.7,1300,.30,70,60,4,4,1152,1280,1664,3,0,845,259947887,16,154,77,2,0,13.2987,0.898266,5.64935,0.725531,155,78,1.98718,0.1125,13.1282,1.43544,5.60645,0.82303,155,78,1.98718,0.1125,13.1154,1.26065,5.6,0.791894,
477906,0,0,3,6,67,6,12,150,10,5,.7,.80,.2,.6,.2,900,.25,100,60,4,2,1792,1408,1664,3,0,387,259947887,16,154,77,2,0,13.2987,0.898266,5.64935,0.725531,155,78,1.98718,0.1125,13.1282,1.43544,5.60645,0.82303,155,78,1.98718,0.1125,13.1154,1.26065,5.6,0.791894,
447945,0,0,3,6,57,2,12,140,90,20,1.0,.80,.3,.6,.6,700,.35,30,50,2,4,1152,1152,1792,2,0,897,259947887,16,154,77,2,0,13.2987,0.898266,5.64935,0.725531,155,78,1.98718,0.1125,13.1282,1.43544,5.60645,0.82303,155,78,1.98718,0.1125,13.1154,1.26065,5.6,0.791894,
73601,0,0,6,6,63,8,2,140,50,5,.5,.60,.2,.6,0,500,.35,90,50,4,3,1664,1408,1920,4,0,758,44550129,8,115,58,1.98276,0.13017,17.6552,1.75727,7.90435,0.697498,111,56,1.98214,0.132432,18.2857,1.88712,8.22523,0.680285,106,53,2,0,19.3208,0.795591,8.66038,0.564463,
90450,0,0,12,6,106,8,6,130,30,15,.5,.75,.5,.9,.3,800,.95,80,40,4,1,1792,1152,1280,4,0,352,44550129,8,115,58,1.98276,0.13017,17.6552,1.75727,7.90435,0.697498,111,56,1.98214,0.132432,18.2857,1.88712,8.22523,0.680285,106,53,2,0,19.3208,0.795591,8.66038,0.564463,
27494,0,0,6,6,21,4,6,150,90,15,.6,.75,.4,.8,.1,600,.05,50,60,2,2,1792,2048,1664,4,0,913,44550129,8,115,58,1.98276,0.13017,17.6552,1.75727,7.90435,0.697498,111,56,1.98214,0.132432,18.2857,1.88712,8.22523,0.680285,106,53,2,0,19.3208,0.795591,8.66038,0.564463,
109083,0,0,3,6,82,4,8,110,30,10,.9,.55,.2,.7,.3,1000,.65,50,40,2,2,1280,1024,1792,3,0,666,44550129,8,115,58,1.98276,0.13017,17.6552,1.75727,7.90435,0.697498,111,56,1.98214,0.132432,18.2857,1.88712,8.22523,0.680285,106,53,2,0,19.3208,0.795591,8.66038,0.564463,
229796,0,0,6,6,78,8,2,120,90,20,.9,.60,.3,.8,.7,1000,.30,80,50,2,1,1152,2048,1920,4,0,558,259947887,16,154,77,2,0,13.2987,0.898266,5.64935,0.725531,155,78,1.98718,0.1125,13.1282,1.43544,5.60645,0.82303,155,78,1.98718,0.1125,13.1154,1.26065,5.6,0.791894,
88984,0,0,1,6,36,12,6,150,20,20,.8,.95,.3,.8,.4,500,.20,90,40,2,2,1024,1280,1152,1,0,754,44550129,8,115,58,1.98276,0.13017,17.6552,1.75727,7.90435,0.697498,111,56,1.98214,0.132432,18.2857,1.88712,8.22523,0.680285,106,53,2,0,19.3208,0.795591,8.66038,0.564463,
241330,0,0,6,6,101,12,10,120,20,10,.7,.90,.3,.7,.9,1600,.70,40,60,3,2,1792,1152,1152,3,0,476,259947887,16,154,77,2,0,13.2987,0.898266,5.64935,0.725531,155,78,1.98718,0.1125,13.1282,1.43544,5.60645,0.82303,155,78,1.98718,0.1125,13.1154,1.26065,5.6,0.791894,
96566,0,0,3,6,36,6,4,120,100,20,1.0,1.00,.2,.5,.1,1100,.45,60,60,3,4,1664,1536,1792,1,0,953,259947887,16,154,77,2,0,13.2987,0.898266,5.64935,0.725531,155,78,1.98718,0.1125,13.1282,1.43544,5.60645,0.82303,155,78,1.98718,0.1125,13.1154,1.26065,5.6,0.791894,
1253875,0,0,1,6,82,6,6,130,30,20,.5,.95,.4,.8,.9,1700,.60,100,40,3,3,1920,2048,1024,4,0,444,259947887,16,154,77,2,0,13.2987,0.898266,5.64935,0.725531,155,78,1.98718,0.1125,13.1282,1.43544,5.60645,0.82303,155,78,1.98718,0.1125,13.1154,1.26065,5.6,0.791894,
1141037,0,0,1,6,82,8,2,130,100,15,.7,1.00,.4,.6,.6,600,.70,40,40,3,4,1152,1536,1920,3,0,542,259947887,16,154,77,2,0,13.2987,0.898266,5.64935,0.725531,155,78,1.98718,0.1125,13.1282,1.43544,5.60645,0.82303,155,78,1.98718,0.1125,13.1154,1.26065,5.6,0.791894,
73657,0,0,6,6,40,2,10,130,70,5,1.0,1.00,.5,.5,.4,1100,.15,70,40,1,3,1408,2048,2048,1,0,410,259947887,16,154,77,2,0,13.2987,0.898266,5.64935,0.725531,155,78,1.98718,0.1125,13.1282,1.43544,5.60645,0.82303,155,78,1.98718,0.1125,13.1154,1.26065,5.6,0.791894,
198007,0,0,12,6,109,12,8,110,40,10,.8,.55,.4,.7,.6,900,.90,80,60,2,2,2048,1920,1024,3,0,920,259947887,16,154,77,2,0,13.2987,0.898266,5.64935,0.725531,155,78,1.98718,0.1125,13.1282,1.43544,5.60645,0.82303,155,78,1.98718,0.1125,13.1154,1.26065,5.6,0.791894,
25506,0,0,12,6,48,8,10,130,10,5,.7,.75,.3,.9,.3,900,.40,10,40,1,2,1408,1024,1664,3,0,484,44550129,8,115,58,1.98276,0.13017,17.6552,1.75727,7.90435,0.697498,111,56,1.98214,0.132432,18.2857,1.88712,8.22523,0.680285,106,53,2,0,19.3208,0.795591,8.66038,0.564463,
72510,0,0,12,6,92,10,6,150,90,10,1.0,.90,.5,.9,0,1800,.70,70,50,1,4,1920,1920,1792,1,0,581,44550129,8,115,58,1.98276,0.13017,17.6552,1.75727,7.90435,0.697498,111,56,1.98214,0.132432,18.2857,1.88712,8.22523,0.680285,106,53,2,0,19.3208,0.795591,8.66038,0.564463,
93448,0,0,6,6,79,12,4,100,90,15,.9,.80,.5,.7,.8,500,.10,50,40,3,1,1408,1152,1664,4,0,731,44550129,8,115,58,1.98276,0.13017,17.6552,1.75727,7.90435,0.697498,111,56,1.98214,0.132432,18.2857,1.88712,8.22523,0.680285,106,53,2,0,19.3208,0.795591,8.66038,0.564463,
222005,0,0,12,6,42,8,2,110,60,5,.9,.55,.3,.6,.9,1400,.25,20,60,1,3,1920,1408,1536,3,0,917,259947887,16,154,77,2,0,13.2987,0.898266,5.64935,0.725531,155,78,1.98718,0.1125,13.1282,1.43544,5.60645,0.82303,155,78,1.98718,0.1125,13.1154,1.26065,5.6,0.791894,
26197,0,0,6,6,14,12,2,100,20,20,.8,1.00,.5,.8,.9,1800,.95,70,60,1,4,1408,1664,1920,3,0,590,44550129,8,115,58,1.98276,0.13017,17.6552,1.75727,7.90435,0.697498,111,56,1.98214,0.132432,18.2857,1.88712,8.22523,0.680285,106,53,2,0,19.3208,0.795591,8.66038,0.564463,
84280,0,0,12,6,111,6,10,120,10,15,.7,.70,.4,.5,.1,800,.20,40,60,2,4,1152,1280,1792,4,0,251,44550129,8,115,58,1.98276,0.13017,17.6552,1.75727,7.90435,0.697498,111,56,1.98214,0.132432,18.2857,1.88712,8.22523,0.680285,106,53,2,0,19.3208,0.795591,8.66038,0.564463,
367152,0,0,3,6,77,12,12,130,60,15,.8,.65,.3,.5,1.0,800,.30,70,50,3,2,1408,1920,1280,3,0,359,259947887,16,154,77,2,0,13.2987,0.898266,5.64935,0.725531,155,78,1.98718,0.1125,13.1282,1.43544,5.60645,0.82303,155,78,1.98718,0.1125,13.1154,1.26065,5.6,0.791894,
76115,0,0,3,6,54,6,4,130,30,20,.6,.55,.3,.5,.9,1200,.95,40,40,3,1,1408,1920,1280,1,0,656,44550129,8,115,58,1.98276,0.13017,17.6552,1.75727,7.90435,0.697498,111,56,1.98214,0.132432,18.2857,1.88712,8.22523,0.680285,106,53,2,0,19.3208,0.795591,8.66038,0.564463,
69670,0,0,12,6,124,6,8,110,60,15,.9,.80,.2,.5,1.0,2000,.30,10,50,1,4,1024,1664,1792,2,0,812,44550129,8,115,58,1.98276,0.13017,17.6552,1.75727,7.90435,0.697498,111,56,1.98214,0.132432,18.2857,1.88712,8.22523,0.680285,106,53,2,0,19.3208,0.795591,8.66038,0.564463,
1206307,0,0,1,6,86,6,10,100,40,10,.7,.90,.3,.7,.8,1200,.20,60,40,2,4,1536,1920,1024,2,0,839,259947887,16,154,77,2,0,13.2987,0.898266,5.64935,0.725531,155,78,1.98718,0.1125,13.1282,1.43544,5.60645,0.82303,155,78,1.98718,0.1125,13.1154,1.26065,5.6,0.791894,
1161046,0,0,1,6,96,6,8,150,10,20,1.0,.95,.4,.8,.8,1400,0,30,60,3,1,1024,1408,1664,4,0,944,259947887,16,154,77,2,0,13.2987,0.898266,5.64935,0.725531,155,78,1.98718,0.1125,13.1282,1.43544,5.60645,0.82303,155,78,1.98718,0.1125,13.1154,1.26065,5.6,0.791894,
100373,0,0,1,6,39,8,2,150,10,10,.8,.95,.4,.7,.7,500,1.00,80,40,4,2,1280,1024,1152,2,0,574,44550129,8,115,58,1.98276,0.13017,17.6552,1.75727,7.90435,0.697498,111,56,1.98214,0.132432,18.2857,1.88712,8.22523,0.680285,106,53,2,0,19.3208,0.795591,8.66038,0.564463,
84421,0,0,6,6,76,10,12,150,20,10,.6,.85,.3,.7,.5,1600,.70,30,50,2,3,1664,2048,1408,4,0,510,44550129,8,115,58,1.98276,0.13017,17.6552,1.75727,7.90435,0.697498,111,56,1.98214,0.132432,18.2857,1.88712,8.22523,0.680285,106,53,2,0,19.3208,0.795591,8.66038,0.564463,
115980,0,0,12,6,126,12,10,110,30,20,.8,1.00,.4,.6,.1,2000,.65,30,60,1,4,1536,1280,2048,2,0,860,259947887,16,154,77,2,0,13.2987,0.898266,5.64935,0.725531,155,78,1.98718,0.1125,13.1282,1.43544,5.60645,0.82303,155,78,1.98718,0.1125,13.1154,1.26065,5.6,0.791894,
101430,0,0,12,6,116,2,4,130,10,15,.9,1.00,.3,.7,.3,1000,.85,10,60,1,3,1920,1280,1792,3,0,638,44550129,8,115,58,1.98276,0.13017,17.6552,1.75727,7.90435,0.697498,111,56,1.98214,0.132432,18.2857,1.88712,8.22523,0.680285,106,53,2,0,19.3208,0.795591,8.66038,0.564463,
169313,0,0,3,6,112,12,2,150,50,10,.9,.80,.5,.5,.9,1000,1.00,40,60,1,1,1792,1408,1024,3,0,716,259947887,16,154,77,2,0,13.2987,0.898266,5.64935,0.725531,155,78,1.98718,0.1125,13.1282,1.43544,5.60645,0.82303,155,78,1.98718,0.1125,13.1154,1.26065,5.6,0.791894,
264306,0,0,1,6,16,2,10,130,40,20,.7,.95,.4,.7,.1,1200,.20,100,60,3,3,1792,1920,1024,2,0,438,259947887,16,154,77,2,0,13.2987,0.898266,5.64935,0.725531,155,78,1.98718,0.1125,13.1282,1.43544,5.60645,0.82303,155,78,1.98718,0.1125,13.1154,1.26065,5.6,0.791894,
210445,0,0,12,6,123,2,6,130,100,5,.8,.85,.2,.5,1.0,800,1.00,80,60,1,1,1792,2048,1280,2,0,512,259947887,16,154,77,2,0,13.2987,0.898266,5.64935,0.725531,155,78,1.98718,0.1125,13.1282,1.43544,5.60645,0.82303,155,78,1.98718,0.1125,13.1154,1.26065,5.6,0.791894,
111856,0,0,3,6,55,12,4,150,90,10,.5,.85,.2,.6,.7,500,.80,30,60,3,2,1920,1792,1024,4,0,910,259947887,16,154,77,2,0,13.2987,0.898266,5.64935,0.725531,155,78,1.98718,0.1125,13.1282,1.43544,5.60645,0.82303,155,78,1.98718,0.1125,13.1154,1.26065,5.6,0.791894,
147163,0,0,6,6,122,10,8,100,80,5,.9,1.00,.2,.8,.9,800,.60,10,50,1,3,1664,1024,1664,3,0,414,259947887,16,154,77,2,0,13.2987,0.898266,5.64935,0.725531,155,78,1.98718,0.1125,13.1282,1.43544,5.60645,0.82303,155,78,1.98718,0.1125,13.1154,1.26065,5.6,0.791894,
489827,0,0,1,6,122,2,4,110,10,20,.5,.60,.4,.8,.2,1700,.30,50,60,1,2,1664,1920,1280,2,0,517,259947887,16,154,77,2,0,13.2987,0.898266,5.64935,0.725531,155,78,1.98718,0.1125,13.1282,1.43544,5.60645,0.82303,155,78,1.98718,0.1125,13.1154,1.26065,5.6,0.791894,
394558,0,0,1,6,113,10,2,110,30,20,.5,.90,.5,.9,.2,1200,.25,40,50,1,1,1792,1152,1664,1,0,930,44550129,8,115,58,1.98276,0.13017,17.6552,1.75727,7.90435,0.697498,111,56,1.98214,0.132432,18.2857,1.88712,8.22523,0.680285,106,53,2,0,19.3208,0.795591,8.66038,0.564463,
276243,0,0,6,6,119,12,6,110,80,15,.9,.95,.4,.9,.1,1500,.15,70,60,2,2,1280,1408,1024,4,0,638,259947887,16,154,77,2,0,13.2987,0.898266,5.64935,0.725531,155,78,1.98718,0.1125,13.1282,1.43544,5.60645,0.82303,155,78,1.98718,0.1125,13.1154,1.26065,5.6,0.791894,
25774,0,0,3,6,5,6,10,130,40,10,.8,.55,.2,.7,1.0,1700,.50,30,40,1,2,1536,1152,1792,3,0,962,44550129,8,115,58,1.98276,0.13017,17.6552,1.75727,7.90435,0.697498,111,56,1.98214,0.132432,18.2857,1.88712,8.22523,0.680285,106,53,2,0,19.3208,0.795591,8.66038,0.564463,
741047,0,0,12,6,2,6,2,120,80,15,.5,1.00,.3,.7,.7,1700,.30,60,60,1,2,1408,1792,1024,2,0,513,259947887,16,154,77,2,0,13.2987,0.898266,5.64935,0.725531,155,78,1.98718,0.1125,13.1282,1.43544,5.60645,0.82303,155,78,1.98718,0.1125,13.1154,1.26065,5.6,0.791894,
278975,0,0,6,6,103,4,6,150,70,5,1.0,1.00,.4,.7,.5,1300,.20,80,40,3,1,1920,1792,1024,4,0,256,259947887,16,154,77,2,0,13.2987,0.898266,5.64935,0.725531,155,78,1.98718,0.1125,13.1282,1.43544,5.60645,0.82303,155,78,1.98718,0.1125,13.1154,1.26065,5.6,0.791894,
135474,0,0,6,6,107,2,6,140,70,20,.6,.75,.3,.7,.7,1000,.20,20,40,2,1,1664,1792,2048,4,0,494,44550129,8,115,58,1.98276,0.13017,17.6552,1.75727,7.90435,0.697498,111,56,1.98214,0.132432,18.2857,1.88712,8.22523,0.680285,106,53,2,0,19.3208,0.795591,8.66038,0.564463,
181051,0,0,3,6,114,2,2,150,70,15,.6,.80,.2,.6,1.0,800,.40,40,40,4,3,1280,1920,1280,4,0,912,259947887,16,154,77,2,0,13.2987,0.898266,5.64935,0.725531,155,78,1.98718,0.1125,13.1282,1.43544,5.60645,0.82303,155,78,1.98718,0.1125,13.1154,1.26065,5.6,0.791894,
83138,0,0,6,6,70,4,4,150,90,5,.9,.65,.5,.6,1.0,2000,.05,50,60,4,3,1536,1024,1536,3,0,289,44550129,8,115,58,1.98276,0.13017,17.6552,1.75727,7.90435,0.697498,111,56,1.98214,0.132432,18.2857,1.88712,8.22523,0.680285,106,53,2,0,19.3208,0.795591,8.66038,0.564463,
80858,0,0,6,6,55,6,2,150,20,15,1.0,.70,.2,.5,.2,1300,.60,30,60,1,1,1152,2048,1920,3,0,440,259947887,16,154,77,2,0,13.2987,0.898266,5.64935,0.725531,155,78,1.98718,0.1125,13.1282,1.43544,5.60645,0.82303,155,78,1.98718,0.1125,13.1154,1.26065,5.6,0.791894,
223471,0,0,1,6,17,4,10,100,100,5,.6,.55,.5,.8,0,500,.10,50,50,4,1,1536,1920,1024,1,0,252,259947887,16,154,77,2,0,13.2987,0.898266,5.64935,0.725531,155,78,1.98718,0.1125,13.1282,1.43544,5.60645,0.82303,155,78,1.98718,0.1125,13.1154,1.26065,5.6,0.791894,
378404,0,0,3,6,88,2,6,140,30,15,.5,.70,.4,.7,.3,500,.75,80,40,2,1,2048,2048,1920,4,0,969,259947887,16,154,77,2,0,13.2987,0.898266,5.64935,0.725531,155,78,1.98718,0.1125,13.1282,1.43544,5.60645,0.82303,155,78,1.98718,0.1125,13.1154,1.26065,5.6,0.791894,
416336,0,0,1,6,77,4,12,100,80,20,.7,.50,.3,.5,0,600,.55,50,50,4,4,1792,1536,1792,1,0,488,259947887,16,154,77,2,0,13.2987,0.898266,5.64935,0.725531,155,78,1.98718,0.1125,13.1282,1.43544,5.60645,0.82303,155,78,1.98718,0.1125,13.1154,1.26065,5.6,0.791894,
44336,0,0,3,6,26,12,4,120,90,10,1.0,.75,.5,.7,.7,1000,.85,100,60,3,3,1536,2048,1152,3,0,990,44550129,8,115,58,1.98276,0.13017,17.6552,1.75727,7.90435,0.697498,111,56,1.98214,0.132432,18.2857,1.88712,8.22523,0.680285,106,53,2,0,19.3208,0.795591,8.66038,0.564463,
257748,0,0,6,6,19,4,12,140,20,15,.5,.60,.2,.7,.8,700,0,40,50,4,3,1280,1920,2048,4,0,475,259947887,16,154,77,2,0,13.2987,0.898266,5.64935,0.725531,155,78,1.98718,0.1125,13.1282,1.43544,5.60645,0.82303,155,78,1.98718,0.1125,13.1154,1.26065,5.6,0.791894,
279321,0,0,1,6,63,2,6,130,70,5,.7,.65,.4,.5,1.0,1600,.40,60,40,3,1,1536,1792,1536,1,0,211,259947887,16,154,77,2,0,13.2987,0.898266,5.64935,0.725531,155,78,1.98718,0.1125,13.1282,1.43544,5.60645,0.82303,155,78,1.98718,0.1125,13.1154,1.26065,5.6,0.791894,
215870,0,0,1,6,44,4,2,110,10,20,.8,.85,.3,.9,.9,800,.85,20,60,4,3,1152,1408,2048,3,0,302,259947887,16,154,77,2,0,13.2987,0.898266,5.64935,0.725531,155,78,1.98718,0.1125,13.1282,1.43544,5.60645,0.82303,155,78,1.98718,0.1125,13.1154,1.26065,5.6,0.791894,
227128,0,0,1,6,32,10,2,130,60,10,.6,.50,.2,.7,.1,1000,.65,100,60,3,3,1920,1024,1664,2,0,946,259947887,16,154,77,2,0,13.2987,0.898266,5.64935,0.725531,155,78,1.98718,0.1125,13.1282,1.43544,5.60645,0.82303,155,78,1.98718,0.1125,13.1154,1.26065,5.6,0.791894,
88805,0,0,3,6,20,4,10,110,60,20,1.0,.90,.3,.8,.9,2000,.75,40,50,1,1,1920,2048,1408,2,0,828,259947887,16,154,77,2,0,13.2987,0.898266,5.64935,0.725531,155,78,1.98718,0.1125,13.1282,1.43544,5.60645,0.82303,155,78,1.98718,0.1125,13.1154,1.26065,5.6,0.791894,
245733,0,0,1,6,84,2,4,110,10,15,.9,.65,.2,.7,.6,500,.15,60,50,4,1,1792,1408,1536,1,0,334,44550129,8,115,58,1.98276,0.13017,17.6552,1.75727,7.90435,0.697498,111,56,1.98214,0.132432,18.2857,1.88712,8.22523,0.680285,106,53,2,0,19.3208,0.795591,8.66038,0.564463,
178064,0,0,12,6,83,2,10,150,30,20,.5,.75,.4,.5,.2,1100,0,90,60,1,4,1408,2048,1792,3,0,249,259947887,16,154,77,2,0,13.2987,0.898266,5.64935,0.725531,155,78,1.98718,0.1125,13.1282,1.43544,5.60645,0.82303,155,78,1.98718,0.1125,13.1154,1.26065,5.6,0.791894,
140157,0,0,6,6,112,12,4,150,70,5,.6,.75,.2,.8,1.0,900,.30,90,50,2,1,1408,1152,1280,1,0,832,44550129,8,115,58,1.98276,0.13017,17.6552,1.75727,7.90435,0.697498,111,56,1.98214,0.132432,18.2857,1.88712,8.22523,0.680285,106,53,2,0,19.3208,0.795591,8.66038,0.564463,
255723,0,0,1,6,64,12,2,110,20,10,.7,.90,.4,.6,.3,800,.95,30,60,3,2,1152,1024,1152,3,0,702,259947887,16,154,77,2,0,13.2987,0.898266,5.64935,0.725531,155,78,1.98718,0.1125,13.1282,1.43544,5.60645,0.82303,155,78,1.98718,0.1125,13.1154,1.26065,5.6,0.791894,
142816,0,0,6,6,112,10,6,130,100,10,.5,.85,.4,.5,.7,2000,.35,70,50,4,3,1408,2048,1024,2,0,515,259947887,16,154,77,2,0,13.2987,0.898266,5.64935,0.725531,155,78,1.98718,0.1125,13.1282,1.43544,5.60645,0.82303,155,78,1.98718,0.1125,13.1154,1.26065,5.6,0.791894,
233782,0,0,6,6,48,8,8,140,30,15,.5,.90,.4,.5,.6,900,.05,50,50,4,3,1408,1920,2048,1,0,866,259947887,16,154,77,2,0,13.2987,0.898266,5.64935,0.725531,155,78,1.98718,0.1125,13.1282,1.43544,5.60645,0.82303,155,78,1.98718,0.1125,13.1154,1.26065,5.6,0.791894,
273535,0,0,6,6,109,10,2,110,40,15,.8,.95,.4,.5,.1,1100,.50,20,50,2,2,1536,1024,1792,2,0,799,259947887,16,154,77,2,0,13.2987,0.898266,5.64935,0.725531,155,78,1.98718,0.1125,13.1282,1.43544,5.60645,0.82303,155,78,1.98718,0.1125,13.1154,1.26065,5.6,0.791894,
143313,0,0,6,6,112,2,6,130,60,15,.9,.55,.4,.6,.9,1300,.25,20,60,3,4,1536,1280,1152,2,0,1022,44550129,8,115,58,1.98276,0.13017,17.6552,1.75727,7.90435,0.697498,111,56,1.98214,0.132432,18.2857,1.88712,8.22523,0.680285,106,53,2,0,19.3208,0.795591,8.66038,0.564463,
133130,0,0,6,6,102,8,10,140,10,10,.9,1.00,.5,.8,.6,1200,.85,50,50,2,2,1792,1152,1664,4,0,749,44550129,8,115,58,1.98276,0.13017,17.6552,1.75727,7.90435,0.697498,111,56,1.98214,0.132432,18.2857,1.88712,8.22523,0.680285,106,53,2,0,19.3208,0.795591,8.66038,0.564463,
223387,0,0,6,6,80,10,6,100,60,20,.7,1.00,.2,.5,.9,1700,.75,30,60,1,4,1664,1664,1664,4,0,361,259947887,16,154,77,2,0,13.2987,0.898266,5.64935,0.725531,155,78,1.98718,0.1125,13.1282,1.43544,5.60645,0.82303,155,78,1.98718,0.1125,13.1154,1.26065,5.6,0.791894,
20024,0,0,6,6,15,4,10,150,70,10,.5,.65,.3,.6,1.0,1900,0,70,40,3,4,1664,2048,1664,2,0,210,44550129,8,115,58,1.98276,0.13017,17.6552,1.75727,7.90435,0.697498,111,56,1.98214,0.132432,18.2857,1.88712,8.22523,0.680285,106,53,2,0,19.3208,0.795591,8.66038,0.564463,
74243,0,0,6,6,46,12,10,100,30,5,1.0,.60,.2,.8,.7,600,.30,90,60,2,4,1920,1920,1152,4,0,892,259947887,16,154,77,2,0,13.2987,0.898266,5.64935,0.725531,155,78,1.98718,0.1125,13.1282,1.43544,5.60645,0.82303,155,78,1.98718,0.1125,13.1154,1.26065,5.6,0.791894,
120791,0,0,12,6,127,10,8,130,100,15,.9,1.00,.2,.9,.2,1100,.50,30,40,1,1,1664,1792,1664,4,0,233,259947887,16,154,77,2,0,13.2987,0.898266,5.64935,0.725531,155,78,1.98718,0.1125,13.1282,1.43544,5.60645,0.82303,155,78,1.98718,0.1125,13.1154,1.26065,5.6,0.791894,
313834,0,0,6,6,12,6,12,150,60,10,.5,1.00,.2,.9,.8,1500,.30,10,60,4,1,1664,1792,1280,3,0,537,259947887,16,154,77,2,0,13.2987,0.898266,5.64935,0.725531,155,78,1.98718,0.1125,13.1282,1.43544,5.60645,0.82303,155,78,1.98718,0.1125,13.1154,1.26065,5.6,0.791894,
181825,0,0,12,6,83,12,6,120,30,15,.6,.75,.5,.7,.8,500,.70,30,40,1,2,1664,1792,1280,1,0,808,259947887,16,154,77,2,0,13.2987,0.898266,5.64935,0.725531,155,78,1.98718,0.1125,13.1282,1.43544,5.60645,0.82303,155,78,1.98718,0.1125,13.1154,1.26065,5.6,0.791894,
1204127,0,0,1,6,112,4,6,110,100,20,.6,.60,.3,.7,.3,500,.90,80,50,4,3,2048,1152,1280,3,0,765,259947887,16,154,77,2,0,13.2987,0.898266,5.64935,0.725531,155,78,1.98718,0.1125,13.1282,1.43544,5.60645,0.82303,155,78,1.98718,0.1125,13.1154,1.26065,5.6,0.791894,
94723,0,0,3,6,64,6,2,130,20,5,.7,.95,.5,.9,.2,1900,.60,80,50,2,4,1280,1408,1280,4,0,471,44550129,8,115,58,1.98276,0.13017,17.6552,1.75727,7.90435,0.697498,111,56,1.98214,0.132432,18.2857,1.88712,8.22523,0.680285,106,53,2,0,19.3208,0.795591,8.66038,0.564463,
76169,0,0,1,6,26,6,4,100,40,10,1.0,.50,.2,.8,.1,800,0,30,60,3,2,1024,1664,1152,1,0,482,44550129,8,115,58,1.98276,0.13017,17.6552,1.75727,7.90435,0.697498,111,56,1.98214,0.132432,18.2857,1.88712,8.22523,0.680285,106,53,2,0,19.3208,0.795591,8.66038,0.564463,
59334,0,0,6,6,47,12,8,150,90,5,.9,1.00,.3,.7,.5,900,.70,60,50,4,3,1664,1280,1920,4,0,321,44550129,8,115,58,1.98276,0.13017,17.6552,1.75727,7.90435,0.697498,111,56,1.98214,0.132432,18.2857,1.88712,8.22523,0.680285,106,53,2,0,19.3208,0.795591,8.66038,0.564463,
1197757,0,0,1,6,45,8,12,130,10,5,.5,.65,.5,.5,.2,1500,.05,10,60,4,2,1280,1664,1152,2,0,1009,259947887,16,154,77,2,0,13.2987,0.898266,5.64935,0.725531,155,78,1.98718,0.1125,13.1282,1.43544,5.60645,0.82303,155,78,1.98718,0.1125,13.1154,1.26065,5.6,0.791894,
509424,0,0,1,6,128,2,12,100,60,5,.6,.85,.5,.8,.2,1700,.15,30,60,3,4,1920,1536,1536,1,0,287,259947887,16,154,77,2,0,13.2987,0.898266,5.64935,0.725531,155,78,1.98718,0.1125,13.1282,1.43544,5.60645,0.82303,155,78,1.98718,0.1125,13.1154,1.26065,5.6,0.791894,
86696,0,0,3,6,20,10,6,120,70,10,.6,.90,.3,.9,1.0,1800,1.00,60,50,4,4,1920,1024,1536,3,0,794,259947887,16,154,77,2,0,13.2987,0.898266,5.64935,0.725531,155,78,1.98718,0.1125,13.1282,1.43544,5.60645,0.82303,155,78,1.98718,0.1125,13.1154,1.26065,5.6,0.791894,
171891,0,0,1,6,75,6,12,110,90,20,.6,.70,.5,.7,1.0,700,.95,70,40,1,4,1280,1152,1536,2,0,226,44550129,8,115,58,1.98276,0.13017,17.6552,1.75727,7.90435,0.697498,111,56,1.98214,0.132432,18.2857,1.88712,8.22523,0.680285,106,53,2,0,19.3208,0.795591,8.66038,0.564463,
256874,0,0,6,6,109,2,10,130,50,15,.5,.55,.5,.8,.7,900,.20,80,50,4,4,1280,2048,1280,4,0,774,259947887,16,154,77,2,0,13.2987,0.898266,5.64935,0.725531,155,78,1.98718,0.1125,13.1282,1.43544,5.60645,0.82303,155,78,1.98718,0.1125,13.1154,1.26065,5.6,0.791894,
49573,0,0,12,6,93,10,8,120,30,5,.6,.70,.4,.8,.8,1100,.20,100,60,3,4,1280,1792,1152,2,0,786,44550129,8,115,58,1.98276,0.13017,17.6552,1.75727,7.90435,0.697498,111,56,1.98214,0.132432,18.2857,1.88712,8.22523,0.680285,106,53,2,0,19.3208,0.795591,8.66038,0.564463,
1216205,0,0,1,6,44,2,10,130,30,10,.6,.95,.3,.9,.3,600,.20,30,40,3,1,1024,1792,1408,3,0,619,259947887,16,154,77,2,0,13.2987,0.898266,5.64935,0.725531,155,78,1.98718,0.1125,13.1282,1.43544,5.60645,0.82303,155,78,1.98718,0.1125,13.1154,1.26065,5.6,0.791894,
143725,0,0,3,6,110,12,10,100,30,15,1.0,.60,.2,.6,.4,1100,.75,30,60,2,1,1408,2048,1536,2,0,841,44550129,8,115,58,1.98276,0.13017,17.6552,1.75727,7.90435,0.697498,111,56,1.98214,0.132432,18.2857,1.88712,8.22523,0.680285,106,53,2,0,19.3208,0.795591,8.66038,0.564463,
259956,0,0,6,6,38,12,10,120,90,15,1.0,.60,.5,.7,.9,1100,.75,30,40,2,4,1536,1920,1024,2,0,718,259947887,16,154,77,2,0,13.2987,0.898266,5.64935,0.725531,155,78,1.98718,0.1125,13.1282,1.43544,5.60645,0.82303,155,78,1.98718,0.1125,13.1154,1.26065,5.6,0.791894,
1420873,0,0,1,6,27,6,10,150,30,15,.6,.55,.4,.7,.7,1800,.55,100,40,2,1,1024,1408,1024,4,0,404,259947887,16,154,77,2,0,13.2987,0.898266,5.64935,0.725531,155,78,1.98718,0.1125,13.1282,1.43544,5.60645,0.82303,155,78,1.98718,0.1125,13.1154,1.26065,5.6,0.791894,
376874,0,0,1,6,102,4,4,100,50,10,1.0,.90,.3,.7,.4,800,1.00,50,40,2,3,1920,1664,1408,1,0,221,259947887,16,154,77,2,0,13.2987,0.898266,5.64935,0.725531,155,78,1.98718,0.1125,13.1282,1.43544,5.60645,0.82303,155,78,1.98718,0.1125,13.1154,1.26065,5.6,0.791894,
23651,0,0,3,6,11,10,2,130,80,5,.5,.50,.2,.5,.3,700,.10,40,50,4,3,2048,1792,1536,2,0,707,44550129,8,115,58,1.98276,0.13017,17.6552,1.75727,7.90435,0.697498,111,56,1.98214,0.132432,18.2857,1.88712,8.22523,0.680285,106,53,2,0,19.3208,0.795591,8.66038,0.564463,
352626,0,0,1,6,128,8,10,150,70,10,1.0,.55,.4,.9,.5,800,.40,40,60,4,1,2048,1280,1280,4,0,953,44550129,8,115,58,1.98276,0.13017,17.6552,1.75727,7.90435,0.697498,111,56,1.98214,0.132432,18.2857,1.88712,8.22523,0.680285,106,53,2,0,19.3208,0.795591,8.66038,0.564463,
136788,0,0,3,6,104,2,12,140,10,5,.9,.85,.5,.8,1.0,1100,.80,100,40,4,2,1152,1280,1408,1,0,358,44550129,8,115,58,1.98276,0.13017,17.6552,1.75727,7.90435,0.697498,111,56,1.98214,0.132432,18.2857,1.88712,8.22523,0.680285,106,53,2,0,19.3208,0.795591,8.66038,0.564463,
564590,0,0,3,6,112,2,2,150,30,15,.6,.65,.4,.7,0,1700,.20,40,50,4,3,1920,1664,1024,4,0,737,259947887,16,154,77,2,0,13.2987,0.898266,5.64935,0.725531,155,78,1.98718,0.1125,13.1282,1.43544,5.60645,0.82303,155,78,1.98718,0.1125,13.1154,1.26065,5.6,0.791894,
63825,0,0,3,6,44,6,4,100,80,20,.9,.85,.3,.9,.7,1400,.40,100,60,3,1,1280,1792,1024,2,0,910,44550129,8,115,58,1.98276,0.13017,17.6552,1.75727,7.90435,0.697498,111,56,1.98214,0.132432,18.2857,1.88712,8.22523,0.680285,106,53,2,0,19.3208,0.795591,8.66038,0.564463,
251567,0,0,6,6,108,2,12,150,100,15,1.0,.85,.5,.6,.1,500,.40,90,40,4,4,1024,2048,1792,2,0,245,259947887,16,154,77,2,0,13.2987,0.898266,5.64935,0.725531,155,78,1.98718,0.1125,13.1282,1.43544,5.60645,0.82303,155,78,1.98718,0.1125,13.1154,1.26065,5.6,0.791894,
1177777,0,0,1,6,49,10,6,140,90,10,.5,.60,.5,.7,.3,700,.65,70,60,4,1,1408,1152,1536,3,0,371,259947887,16,154,77,2,0,13.2987,0.898266,5.64935,0.725531,155,78,1.98718,0.1125,13.1282,1.43544,5.60645,0.82303,155,78,1.98718,0.1125,13.1154,1.26065,5.6,0.791894,
281151,0,0,1,6,127,4,12,130,100,15,.8,.95,.4,.5,1.0,1900,.90,100,50,2,3,1152,1536,1536,1,0,298,44550129,8,115,58,1.98276,0.13017,17.6552,1.75727,7.90435,0.697498,111,56,1.98214,0.132432,18.2857,1.88712,8.22523,0.680285,106,53,2,0,19.3208,0.795591,8.66038,0.564463,
184504,0,0,3,6,126,12,2,110,10,5,1.0,.85,.5,.5,.8,700,.50,70,50,2,1,1664,1280,1152,3,0,817,44550129,8,115,58,1.98276,0.13017,17.6552,1.75727,7.90435,0.697498,111,56,1.98214,0.132432,18.2857,1.88712,8.22523,0.680285,106,53,2,0,19.3208,0.795591,8.66038,0.564463,
147961,0,0,6,6,122,6,6,150,80,5,.7,1.00,.3,.7,.1,600,.80,10,40,2,3,1408,1536,1408,1,0,726,259947887,16,154,77,2,0,13.2987,0.898266,5.64935,0.725531,155,78,1.98718,0.1125,13.1282,1.43544,5.60645,0.82303,155,78,1.98718,0.1125,13.1154,1.26065,5.6,0.791894,
174921,0,0,12,6,49,4,10,100,60,10,.8,.85,.4,.8,.8,800,.60,100,40,1,4,1152,1152,1792,3,0,740,259947887,16,154,77,2,0,13.2987,0.898266,5.64935,0.725531,155,78,1.98718,0.1125,13.1282,1.43544,5.60645,0.82303,155,78,1.98718,0.1125,13.1154,1.26065,5.6,0.791894,
24484,0,0,6,6,19,6,4,100,50,15,.8,.80,.2,.9,0,1400,.30,50,40,1,1,1664,1920,1792,1,0,513,44550129,8,115,58,1.98276,0.13017,17.6552,1.75727,7.90435,0.697498,111,56,1.98214,0.132432,18.2857,1.88712,8.22523,0.680285,106,53,2,0,19.3208,0.795591,8.66038,0.564463,
120538,0,0,3,6,62,2,8,120,100,10,1.0,.95,.4,.9,.5,1700,.35,40,60,2,4,1024,1664,1664,3,0,972,259947887,16,154,77,2,0,13.2987,0.898266,5.64935,0.725531,155,78,1.98718,0.1125,13.1282,1.43544,5.60645,0.82303,155,78,1.98718,0.1125,13.1154,1.26065,5.6,0.791894,
240811,0,0,1,6,97,6,8,110,40,10,.5,.80,.4,.9,1.0,1100,.75,20,50,4,3,1408,1664,1408,4,0,936,44550129,8,115,58,1.98276,0.13017,17.6552,1.75727,7.90435,0.697498,111,56,1.98214,0.132432,18.2857,1.88712,8.22523,0.680285,106,53,2,0,19.3208,0.795591,8.66038,0.564463,
356237,0,0,3,6,56,8,8,150,70,5,1.0,1.00,.3,.5,.8,1000,0,20,60,3,3,1152,1536,1792,1,0,929,259947887,16,154,77,2,0,13.2987,0.898266,5.64935,0.725531,155,78,1.98718,0.1125,13.1282,1.43544,5.60645,0.82303,155,78,1.98718,0.1125,13.1154,1.26065,5.6,0.791894,
88729,0,0,6,6,74,2,4,130,30,5,.9,.65,.3,.9,.5,900,.75,10,40,2,4,1152,1408,1792,2,0,294,44550129,8,115,58,1.98276,0.13017,17.6552,1.75727,7.90435,0.697498,111,56,1.98214,0.132432,18.2857,1.88712,8.22523,0.680285,106,53,2,0,19.3208,0.795591,8.66038,0.564463,
88257,0,0,3,6,23,8,12,150,20,5,.5,.95,.3,.9,.6,1300,.20,100,50,1,4,1792,2048,1152,2,0,333,259947887,16,154,77,2,0,13.2987,0.898266,5.64935,0.725531,155,78,1.98718,0.1125,13.1282,1.43544,5.60645,0.82303,155,78,1.98718,0.1125,13.1154,1.26065,5.6,0.791894,
540037,0,0,3,6,39,2,10,140,60,20,.8,1.00,.4,.5,0,1900,.20,70,50,3,4,1664,1920,1408,2,0,953,259947887,16,154,77,2,0,13.2987,0.898266,5.64935,0.725531,155,78,1.98718,0.1125,13.1282,1.43544,5.60645,0.82303,155,78,1.98718,0.1125,13.1154,1.26065,5.6,0.791894,
68348,0,0,12,6,86,6,8,140,10,10,.7,1.00,.2,.7,.5,1300,.55,70,60,2,4,1792,1664,1408,4,0,556,44550129,8,115,58,1.98276,0.13017,17.6552,1.75727,7.90435,0.697498,111,56,1.98214,0.132432,18.2857,1.88712,8.22523,0.680285,106,53,2,0,19.3208,0.795591,8.66038,0.564463,
64876,0,0,12,6,41,10,4,120,80,5,.5,.75,.4,.6,.5,500,.40,50,40,1,4,2048,2048,1152,1,0,436,259947887,16,154,77,2,0,13.2987,0.898266,5.64935,0.725531,155,78,1.98718,0.1125,13.1282,1.43544,5.60645,0.82303,155,78,1.98718,0.1125,13.1154,1.26065,5.6,0.791894,
368218,0,0,3,6,42,8,12,140,30,15,.9,.70,.4,.5,.8,1600,.55,100,60,3,4,1536,1664,1664,2,0,545,259947887,16,154,77,2,0,13.2987,0.898266,5.64935,0.725531,155,78,1.98718,0.1125,13.1282,1.43544,5.60645,0.82303,155,78,1.98718,0.1125,13.1154,1.26065,5.6,0.791894,
123836,0,0,6,6,97,10,12,110,50,20,.6,1.00,.5,.6,.6,1000,1.00,20,50,3,4,2048,1152,1664,3,0,1019,259947887,16,154,77,2,0,13.2987,0.898266,5.64935,0.725531,155,78,1.98718,0.1125,13.1282,1.43544,5.60645,0.82303,155,78,1.98718,0.1125,13.1154,1.26065,5.6,0.791894,
200638,0,0,12,6,127,6,12,120,30,20,.6,.60,.4,.7,.3,1300,.25,80,40,4,2,1792,1920,1920,2,0,448,259947887,16,154,77,2,0,13.2987,0.898266,5.64935,0.725531,155,78,1.98718,0.1125,13.1282,1.43544,5.60645,0.82303,155,78,1.98718,0.1125,13.1154,1.26065,5.6,0.791894,
381472,0,0,3,6,120,6,2,130,40,10,.7,.55,.5,.5,.8,900,.50,90,60,2,2,1024,1664,1152,4,0,943,259947887,16,154,77,2,0,13.2987,0.898266,5.64935,0.725531,155,78,1.98718,0.1125,13.1282,1.43544,5.60645,0.82303,155,78,1.98718,0.1125,13.1154,1.26065,5.6,0.791894,
285539,0,0,1,6,48,4,10,100,30,20,.6,.65,.5,.6,.8,1700,.05,60,50,2,2,1536,1664,1024,2,0,268,259947887,16,154,77,2,0,13.2987,0.898266,5.64935,0.725531,155,78,1.98718,0.1125,13.1282,1.43544,5.60645,0.82303,155,78,1.98718,0.1125,13.1154,1.26065,5.6,0.791894,
341542,0,0,3,6,87,2,4,130,60,10,1.0,.80,.3,.6,1.0,1800,.85,20,40,2,2,1536,1920,1792,1,0,288,259947887,16,154,77,2,0,13.2987,0.898266,5.64935,0.725531,155,78,1.98718,0.1125,13.1282,1.43544,5.60645,0.82303,155,78,1.98718,0.1125,13.1154,1.26065,5.6,0.791894,
124177,0,0,6,6,100,6,10,150,100,20,.6,.75,.2,.6,.7,700,.15,10,60,3,2,1408,1664,1664,3,0,686,44550129,8,115,58,1.98276,0.13017,17.6552,1.75727,7.90435,0.697498,111,56,1.98214,0.132432,18.2857,1.88712,8.22523,0.680285,106,53,2,0,19.3208,0.795591,8.66038,0.564463,
248861,0,0,1,6,103,2,8,110,70,15,.7,.65,.3,.7,.4,1800,.70,40,40,2,3,1152,1792,2048,4,0,989,44550129,8,115,58,1.98276,0.13017,17.6552,1.75727,7.90435,0.697498,111,56,1.98214,0.132432,18.2857,1.88712,8.22523,0.680285,106,53,2,0,19.3208,0.795591,8.66038,0.564463,
234330,0,0,1,6,17,8,12,110,100,15,.5,.80,.5,.7,.6,600,.20,100,60,4,1,1792,1664,1280,2,0,409,259947887,16,154,77,2,0,13.2987,0.898266,5.64935,0.725531,155,78,1.98718,0.1125,13.1282,1.43544,5.60645,0.82303,155,78,1.98718,0.1125,13.1154,1.26065,5.6,0.791894,
118992,0,0,3,6,59,8,8,110,100,5,.6,.60,.3,.6,.9,700,.60,30,60,4,2,1664,1152,1792,2,0,785,259947887,16,154,77,2,0,13.2987,0.898266,5.64935,0.725531,155,78,1.98718,0.1125,13.1282,1.43544,5.60645,0.82303,155,78,1.98718,0.1125,13.1154,1.26065,5.6,0.791894,
1273911,0,0,1,6,89,6,8,150,100,20,.6,.70,.5,.5,.9,1800,.50,50,50,3,4,1920,1792,1280,2,0,691,259947887,16,154,77,2,0,13.2987,0.898266,5.64935,0.725531,155,78,1.98718,0.1125,13.1282,1.43544,5.60645,0.82303,155,78,1.98718,0.1125,13.1154,1.26065,5.6,0.791894,
387464,0,0,3,6,88,8,4,110,100,15,.5,.85,.4,.9,.7,500,.50,80,50,1,3,1280,1152,1408,3,0,778,259947887,16,154,77,2,0,13.2987,0.898266,5.64935,0.725531,155,78,1.98718,0.1125,13.1282,1.43544,5.60645,0.82303,155,78,1.98718,0.1125,13.1154,1.26065,5.6,0.791894,
109150,0,0,12,6,119,4,8,120,90,15,.8,.50,.3,.5,.4,2000,.50,10,40,2,1,1792,1408,1664,2,0,713,259947887,16,154,77,2,0,13.2987,0.898266,5.64935,0.725531,155,78,1.98718,0.1125,13.1282,1.43544,5.60645,0.82303,155,78,1.98718,0.1125,13.1154,1.26065,5.6,0.791894,
249305,0,0,1,6,55,4,10,120,80,10,.8,.70,.3,.5,.2,700,.35,50,50,3,1,1024,1280,1792,3,0,979,259947887,16,154,77,2,0,13.2987,0.898266,5.64935,0.725531,155,78,1.98718,0.1125,13.1282,1.43544,5.60645,0.82303,155,78,1.98718,0.1125,13.1154,1.26065,5.6,0.791894,
52225,0,0,1,6,18,2,8,150,30,20,.7,.90,.2,.5,1.0,1700,.25,50,60,4,4,1024,1152,1152,1,0,915,44550129,8,115,58,1.98276,0.13017,17.6552,1.75727,7.90435,0.697498,111,56,1.98214,0.132432,18.2857,1.88712,8.22523,0.680285,106,53,2,0,19.3208,0.795591,8.66038,0.564463,
112951,0,0,3,6,4,2,10,150,60,5,.7,.95,.5,.8,.5,1400,.60,30,50,4,1,1920,1792,1664,4,0,311,259947887,16,154,77,2,0,13.2987,0.898266,5.64935,0.725531,155,78,1.98718,0.1125,13.1282,1.43544,5.60645,0.82303,155,78,1.98718,0.1125,13.1154,1.26065,5.6,0.791894,
108086,0,0,12,6,121,10,6,110,60,15,1.0,.60,.3,.5,.3,2000,.40,30,60,3,1,1536,2048,1280,3,0,748,259947887,16,154,77,2,0,13.2987,0.898266,5.64935,0.725531,155,78,1.98718,0.1125,13.1282,1.43544,5.60645,0.82303,155,78,1.98718,0.1125,13.1154,1.26065,5.6,0.791894,
147098,0,0,6,6,120,2,12,110,70,10,.5,.60,.2,.6,.3,600,.95,10,50,2,3,1024,1664,1920,1,0,788,259947887,16,154,77,2,0,13.2987,0.898266,5.64935,0.725531,155,78,1.98718,0.1125,13.1282,1.43544,5.60645,0.82303,155,78,1.98718,0.1125,13.1154,1.26065,5.6,0.791894,
1115615,0,0,1,6,51,6,10,110,60,15,.6,.55,.3,.7,.5,600,.90,10,40,4,4,1536,1408,1536,4,0,501,259947887,16,154,77,2,0,13.2987,0.898266,5.64935,0.725531,155,78,1.98718,0.1125,13.1282,1.43544,5.60645,0.82303,155,78,1.98718,0.1125,13.1154,1.26065,5.6,0.791894,
471258,0,0,1,6,96,10,8,110,90,5,.8,.90,.4,.7,.7,1800,.40,90,40,2,3,1920,1152,2048,4,0,837,259947887,16,154,77,2,0,13.2987,0.898266,5.64935,0.725531,155,78,1.98718,0.1125,13.1282,1.43544,5.60645,0.82303,155,78,1.98718,0.1125,13.1154,1.26065,5.6,0.791894,
40681,0,0,1,6,2,8,12,150,80,5,.7,.65,.5,.9,.9,1600,.35,30,50,4,2,2048,1536,1024,4,0,387,44550129,8,115,58,1.98276,0.13017,17.6552,1.75727,7.90435,0.697498,111,56,1.98214,0.132432,18.2857,1.88712,8.22523,0.680285,106,53,2,0,19.3208,0.795591,8.66038,0.564463,
77370,0,0,12,6,63,2,4,120,50,5,.5,.50,.3,.5,.6,1400,.05,100,60,3,3,1152,2048,1152,1,0,473,259947887,16,154,77,2,0,13.2987,0.898266,5.64935,0.725531,155,78,1.98718,0.1125,13.1282,1.43544,5.60645,0.82303,155,78,1.98718,0.1125,13.1154,1.26065,5.6,0.791894,
184109,0,0,12,6,54,12,10,100,60,10,.5,.50,.2,.5,.4,1900,0,20,40,3,2,1024,1152,1920,2,0,338,259947887,16,154,77,2,0,13.2987,0.898266,5.64935,0.725531,155,78,1.98718,0.1125,13.1282,1.43544,5.60645,0.82303,155,78,1.98718,0.1125,13.1154,1.26065,5.6,0.791894,
265684,0,0,1,6,94,10,8,120,50,15,.6,.65,.3,.9,.1,1300,.50,50,50,1,1,2048,1920,1664,2,0,334,44550129,8,115,58,1.98276,0.13017,17.6552,1.75727,7.90435,0.697498,111,56,1.98214,0.132432,18.2857,1.88712,8.22523,0.680285,106,53,2,0,19.3208,0.795591,8.66038,0.564463,
191299,0,0,12,6,123,10,12,150,30,5,.9,.70,.4,.9,.8,800,.75,70,50,4,4,1024,1536,1792,4,0,455,259947887,16,154,77,2,0,13.2987,0.898266,5.64935,0.725531,155,78,1.98718,0.1125,13.1282,1.43544,5.60645,0.82303,155,78,1.98718,0.1125,13.1154,1.26065,5.6,0.791894,
196153,0,0,12,6,83,10,6,120,90,15,.7,.90,.5,.8,.2,1500,.95,10,60,3,1,1152,1280,1920,4,0,400,259947887,16,154,77,2,0,13.2987,0.898266,5.64935,0.725531,155,78,1.98718,0.1125,13.1282,1.43544,5.60645,0.82303,155,78,1.98718,0.1125,13.1154,1.26065,5.6,0.791894,
91454,0,0,1,6,33,10,12,100,10,15,.6,.55,.5,.8,.5,1700,.85,70,60,4,4,1792,1920,1152,1,0,454,44550129,8,115,58,1.98276,0.13017,17.6552,1.75727,7.90435,0.697498,111,56,1.98214,0.132432,18.2857,1.88712,8.22523,0.680285,106,53,2,0,19.3208,0.795591,8.66038,0.564463,
21276,0,0,6,6,15,12,4,110,30,20,.8,.55,.2,.7,1.0,1400,.20,90,50,2,1,1408,1536,1664,2,0,711,44550129,8,115,58,1.98276,0.13017,17.6552,1.75727,7.90435,0.697498,111,56,1.98214,0.132432,18.2857,1.88712,8.22523,0.680285,106,53,2,0,19.3208,0.795591,8.66038,0.564463,
162661,0,0,6,6,128,4,4,100,30,10,.8,.95,.4,.7,.2,700,.15,10,60,1,3,1920,1920,1024,4,0,525,259947887,16,154,77,2,0,13.2987,0.898266,5.64935,0.725531,155,78,1.98718,0.1125,13.1282,1.43544,5.60645,0.82303,155,78,1.98718,0.1125,13.1154,1.26065,5.6,0.791894,
1542229,0,0,1,6,100,4,10,120,20,20,.9,.90,.4,.7,.1,1500,.10,60,60,3,1,2048,1536,1152,3,0,427,259947887,16,154,77,2,0,13.2987,0.898266,5.64935,0.725531,155,78,1.98718,0.1125,13.1282,1.43544,5.60645,0.82303,155,78,1.98718,0.1125,13.1154,1.26065,5.6,0.791894,
381428,0,0,1,6,113,10,6,100,100,15,.9,.70,.4,.7,.4,1900,.70,40,40,2,2,1408,1792,1280,3,0,593,259947887,16,154,77,2,0,13.2987,0.898266,5.64935,0.725531,155,78,1.98718,0.1125,13.1282,1.43544,5.60645,0.82303,155,78,1.98718,0.1125,13.1154,1.26065,5.6,0.791894,
66829,0,0,12,6,45,6,8,130,100,15,.7,.90,.5,.7,.1,1100,.05,30,50,4,4,1280,1024,1536,3,0,541,259947887,16,154,77,2,0,13.2987,0.898266,5.64935,0.725531,155,78,1.98718,0.1125,13.1282,1.43544,5.60645,0.82303,155,78,1.98718,0.1125,13.1154,1.26065,5.6,0.791894,
100476,0,0,3,6,50,6,8,100,100,20,1.0,.65,.4,.7,.1,1300,.50,50,40,3,3,1536,1792,1280,3,0,862,259947887,16,154,77,2,0,13.2987,0.898266,5.64935,0.725531,155,78,1.98718,0.1125,13.1282,1.43544,5.60645,0.82303,155,78,1.98718,0.1125,13.1154,1.26065,5.6,0.791894,
85351,0,0,3,6,64,4,6,110,10,15,.7,.70,.3,.9,.3,1700,.20,10,60,4,4,1024,1152,1152,2,0,368,44550129,8,115,58,1.98276,0.13017,17.6552,1.75727,7.90435,0.697498,111,56,1.98214,0.132432,18.2857,1.88712,8.22523,0.680285,106,53,2,0,19.3208,0.795591,8.66038,0.564463,
26493,0,0,12,6,47,4,6,110,90,20,.9,1.00,.4,.7,.7,1700,.50,50,60,2,2,1792,1024,1408,4,0,375,44550129,8,115,58,1.98276,0.13017,17.6552,1.75727,7.90435,0.697498,111,56,1.98214,0.132432,18.2857,1.88712,8.22523,0.680285,106,53,2,0,19.3208,0.795591,8.66038,0.564463,
114157,0,0,1,6,46,6,6,150,40,15,.8,.95,.2,.8,.5,1700,.55,40,50,2,4,1280,1024,1152,4,0,845,44550129,8,115,58,1.98276,0.13017,17.6552,1.75727,7.90435,0.697498,111,56,1.98214,0.132432,18.2857,1.88712,8.22523,0.680285,106,53,2,0,19.3208,0.795591,8.66038,0.564463,
90530,0,0,6,6,78,6,10,100,40,10,.8,.85,.3,.7,.5,800,.30,60,40,1,3,1920,1536,1536,4,0,350,44550129,8,115,58,1.98276,0.13017,17.6552,1.75727,7.90435,0.697498,111,56,1.98214,0.132432,18.2857,1.88712,8.22523,0.680285,106,53,2,0,19.3208,0.795591,8.66038,0.564463,
405378,0,0,3,6,95,8,4,110,100,5,.9,.75,.5,.7,.9,1300,.65,80,60,2,4,2048,1792,2048,3,0,402,259947887,16,154,77,2,0,13.2987,0.898266,5.64935,0.725531,155,78,1.98718,0.1125,13.1282,1.43544,5.60645,0.82303,155,78,1.98718,0.1125,13.1154,1.26065,5.6,0.791894,
1282262,0,0,1,6,40,4,8,100,20,5,.6,.55,.4,.5,1.0,1100,.05,10,60,4,2,1536,1280,1152,2,0,773,259947887,16,154,77,2,0,13.2987,0.898266,5.64935,0.725531,155,78,1.98718,0.1125,13.1282,1.43544,5.60645,0.82303,155,78,1.98718,0.1125,13.1154,1.26065,5.6,0.791894,
479348,0,0,3,6,18,8,10,110,50,20,.5,.85,.3,.5,.4,1700,.95,70,50,4,2,1152,1280,1280,3,0,446,259947887,16,154,77,2,0,13.2987,0.898266,5.64935,0.725531,155,78,1.98718,0.1125,13.1282,1.43544,5.60645,0.82303,155,78,1.98718,0.1125,13.1154,1.26065,5.6,0.791894,
257360,0,0,6,6,22,6,8,120,20,15,.8,.50,.3,.5,.9,1700,.10,100,50,1,2,1024,1152,1664,3,0,600,259947887,16,154,77,2,0,13.2987,0.898266,5.64935,0.725531,155,78,1.98718,0.1125,13.1282,1.43544,5.60645,0.82303,155,78,1.98718,0.1125,13.1154,1.26065,5.6,0.791894,
77397,0,0,6,6,31,8,6,120,80,20,1.0,1.00,.3,.5,.7,1500,.20,10,40,2,3,1792,1024,1536,3,0,543,259947887,16,154,77,2,0,13.2987,0.898266,5.64935,0.725531,155,78,1.98718,0.1125,13.1282,1.43544,5.60645,0.82303,155,78,1.98718,0.1125,13.1154,1.26065,5.6,0.791894,
184910,0,0,12,6,75,6,10,130,90,15,1.0,.95,.5,.6,.4,800,.90,10,50,3,3,1152,1280,1920,3,0,256,259947887,16,154,77,2,0,13.2987,0.898266,5.64935,0.725531,155,78,1.98718,0.1125,13.1282,1.43544,5.60645,0.82303,155,78,1.98718,0.1125,13.1154,1.26065,5.6,0.791894,
439339,0,0,3,6,73,4,8,140,10,15,1.0,.60,.5,.6,.5,1900,.35,90,60,3,2,1920,1408,1536,2,0,851,259947887,16,154,77,2,0,13.2987,0.898266,5.64935,0.725531,155,78,1.98718,0.1125,13.1282,1.43544,5.60645,0.82303,155,78,1.98718,0.1125,13.1154,1.26065,5.6,0.791894,
38661,0,0,12,6,57,6,12,150,70,10,1.0,.50,.3,.6,.8,600,.85,100,60,3,2,2048,1152,1280,2,0,881,44550129,8,115,58,1.98276,0.13017,17.6552,1.75727,7.90435,0.697498,111,56,1.98214,0.132432,18.2857,1.88712,8.22523,0.680285,106,53,2,0,19.3208,0.795591,8.66038,0.564463,
230817,0,0,1,6,26,10,8,120,70,5,.8,.95,.3,.9,0,800,.60,80,60,3,1,1536,1792,1280,4,0,284,259947887,16,154,77,2,0,13.2987,0.898266,5.64935,0.725531,155,78,1.98718,0.1125,13.1282,1.43544,5.60645,0.82303,155,78,1.98718,0.1125,13.1154,1.26065,5.6,0.791894,
75932,0,0,3,6,55,6,4,150,50,20,.6,.75,.2,.5,.3,600,.70,20,60,1,1,1280,1920,2048,4,0,928,44550129,8,115,58,1.98276,0.13017,17.6552,1.75727,7.90435,0.697498,111,56,1.98214,0.132432,18.2857,1.88712,8.22523,0.680285,106,53,2,0,19.3208,0.795591,8.66038,0.564463,
146967,0,0,3,6,109,2,2,150,70,20,.5,.65,.5,.5,.2,1700,.85,100,60,1,1,1664,1152,1024,4,0,959,44550129,8,115,58,1.98276,0.13017,17.6552,1.75727,7.90435,0.697498,111,56,1.98214,0.132432,18.2857,1.88712,8.22523,0.680285,106,53,2,0,19.3208,0.795591,8.66038,0.564463,
1535818,0,0,1,6,91,12,2,140,30,10,.5,.70,.5,.7,.4,900,.50,10,50,4,4,1920,1152,1024,3,0,612,259947887,16,154,77,2,0,13.2987,0.898266,5.64935,0.725531,155,78,1.98718,0.1125,13.1282,1.43544,5.60645,0.82303,155,78,1.98718,0.1125,13.1154,1.26065,5.6,0.791894,
340174,0,0,3,6,38,4,2,130,60,20,.9,1.00,.2,.8,.9,1700,.75,20,40,2,4,1280,1280,1792,3,0,279,259947887,16,154,77,2,0,13.2987,0.898266,5.64935,0.725531,155,78,1.98718,0.1125,13.1282,1.43544,5.60645,0.82303,155,78,1.98718,0.1125,13.1154,1.26065,5.6,0.791894,
341600,0,0,1,6,91,8,2,130,30,10,1.0,.85,.5,.7,.1,700,.65,30,50,3,2,1408,1664,1408,2,0,577,259947887,16,154,77,2,0,13.2987,0.898266,5.64935,0.725531,155,78,1.98718,0.1125,13.1282,1.43544,5.60645,0.82303,155,78,1.98718,0.1125,13.1154,1.26065,5.6,0.791894,
1304386,0,0,1,6,47,2,4,130,80,20,.7,.90,.2,.9,.9,1500,.45,60,50,4,2,1664,1408,1152,2,0,581,259947887,16,154,77,2,0,13.2987,0.898266,5.64935,0.725531,155,78,1.98718,0.1125,13.1282,1.43544,5.60645,0.82303,155,78,1.98718,0.1125,13.1154,1.26065,5.6,0.791894,
79189,0,0,3,6,51,4,12,100,70,15,1.0,.65,.2,.7,.1,1800,.10,90,40,3,1,1536,1280,1024,4,0,858,44550129,8,115,58,1.98276,0.13017,17.6552,1.75727,7.90435,0.697498,111,56,1.98214,0.132432,18.2857,1.88712,8.22523,0.680285,106,53,2,0,19.3208,0.795591,8.66038,0.564463,
283033,0,0,6,6,11,2,4,130,30,20,.6,.80,.4,.9,0,700,.30,90,40,1,1,1664,1920,1152,1,0,339,259947887,16,154,77,2,0,13.2987,0.898266,5.64935,0.725531,155,78,1.98718,0.1125,13.1282,1.43544,5.60645,0.82303,155,78,1.98718,0.1125,13.1154,1.26065,5.6,0.791894,
226736,0,0,6,6,59,12,12,140,50,20,.9,.80,.3,.9,.6,1800,.35,100,60,1,2,1536,1664,1152,3,0,574,259947887,16,154,77,2,0,13.2987,0.898266,5.64935,0.725531,155,78,1.98718,0.1125,13.1282,1.43544,5.60645,0.82303,155,78,1.98718,0.1125,13.1154,1.26065,5.6,0.791894,
157594,0,0,3,6,64,10,2,140,40,10,.6,.75,.2,.6,0,700,.10,50,40,2,1,1920,1152,1408,4,0,458,259947887,16,154,77,2,0,13.2987,0.898266,5.64935,0.725531,155,78,1.98718,0.1125,13.1282,1.43544,5.60645,0.82303,155,78,1.98718,0.1125,13.1154,1.26065,5.6,0.791894,
237702,0,0,1,6,31,8,2,110,60,15,.5,.75,.5,.5,.3,900,.70,40,40,3,1,1792,1664,1152,4,0,370,259947887,16,154,77,2,0,13.2987,0.898266,5.64935,0.725531,155,78,1.98718,0.1125,13.1282,1.43544,5.60645,0.82303,155,78,1.98718,0.1125,13.1154,1.26065,5.6,0.791894,
108704,0,0,3,6,50,6,10,150,20,20,.7,1.00,.3,.7,.5,600,1.00,10,50,3,1,1664,1792,1664,4,0,267,259947887,16,154,77,2,0,13.2987,0.898266,5.64935,0.725531,155,78,1.98718,0.1125,13.1282,1.43544,5.60645,0.82303,155,78,1.98718,0.1125,13.1154,1.26065,5.6,0.791894,
16381,0,0,12,6,17,10,4,130,20,15,1.0,.70,.5,.6,.4,500,.60,50,50,3,2,1664,1280,1792,3,0,770,44550129,8,115,58,1.98276,0.13017,17.6552,1.75727,7.90435,0.697498,111,56,1.98214,0.132432,18.2857,1.88712,8.22523,0.680285,106,53,2,0,19.3208,0.795591,8.66038,0.564463,
81852,0,0,6,6,47,4,6,140,80,5,.7,.70,.5,.5,.1,1600,.70,40,40,4,1,1536,1536,1280,4,0,718,259947887,16,154,77,2,0,13.2987,0.898266,5.64935,0.725531,155,78,1.98718,0.1125,13.1282,1.43544,5.60645,0.82303,155,78,1.98718,0.1125,13.1154,1.26065,5.6,0.791894,
65346,0,0,12,6,85,4,12,150,80,20,.5,.75,.3,.5,0,700,.35,90,50,3,2,1152,1024,2048,2,0,423,44550129,8,115,58,1.98276,0.13017,17.6552,1.75727,7.90435,0.697498,111,56,1.98214,0.132432,18.2857,1.88712,8.22523,0.680285,106,53,2,0,19.3208,0.795591,8.66038,0.564463,
150302,0,0,12,6,48,8,4,140,10,5,.7,1.00,.2,.6,.7,600,.10,40,60,3,3,1536,1792,1280,2,0,316,259947887,16,154,77,2,0,13.2987,0.898266,5.64935,0.725531,155,78,1.98718,0.1125,13.1282,1.43544,5.60645,0.82303,155,78,1.98718,0.1125,13.1154,1.26065,5.6,0.791894,
211482,0,0,6,6,54,2,2,130,100,20,.5,.50,.2,.9,.1,1300,.60,60,40,2,1,1152,2048,2048,3,0,523,259947887,16,154,77,2,0,13.2987,0.898266,5.64935,0.725531,155,78,1.98718,0.1125,13.1282,1.43544,5.60645,0.82303,155,78,1.98718,0.1125,13.1154,1.26065,5.6,0.791894,
217730,0,0,6,6,93,12,2,130,30,20,.6,1.00,.5,.6,.3,1700,.65,100,60,4,4,1280,1920,1536,3,0,481,259947887,16,154,77,2,0,13.2987,0.898266,5.64935,0.725531,155,78,1.98718,0.1125,13.1282,1.43544,5.60645,0.82303,155,78,1.98718,0.1125,13.1154,1.26065,5.6,0.791894,
89190,0,0,6,6,75,12,10,130,70,10,.5,.70,.2,.6,.1,1300,.35,20,60,3,3,1664,1280,1280,4,0,274,44550129,8,115,58,1.98276,0.13017,17.6552,1.75727,7.90435,0.697498,111,56,1.98214,0.132432,18.2857,1.88712,8.22523,0.680285,106,53,2,0,19.3208,0.795591,8.66038,0.564463,
16014,0,0,12,6,17,6,10,120,50,10,.7,.95,.2,.9,.3,1400,.25,100,60,2,4,1920,1280,1152,1,0,566,44550129,8,115,58,1.98276,0.13017,17.6552,1.75727,7.90435,0.697498,111,56,1.98214,0.132432,18.2857,1.88712,8.22523,0.680285,106,53,2,0,19.3208,0.795591,8.66038,0.564463,
105043,0,0,6,6,91,8,2,120,40,15,.7,.55,.2,.6,1.0,1000,.90,30,60,1,2,1792,2048,1024,1,0,952,44550129,8,115,58,1.98276,0.13017,17.6552,1.75727,7.90435,0.697498,111,56,1.98214,0.132432,18.2857,1.88712,8.22523,0.680285,106,53,2,0,19.3208,0.795591,8.66038,0.564463,
196833,0,0,12,6,92,2,2,150,100,15,1.0,.70,.2,.5,.4,1800,1.00,60,50,2,3,1408,1152,1280,3,0,969,259947887,16,154,77,2,0,13.2987,0.898266,5.64935,0.725531,155,78,1.98718,0.1125,13.1282,1.43544,5.60645,0.82303,155,78,1.98718,0.1125,13.1154,1.26065,5.6,0.791894,
1605230,0,0,1,6,23,8,12,100,10,15,.7,.55,.3,.7,.9,1300,.65,100,40,2,1,1536,1024,2048,2,0,795,259947887,16,154,77,2,0,13.2987,0.898266,5.64935,0.725531,155,78,1.98718,0.1125,13.1282,1.43544,5.60645,0.82303,155,78,1.98718,0.1125,13.1154,1.26065,5.6,0.791894,
29875,0,0,12,6,3,12,12,150,40,15,1.0,.85,.2,.5,.4,1700,.35,70,50,3,3,1664,1152,1280,1,0,850,44550129,8,115,58,1.98276,0.13017,17.6552,1.75727,7.90435,0.697498,111,56,1.98214,0.132432,18.2857,1.88712,8.22523,0.680285,106,53,2,0,19.3208,0.795591,8.66038,0.564463,
209400,0,0,1,6,31,4,2,130,90,15,.9,.60,.2,.9,.6,1100,1.00,100,50,1,1,1280,1536,1664,1,0,768,259947887,16,154,77,2,0,13.2987,0.898266,5.64935,0.725531,155,78,1.98718,0.1125,13.1282,1.43544,5.60645,0.82303,155,78,1.98718,0.1125,13.1154,1.26065,5.6,0.791894,
617917,0,0,3,6,29,10,8,130,70,10,.5,.55,.3,.7,0,1600,.10,70,50,4,1,1792,1280,1536,1,0,330,259947887,16,154,77,2,0,13.2987,0.898266,5.64935,0.725531,155,78,1.98718,0.1125,13.1282,1.43544,5.60645,0.82303,155,78,1.98718,0.1125,13.1154,1.26065,5.6,0.791894,
96062,0,0,12,6,70,8,4,150,70,5,.9,1.00,.4,.8,.8,1900,1.00,80,40,4,1,1024,1280,1920,1,0,896,259947887,16,154,77,2,0,13.2987,0.898266,5.64935,0.725531,155,78,1.98718,0.1125,13.1282,1.43544,5.60645,0.82303,155,78,1.98718,0.1125,13.1154,1.26065,5.6,0.791894,
64703,0,0,3,6,41,6,4,120,80,20,.6,1.00,.2,.6,.2,600,.30,100,40,3,1,1920,1536,1024,2,0,570,44550129,8,115,58,1.98276,0.13017,17.6552,1.75727,7.90435,0.697498,111,56,1.98214,0.132432,18.2857,1.88712,8.22523,0.680285,106,53,2,0,19.3208,0.795591,8.66038,0.564463,
1331484,0,0,1,6,88,12,8,140,20,5,1.0,.70,.2,.8,.9,1900,.50,80,40,3,2,1664,1792,1664,2,0,937,259947887,16,154,77,2,0,13.2987,0.898266,5.64935,0.725531,155,78,1.98718,0.1125,13.1282,1.43544,5.60645,0.82303,155,78,1.98718,0.1125,13.1154,1.26065,5.6,0.791894,
102434,0,0,3,6,68,10,10,100,70,10,.8,.65,.5,.5,.5,1100,0,80,50,3,2,1664,1152,1408,1,0,773,44550129,8,115,58,1.98276,0.13017,17.6552,1.75727,7.90435,0.697498,111,56,1.98214,0.132432,18.2857,1.88712,8.22523,0.680285,106,53,2,0,19.3208,0.795591,8.66038,0.564463,
82334,0,0,1,6,26,4,8,100,70,20,.6,.60,.2,.7,.3,1400,.50,20,50,2,2,1664,1920,1920,4,0,585,44550129,8,115,58,1.98276,0.13017,17.6552,1.75727,7.90435,0.697498,111,56,1.98214,0.132432,18.2857,1.88712,8.22523,0.680285,106,53,2,0,19.3208,0.795591,8.66038,0.564463,
117693,0,0,6,6,98,12,10,110,50,5,.8,.75,.3,.6,.5,1400,.35,70,50,4,2,2048,1280,1408,1,0,953,44550129,8,115,58,1.98276,0.13017,17.6552,1.75727,7.90435,0.697498,111,56,1.98214,0.132432,18.2857,1.88712,8.22523,0.680285,106,53,2,0,19.3208,0.795591,8.66038,0.564463,
105344,0,0,12,6,121,6,2,120,60,15,.8,.95,.4,.8,1.0,800,.50,60,60,3,1,1280,2048,1280,1,0,858,44550129,8,115,58,1.98276,0.13017,17.6552,1.75727,7.90435,0.697498,111,56,1.98214,0.132432,18.2857,1.88712,8.22523,0.680285,106,53,2,0,19.3208,0.795591,8.66038,0.564463,
78098,0,0,6,6,63,10,2,150,40,10,.9,.60,.3,.7,1.0,1800,.40,20,50,3,4,1792,1408,2048,1,0,790,44550129,8,115,58,1.98276,0.13017,17.6552,1.75727,7.90435,0.697498,111,56,1.98214,0.132432,18.2857,1.88712,8.22523,0.680285,106,53,2,0,19.3208,0.795591,8.66038,0.564463,
189329,0,0,1,6,23,6,4,120,80,15,.9,1.00,.3,.6,.2,2000,0,20,40,4,4,1024,1536,2048,2,0,710,259947887,16,154,77,2,0,13.2987,0.898266,5.64935,0.725531,155,78,1.98718,0.1125,13.1282,1.43544,5.60645,0.82303,155,78,1.98718,0.1125,13.1154,1.26065,5.6,0.791894,
147616,0,0,3,6,97,4,12,100,40,15,1.0,.95,.4,.8,.4,1200,.85,90,60,2,1,1408,2048,1920,1,0,452,259947887,16,154,77,2,0,13.2987,0.898266,5.64935,0.725531,155,78,1.98718,0.1125,13.1282,1.43544,5.60645,0.82303,155,78,1.98718,0.1125,13.1154,1.26065,5.6,0.791894,
434864,0,0,3,6,86,6,6,150,90,15,.6,.90,.4,.7,0,1200,.65,70,60,2,1,1792,1664,1536,1,0,369,259947887,16,154,77,2,0,13.2987,0.898266,5.64935,0.725531,155,78,1.98718,0.1125,13.1282,1.43544,5.60645,0.82303,155,78,1.98718,0.1125,13.1154,1.26065,5.6,0.791894,
236776,0,0,6,6,62,8,4,130,60,15,.8,.65,.5,.6,.8,1400,.20,10,60,3,3,1408,1664,1792,4,0,731,259947887,16,154,77,2,0,13.2987,0.898266,5.64935,0.725531,155,78,1.98718,0.1125,13.1282,1.43544,5.60645,0.82303,155,78,1.98718,0.1125,13.1154,1.26065,5.6,0.791894,
190646,0,0,3,6,120,10,4,140,60,5,.6,.50,.3,.8,.3,1400,.60,80,60,4,3,1664,2048,1536,4,0,853,259947887,16,154,77,2,0,13.2987,0.898266,5.64935,0.725531,155,78,1.98718,0.1125,13.1282,1.43544,5.60645,0.82303,155,78,1.98718,0.1125,13.1154,1.26065,5.6,0.791894,
132037,0,0,6,6,102,6,6,130,90,10,.6,.70,.5,.8,.9,500,.75,70,60,2,3,1664,2048,2048,4,0,559,259947887,16,154,77,2,0,13.2987,0.898266,5.64935,0.725531,155,78,1.98718,0.1125,13.1282,1.43544,5.60645,0.82303,155,78,1.98718,0.1125,13.1154,1.26065,5.6,0.791894,
109704,0,0,3,6,51,2,10,130,80,20,.6,.90,.4,.7,.4,1300,.50,30,50,4,4,1792,1408,1920,3,0,567,259947887,16,154,77,2,0,13.2987,0.898266,5.64935,0.725531,155,78,1.98718,0.1125,13.1282,1.43544,5.60645,0.82303,155,78,1.98718,0.1125,13.1154,1.26065,5.6,0.791894,
67943,0,0,12,6,26,4,12,100,100,20,.5,.95,.3,.9,.7,1000,.25,20,50,3,4,1152,2048,1792,1,0,588,259947887,16,154,77,2,0,13.2987,0.898266,5.64935,0.725531,155,78,1.98718,0.1125,13.1282,1.43544,5.60645,0.82303,155,78,1.98718,0.1125,13.1154,1.26065,5.6,0.791894,
76405,0,0,3,6,50,2,12,110,40,5,.6,.55,.5,.7,0,1200,.70,70,40,1,1,1920,1152,1664,4,0,601,44550129,8,115,58,1.98276,0.13017,17.6552,1.75727,7.90435,0.697498,111,56,1.98214,0.132432,18.2857,1.88712,8.22523,0.680285,106,53,2,0,19.3208,0.795591,8.66038,0.564463,
149474,0,0,6,6,116,2,12,130,10,5,1.0,.75,.4,.5,.5,1900,.25,100,50,4,1,1920,2048,1152,4,0,947,259947887,16,154,77,2,0,13.2987,0.898266,5.64935,0.725531,155,78,1.98718,0.1125,13.1282,1.43544,5.60645,0.82303,155,78,1.98718,0.1125,13.1154,1.26065,5.6,0.791894,
299139,0,0,6,6,106,2,2,100,40,10,1.0,1.00,.3,.5,0,700,.05,20,40,2,4,2048,1152,2048,1,0,960,259947887,16,154,77,2,0,13.2987,0.898266,5.64935,0.725531,155,78,1.98718,0.1125,13.1282,1.43544,5.60645,0.82303,155,78,1.98718,0.1125,13.1154,1.26065,5.6,0.791894,
1314389,0,0,1,6,118,8,6,120,80,15,.7,.65,.4,.6,0,900,.75,70,50,2,1,1280,1024,1536,4,0,778,259947887,16,154,77,2,0,13.2987,0.898266,5.64935,0.725531,155,78,1.98718,0.1125,13.1282,1.43544,5.60645,0.82303,155,78,1.98718,0.1125,13.1154,1.26065,5.6,0.791894,
55196,0,0,12,6,25,12,4,100,10,20,1.0,.50,.3,.5,.5,700,.80,60,40,1,1,1152,1664,1280,3,0,769,259947887,16,154,77,2,0,13.2987,0.898266,5.64935,0.725531,155,78,1.98718,0.1125,13.1282,1.43544,5.60645,0.82303,155,78,1.98718,0.1125,13.1154,1.26065,5.6,0.791894,
92367,0,0,6,6,77,4,4,140,70,5,.5,.95,.4,.6,.9,1300,.10,40,40,3,3,2048,1536,1280,2,0,786,44550129,8,115,58,1.98276,0.13017,17.6552,1.75727,7.90435,0.697498,111,56,1.98214,0.132432,18.2857,1.88712,8.22523,0.680285,106,53,2,0,19.3208,0.795591,8.66038,0.564463,
115734,0,0,6,6,103,2,12,110,90,10,.8,.65,.3,.5,1.0,700,.80,30,60,4,4,1920,1024,1792,1,0,508,44550129,8,115,58,1.98276,0.13017,17.6552,1.75727,7.90435,0.697498,111,56,1.98214,0.132432,18.2857,1.88712,8.22523,0.680285,106,53,2,0,19.3208,0.795591,8.66038,0.564463,
250869,0,0,6,6,30,8,2,120,80,20,.9,.55,.3,.6,.7,1200,1.00,40,50,4,2,1664,1024,1920,1,0,460,259947887,16,154,77,2,0,13.2987,0.898266,5.64935,0.725531,155,78,1.98718,0.1125,13.1282,1.43544,5.60645,0.82303,155,78,1.98718,0.1125,13.1154,1.26065,5.6,0.791894,
153421,0,0,6,6,123,8,8,110,40,10,.8,.55,.5,.5,1.0,1000,.35,10,60,3,3,1152,1920,1024,3,0,498,259947887,16,154,77,2,0,13.2987,0.898266,5.64935,0.725531,155,78,1.98718,0.1125,13.1282,1.43544,5.60645,0.82303,155,78,1.98718,0.1125,13.1154,1.26065,5.6,0.791894,
108935,0,0,3,6,57,8,12,130,80,15,1.0,.65,.5,.8,.2,1800,1.00,80,40,2,2,1664,2048,1408,2,0,235,259947887,16,154,77,2,0,13.2987,0.898266,5.64935,0.725531,155,78,1.98718,0.1125,13.1282,1.43544,5.60645,0.82303,155,78,1.98718,0.1125,13.1154,1.26065,5.6,0.791894,
386043,0,0,3,6,120,4,4,120,80,20,1.0,.60,.2,.5,.7,900,.50,10,50,3,2,1408,1024,1152,3,0,440,259947887,16,154,77,2,0,13.2987,0.898266,5.64935,0.725531,155,78,1.98718,0.1125,13.1282,1.43544,5.60645,0.82303,155,78,1.98718,0.1125,13.1154,1.26065,5.6,0.791894,
20465,0,0,12,6,11,12,8,130,50,20,.7,.80,.3,.9,.2,800,.95,90,40,3,3,1536,1920,1792,2,0,646,44550129,8,115,58,1.98276,0.13017,17.6552,1.75727,7.90435,0.697498,111,56,1.98214,0.132432,18.2857,1.88712,8.22523,0.680285,106,53,2,0,19.3208,0.795591,8.66038,0.564463,
157870,0,0,3,6,100,8,12,140,60,5,.6,.55,.2,.6,.8,1500,.70,60,40,1,2,1280,1664,1920,3,0,675,259947887,16,154,77,2,0,13.2987,0.898266,5.64935,0.725531,155,78,1.98718,0.1125,13.1282,1.43544,5.60645,0.82303,155,78,1.98718,0.1125,13.1154,1.26065,5.6,0.791894,
66761,0,0,3,6,42,2,4,130,90,20,.5,.85,.3,.8,.4,800,.05,90,60,4,2,1280,1792,1152,3,0,601,44550129,8,115,58,1.98276,0.13017,17.6552,1.75727,7.90435,0.697498,111,56,1.98214,0.132432,18.2857,1.88712,8.22523,0.680285,106,53,2,0,19.3208,0.795591,8.66038,0.564463,
182031,0,0,12,6,98,12,10,100,20,5,.5,.80,.2,.8,.8,700,.70,10,50,3,4,2048,1792,1536,3,0,919,259947887,16,154,77,2,0,13.2987,0.898266,5.64935,0.725531,155,78,1.98718,0.1125,13.1282,1.43544,5.60645,0.82303,155,78,1.98718,0.1125,13.1154,1.26065,5.6,0.791894,
1381761,0,0,1,6,92,2,4,120,40,20,.9,.90,.2,.7,.9,1600,.65,80,40,1,4,1792,1024,1280,2,0,730,259947887,16,154,77,2,0,13.2987,0.898266,5.64935,0.725531,155,78,1.98718,0.1125,13.1282,1.43544,5.60645,0.82303,155,78,1.98718,0.1125,13.1154,1.26065,5.6,0.791894,
134408,0,0,6,6,107,6,12,130,70,15,.9,.60,.4,.6,.7,1300,.50,30,40,1,3,1792,1408,1536,4,0,855,259947887,16,154,77,2,0,13.2987,0.898266,5.64935,0.725531,155,78,1.98718,0.1125,13.1282,1.43544,5.60645,0.82303,155,78,1.98718,0.1125,13.1154,1.26065,5.6,0.791894,
201160,0,0,12,6,121,2,10,100,10,10,.8,.70,.2,.9,.2,900,.95,30,50,3,1,1408,2048,2048,4,0,617,259947887,16,154,77,2,0,13.2987,0.898266,5.64935,0.725531,155,78,1.98718,0.1125,13.1282,1.43544,5.60645,0.82303,155,78,1.98718,0.1125,13.1154,1.26065,5.6,0.791894,
365600,0,0,3,6,121,10,8,140,70,15,1.0,.55,.3,.6,.8,1200,.85,10,40,2,3,1152,1280,2048,4,0,940,259947887,16,154,77,2,0,13.2987,0.898266,5.64935,0.725531,155,78,1.98718,0.1125,13.1282,1.43544,5.60645,0.82303,155,78,1.98718,0.1125,13.1154,1.26065,5.6,0.791894,
145876,0,0,6,6,122,8,12,120,30,15,1.0,.95,.4,.5,.4,1600,.25,20,60,1,1,1280,1024,1664,3,0,515,44550129,8,115,58,1.98276,0.13017,17.6552,1.75727,7.90435,0.697498,111,56,1.98214,0.132432,18.2857,1.88712,8.22523,0.680285,106,53,2,0,19.3208,0.795591,8.66038,0.564463,
1595784,0,0,3,6,2,4,4,140,80,20,.8,.90,.3,.8,.9,800,.20,20,50,3,3,1280,2048,1792,4,0,500,259947887,16,154,77,2,0,13.2987,0.898266,5.64935,0.725531,155,78,1.98718,0.1125,13.1282,1.43544,5.60645,0.82303,155,78,1.98718,0.1125,13.1154,1.26065,5.6,0.791894,
1145302,0,0,1,6,94,8,8,100,100,20,.7,.65,.3,.6,.3,1400,.40,10,40,4,3,1024,2048,1792,2,0,826,259947887,16,154,77,2,0,13.2987,0.898266,5.64935,0.725531,155,78,1.98718,0.1125,13.1282,1.43544,5.60645,0.82303,155,78,1.98718,0.1125,13.1154,1.26065,5.6,0.791894,
162650,0,0,12,6,89,4,4,110,10,20,.6,.60,.2,.7,.7,1800,.15,100,50,1,3,1280,1024,1280,1,0,599,259947887,16,154,77,2,0,13.2987,0.898266,5.64935,0.725531,155,78,1.98718,0.1125,13.1282,1.43544,5.60645,0.82303,155,78,1.98718,0.1125,13.1154,1.26065,5.6,0.791894,
103527,0,0,12,6,114,4,4,120,20,10,.5,1.00,.4,.6,.4,500,.60,90,50,2,4,2048,1152,1024,2,0,486,259947887,16,154,77,2,0,13.2987,0.898266,5.64935,0.725531,155,78,1.98718,0.1125,13.1282,1.43544,5.60645,0.82303,155,78,1.98718,0.1125,13.1154,1.26065,5.6,0.791894,
85139,0,0,6,6,71,2,8,150,60,15,.9,.60,.5,.5,.7,1900,.65,60,50,3,1,1792,1920,1792,1,0,529,44550129,8,115,58,1.98276,0.13017,17.6552,1.75727,7.90435,0.697498,111,56,1.98214,0.132432,18.2857,1.88712,8.22523,0.680285,106,53,2,0,19.3208,0.795591,8.66038,0.564463,
105643,0,0,12,6,112,4,4,140,90,15,1.0,.70,.3,.8,.9,1500,1.00,80,60,2,2,1152,1664,1536,2,0,1007,259947887,16,154,77,2,0,13.2987,0.898266,5.64935,0.725531,155,78,1.98718,0.1125,13.1282,1.43544,5.60645,0.82303,155,78,1.98718,0.1125,13.1154,1.26065,5.6,0.791894,
167176,0,0,12,6,53,2,6,140,40,5,.9,.85,.3,.9,.6,1000,.20,100,50,2,1,2048,1152,1280,1,0,844,259947887,16,154,77,2,0,13.2987,0.898266,5.64935,0.725531,155,78,1.98718,0.1125,13.1282,1.43544,5.60645,0.82303,155,78,1.98718,0.1125,13.1154,1.26065,5.6,0.791894,
64855,0,0,1,6,18,6,2,100,20,20,.8,.50,.4,.9,.8,700,.15,50,60,3,1,1920,1408,1280,4,0,947,44550129,8,115,58,1.98276,0.13017,17.6552,1.75727,7.90435,0.697498,111,56,1.98214,0.132432,18.2857,1.88712,8.22523,0.680285,106,53,2,0,19.3208,0.795591,8.66038,0.564463,
19106,0,0,12,6,35,6,8,100,90,5,.5,1.00,.5,.9,.7,1200,0,50,40,4,1,1152,2048,1280,3,0,982,44550129,8,115,58,1.98276,0.13017,17.6552,1.75727,7.90435,0.697498,111,56,1.98214,0.132432,18.2857,1.88712,8.22523,0.680285,106,53,2,0,19.3208,0.795591,8.66038,0.564463,
38741,0,0,3,6,21,2,6,110,80,15,.6,.80,.3,.8,.4,900,.15,70,60,1,4,1920,1792,1152,3,0,664,44550129,8,115,58,1.98276,0.13017,17.6552,1.75727,7.90435,0.697498,111,56,1.98214,0.132432,18.2857,1.88712,8.22523,0.680285,106,53,2,0,19.3208,0.795591,8.66038,0.564463,
68517,0,0,12,6,50,2,8,130,50,20,.9,.65,.2,.7,.4,1000,.45,100,40,2,4,1920,1920,1280,4,0,844,259947887,16,154,77,2,0,13.2987,0.898266,5.64935,0.725531,155,78,1.98718,0.1125,13.1282,1.43544,5.60645,0.82303,155,78,1.98718,0.1125,13.1154,1.26065,5.6,0.791894,
68802,0,0,12,6,20,12,8,120,100,10,1.0,.55,.4,.9,.6,1500,.80,70,60,3,2,1152,2048,1152,3,0,477,259947887,16,154,77,2,0,13.2987,0.898266,5.64935,0.725531,155,78,1.98718,0.1125,13.1282,1.43544,5.60645,0.82303,155,78,1.98718,0.1125,13.1154,1.26065,5.6,0.791894,
243567,0,0,6,6,86,4,8,100,50,10,.5,.70,.3,.7,.9,2000,.50,40,60,4,4,1792,1280,1024,3,0,368,259947887,16,154,77,2,0,13.2987,0.898266,5.64935,0.725531,155,78,1.98718,0.1125,13.1282,1.43544,5.60645,0.82303,155,78,1.98718,0.1125,13.1154,1.26065,5.6,0.791894,
108089,0,0,6,6,87,4,4,150,40,5,.5,.70,.2,.5,.9,700,.65,60,40,3,4,1024,1024,1280,2,0,907,259947887,16,154,77,2,0,13.2987,0.898266,5.64935,0.725531,155,78,1.98718,0.1125,13.1282,1.43544,5.60645,0.82303,155,78,1.98718,0.1125,13.1154,1.26065,5.6,0.791894,
1556975,0,0,1,6,12,8,12,130,20,15,.8,1.00,.2,.9,.8,1200,.80,90,50,2,2,1152,1280,1792,2,0,246,259947887,16,154,77,2,0,13.2987,0.898266,5.64935,0.725531,155,78,1.98718,0.1125,13.1282,1.43544,5.60645,0.82303,155,78,1.98718,0.1125,13.1154,1.26065,5.6,0.791894,
