68501,0,0,3,6,4,2,18,250,180,65,.7,.60,.2,.9,.1,1000,.85,20,50,4,2,1024,1792,2048,2,129088512,720,3284923183,8,93,1,93,0,1004,0,9.7957,3.24802,97,1,97,0,1017,0,9.48454,2.95015,93,1,93,0,1000,0,9.88043,3.2699,
657300,0,0,3,6,11,8,22,130,270,60,.7,.70,.5,.5,.8,1300,.15,70,60,3,1,1920,1536,1920,3,94812160,554,32849172587,8,96,1,96,0,1018,0,9.60417,3.51923,90,1,90,0,1017,0,10.3,3.20919,89,1,89,0,1004,0,10.2809,3.38864,
55493,0,0,6,6,13,6,16,170,190,30,.7,.75,.3,.9,.7,1000,.95,20,50,2,3,1664,1024,1280,1,114453504,214,3284923183,8,93,1,93,0,1004,0,9.7957,3.24802,97,1,97,0,1017,0,9.48454,2.95015,93,1,93,0,1000,0,9.88043,3.2699,
268480,0,0,12,6,11,8,8,170,280,95,.9,.75,.3,.8,.8,1400,.65,70,40,2,4,1664,1280,2048,3,88914944,808,32849172587,8,96,1,96,0,1018,0,9.60417,3.51923,90,1,90,0,1017,0,10.3,3.20919,89,1,89,0,1004,0,10.2809,3.38864,
18530,0,0,12,6,9,24,6,240,10,85,.8,.55,.3,.9,.4,1700,.15,30,50,1,2,1664,1536,1280,1,83701760,546,328499696,8,94,1,94,0,1022,0,9.87234,3.13943,96,1,96,0,1017,0,9.59375,3.26464,94,1,94,0,1018,0,9.82979,3.11359,
300934,0,0,6,6,6,8,24,170,170,70,.8,.50,.3,.5,.8,1600,.80,100,40,1,1,1280,1792,1664,4,117522432,487,32849172587,8,96,1,96,0,1018,0,9.60417,3.51923,90,1,90,0,1017,0,10.3,3.20919,89,1,89,0,1004,0,10.2809,3.38864,
556095,0,0,3,6,10,18,2,240,140,70,.8,.55,.3,.6,.9,1300,.20,10,40,4,4,1408,1408,1280,4,43364352,420,32849172587,8,96,1,96,0,1018,0,9.60417,3.51923,90,1,90,0,1017,0,10.3,3.20919,89,1,89,0,1004,0,10.2809,3.38864,
467439,0,0,1,6,13,12,10,190,260,40,1.0,.75,.3,.6,.7,1500,.20,40,60,3,2,1280,1664,1024,1,75227136,219,10265360706,8,95,1,95,0,1002,0,9.54737,3.76345,93,1,93,0,1004,0,9.7957,3.13687,95,1,95,0,1004,0,9.58947,3.06592,
94072,0,0,12,6,12,2,24,230,180,5,.7,.85,.2,.7,.8,1200,.50,10,50,4,4,1536,1664,1536,2,69623808,335,10265360706,8,95,1,95,0,1002,0,9.54737,3.76345,93,1,93,0,1004,0,9.7957,3.13687,95,1,95,0,1004,0,9.58947,3.06592,
194674,0,0,3,6,8,4,22,230,80,75,1.0,1.00,.3,.5,.8,900,.45,10,60,3,4,1664,1280,1792,1,11774976,804,10265360706,8,95,1,95,0,1002,0,9.54737,3.76345,93,1,93,0,1004,0,9.7957,3.13687,95,1,95,0,1004,0,9.58947,3.06592,
100221,0,0,12,6,8,6,24,230,90,30,.7,.65,.4,.5,.7,1700,.50,50,40,3,1,1024,1024,1024,1,9847808,332,10265360706,8,95,1,95,0,1002,0,9.54737,3.76345,93,1,93,0,1004,0,9.7957,3.13687,95,1,95,0,1004,0,9.58947,3.06592,
25504,0,0,3,6,4,2,10,170,90,80,1.0,.70,.5,.5,.5,600,.80,70,60,1,1,1920,1536,1664,3,51983360,387,328499696,8,94,1,94,0,1022,0,9.87234,3.13943,96,1,96,0,1017,0,9.59375,3.26464,94,1,94,0,1018,0,9.82979,3.11359,
33230,0,0,1,6,2,18,6,120,170,15,.8,.70,.2,.7,.8,600,.80,100,50,1,4,1664,1152,1920,2,119672832,775,328499696,8,94,1,94,0,1022,0,9.87234,3.13943,96,1,96,0,1017,0,9.59375,3.26464,94,1,94,0,1018,0,9.82979,3.11359,
260280,0,0,12,6,4,16,18,130,70,70,.7,.65,.5,.7,.2,1400,.50,20,60,1,2,1408,1920,1152,2,119517184,314,32849172587,8,96,1,96,0,1018,0,9.60417,3.51923,90,1,90,0,1017,0,10.3,3.20919,89,1,89,0,1004,0,10.2809,3.38864,
116751,0,0,6,6,7,18,22,220,10,35,.5,.90,.2,.9,.5,2000,0,100,40,3,3,1920,1664,1152,3,24958976,220,10265360706,8,95,1,95,0,1002,0,9.54737,3.76345,93,1,93,0,1004,0,9.7957,3.13687,95,1,95,0,1004,0,9.58947,3.06592,
282319,0,0,6,6,1,14,16,120,190,90,1.0,.55,.4,.7,.3,1400,.80,50,60,2,2,1280,2048,1408,4,109634560,886,32849172587,8,96,1,96,0,1018,0,9.60417,3.51923,90,1,90,0,1017,0,10.3,3.20919,89,1,89,0,1004,0,10.2809,3.38864,
48717,0,0,6,6,9,20,18,170,170,70,.5,.65,.2,.6,.4,1700,.05,60,40,4,4,1280,1408,1408,4,57325568,630,3284923183,8,93,1,93,0,1004,0,9.7957,3.24802,97,1,97,0,1017,0,9.48454,2.95015,93,1,93,0,1000,0,9.88043,3.2699,
34366,0,0,12,6,2,8,4,180,170,40,.5,.80,.4,.6,.7,1200,.15,80,60,2,4,1664,2048,1920,3,106403840,650,3284923183,8,93,1,93,0,1004,0,9.7957,3.24802,97,1,97,0,1017,0,9.48454,2.95015,93,1,93,0,1000,0,9.88043,3.2699,
151404,0,0,3,6,2,2,18,140,140,65,.5,.60,.5,.7,.4,1800,.20,100,60,2,3,1280,1536,1792,1,43897856,269,10265360706,8,95,1,95,0,1002,0,9.54737,3.76345,93,1,93,0,1004,0,9.7957,3.13687,95,1,95,0,1004,0,9.58947,3.06592,
75667,0,0,3,6,16,10,6,140,110,70,.8,.70,.4,.5,.7,700,.30,60,40,2,4,1920,1792,1792,2,30472192,952,3284923183,8,93,1,93,0,1004,0,9.7957,3.24802,97,1,97,0,1017,0,9.48454,2.95015,93,1,93,0,1000,0,9.88043,3.2699,
165038,0,0,3,6,11,16,20,240,100,55,.6,.50,.2,.6,.3,1500,.65,40,60,2,4,1408,1536,1920,2,59426816,736,10265360706,8,95,1,95,0,1002,0,9.54737,3.76345,93,1,93,0,1004,0,9.7957,3.13687,95,1,95,0,1004,0,9.58947,3.06592,
264226,0,0,12,6,11,22,24,160,110,75,.8,.60,.5,.6,0,1300,.75,30,60,4,1,1664,1920,1792,3,102257664,988,32849172587,8,96,1,96,0,1018,0,9.60417,3.51923,90,1,90,0,1017,0,10.3,3.20919,89,1,89,0,1004,0,10.2809,3.38864,
1899132,0,0,1,6,12,22,12,250,260,25,.5,1.00,.3,.9,.4,1300,0,100,40,3,4,1792,2048,2048,1,131895296,898,32849172587,8,96,1,96,0,1018,0,9.60417,3.51923,90,1,90,0,1017,0,10.3,3.20919,89,1,89,0,1004,0,10.2809,3.38864,
120171,0,0,6,6,12,24,6,160,190,90,.8,.70,.3,.6,.1,1200,.30,100,40,1,1,1920,1792,1536,3,50713600,478,10265360706,8,95,1,95,0,1002,0,9.54737,3.76345,93,1,93,0,1004,0,9.7957,3.13687,95,1,95,0,1004,0,9.58947,3.06592,
257592,0,0,12,6,3,24,14,160,130,70,.7,.70,.3,.5,.6,1200,.20,70,40,3,2,1024,1536,2048,1,100501504,656,32849172587,8,96,1,96,0,1018,0,9.60417,3.51923,90,1,90,0,1017,0,10.3,3.20919,89,1,89,0,1004,0,10.2809,3.38864,
1446406,0,0,1,6,10,22,8,180,260,45,1.0,.95,.3,.9,1.0,1900,.80,40,60,4,3,1664,1664,1408,1,129135616,993,32849172587,8,96,1,96,0,1018,0,9.60417,3.51923,90,1,90,0,1017,0,10.3,3.20919,89,1,89,0,1004,0,10.2809,3.38864,
1514642,0,0,1,6,16,4,24,220,230,40,.8,.50,.3,.6,.3,1100,.70,80,40,3,1,2048,1920,1792,1,9214976,545,32849172587,8,96,1,96,0,1018,0,9.60417,3.51923,90,1,90,0,1017,0,10.3,3.20919,89,1,89,0,1004,0,10.2809,3.38864,
99882,0,0,12,6,13,24,16,160,140,20,.6,.65,.2,.9,1.0,1600,.15,10,40,4,1,1152,1664,1536,1,15158272,617,10265360706,8,95,1,95,0,1002,0,9.54737,3.76345,93,1,93,0,1004,0,9.7957,3.13687,95,1,95,0,1004,0,9.58947,3.06592,
18632,0,0,12,6,10,10,14,120,10,10,.5,.90,.4,.6,.7,500,.95,80,60,2,4,1920,2048,1920,4,89516032,708,328499696,8,94,1,94,0,1022,0,9.87234,3.13943,96,1,96,0,1017,0,9.59375,3.26464,94,1,94,0,1018,0,9.82979,3.11359,
1360393,0,0,1,6,6,8,24,100,280,80,1.0,.85,.2,.8,.2,1300,0,60,50,3,3,1024,1664,1408,3,112200704,690,32849172587,8,96,1,96,0,1018,0,9.60417,3.51923,90,1,90,0,1017,0,10.3,3.20919,89,1,89,0,1004,0,10.2809,3.38864,
109833,0,0,6,6,1,20,8,230,210,20,.8,.60,.2,.8,.3,2000,.80,50,60,1,3,1920,2048,1152,1,41203712,982,10265360706,8,95,1,95,0,1002,0,9.54737,3.76345,93,1,93,0,1004,0,9.7957,3.13687,95,1,95,0,1004,0,9.58947,3.06592,
97228,0,0,12,6,13,4,12,190,170,65,.9,.50,.4,.6,.7,1100,.55,10,60,2,4,1280,1536,1024,3,36796416,470,10265360706,8,95,1,95,0,1002,0,9.54737,3.76345,93,1,93,0,1004,0,9.7957,3.13687,95,1,95,0,1004,0,9.58947,3.06592,
292178,0,0,6,6,5,4,20,120,90,80,1.0,.85,.4,.5,.2,700,.55,30,60,3,3,1408,1024,1280,1,3942400,490,32849172587,8,96,1,96,0,1018,0,9.60417,3.51923,90,1,90,0,1017,0,10.3,3.20919,89,1,89,0,1004,0,10.2809,3.38864,
19415,0,0,6,6,12,8,20,110,100,10,.5,.95,.2,.5,0,1600,1.00,60,60,4,3,1920,1664,1664,4,31603712,632,328499696,8,94,1,94,0,1022,0,9.87234,3.13943,96,1,96,0,1017,0,9.59375,3.26464,94,1,94,0,1018,0,9.82979,3.11359,
36486,0,0,12,6,11,22,10,160,230,95,.7,.65,.4,.9,.2,1600,.05,20,40,1,3,1536,1664,1024,1,105477120,687,3284923183,8,93,1,93,0,1004,0,9.7957,3.24802,97,1,97,0,1017,0,9.48454,2.95015,93,1,93,0,1000,0,9.88043,3.2699,
233948,0,0,1,6,6,12,6,210,30,85,.5,.60,.3,.6,.7,1600,.05,90,60,4,4,1664,1152,1664,1,40455168,454,3284923183,8,93,1,93,0,1004,0,9.7957,3.24802,97,1,97,0,1017,0,9.48454,2.95015,93,1,93,0,1000,0,9.88043,3.2699,
148759,0,0,3,6,14,14,18,170,120,30,.8,.75,.3,.8,0,1300,.85,90,40,2,1,1024,1408,1664,2,127440896,401,10265360706,8,95,1,95,0,1002,0,9.54737,3.76345,93,1,93,0,1004,0,9.7957,3.13687,95,1,95,0,1004,0,9.58947,3.06592,
236044,0,0,1,6,5,4,22,190,100,5,.6,.95,.4,.8,.3,500,0,10,50,3,3,1792,1408,1792,1,89871360,878,3284923183,8,93,1,93,0,1004,0,9.7957,3.24802,97,1,97,0,1017,0,9.48454,2.95015,93,1,93,0,1000,0,9.88043,3.2699,
464399,0,0,1,6,6,24,24,140,260,65,1.0,.70,.5,.5,.6,1800,.30,80,60,4,2,1280,1280,1152,3,90352640,943,10265360706,8,95,1,95,0,1002,0,9.54737,3.76345,93,1,93,0,1004,0,9.7957,3.13687,95,1,95,0,1004,0,9.58947,3.06592,
33931,0,0,12,6,15,16,20,180,50,60,.5,.75,.5,.6,.9,700,0,100,50,1,4,1664,1792,2048,4,50324480,657,3284923183,8,93,1,93,0,1004,0,9.7957,3.24802,97,1,97,0,1017,0,9.48454,2.95015,93,1,93,0,1000,0,9.88043,3.2699,
39106,0,0,12,6,12,14,18,240,200,55,.7,.65,.3,.6,0,900,.20,10,50,3,2,1920,1920,1280,4,40230912,940,3284923183,8,93,1,93,0,1004,0,9.7957,3.24802,97,1,97,0,1017,0,9.48454,2.95015,93,1,93,0,1000,0,9.88043,3.2699,
1329637,0,0,1,6,4,20,2,120,30,40,.9,.65,.3,.6,.7,800,.65,20,40,1,3,1152,1024,1024,3,123204608,535,32849172587,8,96,1,96,0,1018,0,9.60417,3.51923,90,1,90,0,1017,0,10.3,3.20919,89,1,89,0,1004,0,10.2809,3.38864,
34588,0,0,12,6,4,4,12,150,190,40,.7,.60,.4,.8,.9,600,.45,90,40,4,4,2048,1152,1920,1,61279232,427,3284923183,8,93,1,93,0,1004,0,9.7957,3.24802,97,1,97,0,1017,0,9.48454,2.95015,93,1,93,0,1000,0,9.88043,3.2699,
321700,0,0,6,6,13,22,10,180,180,60,1.0,.85,.2,.9,.4,1600,0,100,40,2,2,1408,1408,1408,4,85896192,696,32849172587,8,96,1,96,0,1018,0,9.60417,3.51923,90,1,90,0,1017,0,10.3,3.20919,89,1,89,0,1004,0,10.2809,3.38864,
74371,0,0,3,6,5,4,2,150,160,85,.9,.95,.4,.7,.2,1000,1.00,40,40,2,4,1152,1664,1920,1,119981056,344,3284923183,8,93,1,93,0,1004,0,9.7957,3.24802,97,1,97,0,1017,0,9.48454,2.95015,93,1,93,0,1000,0,9.88043,3.2699,
22723,0,0,3,6,10,22,22,100,90,55,1.0,.95,.2,.6,.2,1200,.05,70,40,1,1,1792,1152,1664,4,71552000,856,328499696,8,94,1,94,0,1022,0,9.87234,3.13943,96,1,96,0,1017,0,9.59375,3.26464,94,1,94,0,1018,0,9.82979,3.11359,
1156660,0,0,1,6,14,16,12,190,280,25,.8,.80,.4,.9,.6,800,.90,60,50,2,1,1152,2048,1536,2,106854400,781,32849172587,8,96,1,96,0,1018,0,9.60417,3.51923,90,1,90,0,1017,0,10.3,3.20919,89,1,89,0,1004,0,10.2809,3.38864,
380917,0,0,1,6,10,22,18,170,80,80,.9,.80,.4,.9,.2,1700,.45,90,50,3,2,1024,1664,2048,3,113128448,561,10265360706,8,95,1,95,0,1002,0,9.54737,3.76345,93,1,93,0,1004,0,9.7957,3.13687,95,1,95,0,1004,0,9.58947,3.06592,
265782,0,0,12,6,15,22,12,160,280,85,1.0,.50,.3,.7,.5,1700,.50,30,40,1,2,1792,2048,1152,4,69831680,428,32849172587,8,96,1,96,0,1018,0,9.60417,3.51923,90,1,90,0,1017,0,10.3,3.20919,89,1,89,0,1004,0,10.2809,3.38864,
65724,0,0,6,6,16,18,22,210,140,40,.5,.55,.4,.6,.2,1400,1.00,100,50,3,1,1024,1536,1920,4,105159680,517,3284923183,8,93,1,93,0,1004,0,9.7957,3.24802,97,1,97,0,1017,0,9.48454,2.95015,93,1,93,0,1000,0,9.88043,3.2699,
272285,0,0,12,6,9,24,14,150,120,40,.5,.60,.5,.8,.9,1900,.60,50,60,2,1,2048,1408,1408,1,41100288,581,32849172587,8,96,1,96,0,1018,0,9.60417,3.51923,90,1,90,0,1017,0,10.3,3.20919,89,1,89,0,1004,0,10.2809,3.38864,
177997,0,0,1,6,12,18,8,250,230,45,.9,.80,.2,.8,.5,1800,.75,50,50,3,3,1792,1024,1152,3,88566784,833,3284923183,8,93,1,93,0,1004,0,9.7957,3.24802,97,1,97,0,1017,0,9.48454,2.95015,93,1,93,0,1000,0,9.88043,3.2699,
35614,0,0,12,6,5,18,8,140,200,50,.7,.70,.3,.8,.9,800,.75,10,60,3,4,1920,1408,1536,1,62170112,728,3284923183,8,93,1,93,0,1004,0,9.7957,3.24802,97,1,97,0,1017,0,9.48454,2.95015,93,1,93,0,1000,0,9.88043,3.2699,
256534,0,0,12,6,12,4,8,110,260,85,1.0,.85,.3,.5,.5,1800,.40,100,60,1,4,1280,1920,1280,4,120556544,340,32849172587,8,96,1,96,0,1018,0,9.60417,3.51923,90,1,90,0,1017,0,10.3,3.20919,89,1,89,0,1004,0,10.2809,3.38864,
148915,0,0,3,6,9,12,12,100,20,40,1.0,.95,.2,.8,.4,2000,.70,10,60,2,1,1152,1280,1280,4,91497472,886,10265360706,8,95,1,95,0,1002,0,9.54737,3.76345,93,1,93,0,1004,0,9.7957,3.13687,95,1,95,0,1004,0,9.58947,3.06592,
739424,0,0,1,6,3,16,22,100,210,75,1.0,.55,.3,.9,0,1900,.10,60,40,3,2,1792,1408,1664,2,16903168,531,10265360706,8,95,1,95,0,1002,0,9.54737,3.76345,93,1,93,0,1004,0,9.7957,3.13687,95,1,95,0,1004,0,9.58947,3.06592,
70551,0,0,3,6,7,24,16,130,270,55,.5,.60,.5,.6,1.0,1600,1.00,30,50,1,4,1280,1024,1536,2,122894336,866,3284923183,8,93,1,93,0,1004,0,9.7957,3.24802,97,1,97,0,1017,0,9.48454,2.95015,93,1,93,0,1000,0,9.88043,3.2699,
480005,0,0,3,6,11,10,18,180,90,85,.9,.55,.3,.7,.2,1100,.50,60,60,1,2,1152,1536,1152,2,130007040,423,32849172587,8,96,1,96,0,1018,0,9.60417,3.51923,90,1,90,0,1017,0,10.3,3.20919,89,1,89,0,1004,0,10.2809,3.38864,
1334411,0,0,1,6,10,12,22,130,140,45,1.0,.90,.2,.7,.8,800,.55,60,50,3,3,1280,1280,1408,4,83686400,597,32849172587,8,96,1,96,0,1018,0,9.60417,3.51923,90,1,90,0,1017,0,10.3,3.20919,89,1,89,0,1004,0,10.2809,3.38864,
423961,0,0,1,6,10,12,4,130,250,70,1.0,1.00,.4,.7,.1,1900,.55,40,60,1,4,1152,1536,1408,4,36795392,621,10265360706,8,95,1,95,0,1002,0,9.54737,3.76345,93,1,93,0,1004,0,9.7957,3.13687,95,1,95,0,1004,0,9.58947,3.06592,
18503,0,0,12,6,8,2,24,240,10,55,.9,.80,.4,.5,.4,1700,.95,90,50,2,2,1664,1152,1152,2,21127168,786,328499696,8,94,1,94,0,1022,0,9.87234,3.13943,96,1,96,0,1017,0,9.59375,3.26464,94,1,94,0,1018,0,9.82979,3.11359,
164634,0,0,3,6,3,2,8,220,10,90,.9,.55,.3,.7,.7,1800,.70,60,60,1,4,1792,1280,1920,2,32376832,554,10265360706,8,95,1,95,0,1002,0,9.54737,3.76345,93,1,93,0,1004,0,9.7957,3.13687,95,1,95,0,1004,0,9.58947,3.06592,
49600,0,0,6,6,2,14,18,140,30,20,.8,.90,.2,.7,.3,900,.40,20,50,3,2,1280,1536,1792,1,22167552,233,3284923183,8,93,1,93,0,1004,0,9.7957,3.24802,97,1,97,0,1017,0,9.48454,2.95015,93,1,93,0,1000,0,9.88043,3.2699,
39224,0,0,1,6,15,10,22,130,220,95,1.0,.60,.4,.9,.6,900,.45,60,40,4,2,1152,1152,1792,1,83661824,865,328499696,8,94,1,94,0,1022,0,9.87234,3.13943,96,1,96,0,1017,0,9.59375,3.26464,94,1,94,0,1018,0,9.82979,3.11359,
479423,0,0,3,6,7,8,8,100,210,100,.9,.90,.5,.6,1.0,500,.25,100,50,3,1,1536,1408,1024,4,45865984,936,32849172587,8,96,1,96,0,1018,0,9.60417,3.51923,90,1,90,0,1017,0,10.3,3.20919,89,1,89,0,1004,0,10.2809,3.38864,
290885,0,0,6,6,12,10,4,100,280,70,.6,.65,.4,.9,.1,1300,.65,90,40,1,1,1280,1664,1280,2,34801664,849,32849172587,8,96,1,96,0,1018,0,9.60417,3.51923,90,1,90,0,1017,0,10.3,3.20919,89,1,89,0,1004,0,10.2809,3.38864,
754504,0,0,1,6,10,24,4,190,190,95,.6,.80,.4,.8,.7,1300,.05,70,40,1,4,2048,1408,1920,1,24354816,451,10265360706,8,95,1,95,0,1002,0,9.54737,3.76345,93,1,93,0,1004,0,9.7957,3.13687,95,1,95,0,1004,0,9.58947,3.06592,
268377,0,0,12,6,15,24,4,220,60,35,.6,.75,.3,.5,.5,1900,.50,10,50,2,3,1664,1664,1408,4,22710272,547,32849172587,8,96,1,96,0,1018,0,9.60417,3.51923,90,1,90,0,1017,0,10.3,3.20919,89,1,89,0,1004,0,10.2809,3.38864,
19444,0,0,6,6,1,24,22,180,280,40,.7,.70,.2,.8,.7,1100,.90,70,50,4,2,1920,1664,1536,3,22362112,835,328499696,8,94,1,94,0,1022,0,9.87234,3.13943,96,1,96,0,1017,0,9.59375,3.26464,94,1,94,0,1018,0,9.82979,3.11359,
208262,0,0,3,6,13,6,22,210,120,20,.5,.80,.4,.9,.1,700,.10,90,50,2,4,1664,1664,1280,4,4163584,311,10265360706,8,95,1,95,0,1002,0,9.54737,3.76345,93,1,93,0,1004,0,9.7957,3.13687,95,1,95,0,1004,0,9.58947,3.06592,
261464,0,0,12,6,2,12,18,170,40,40,1.0,.60,.2,.6,.4,1300,.10,80,60,3,3,1920,1152,1664,4,61034496,751,32849172587,8,96,1,96,0,1018,0,9.60417,3.51923,90,1,90,0,1017,0,10.3,3.20919,89,1,89,0,1004,0,10.2809,3.38864,
17403,0,0,6,6,1,18,16,190,150,30,.7,.80,.4,.6,.7,700,.35,60,40,1,2,1152,1792,1280,2,122255360,631,328499696,8,94,1,94,0,1022,0,9.87234,3.13943,96,1,96,0,1017,0,9.59375,3.26464,94,1,94,0,1018,0,9.82979,3.11359,
20245,0,0,6,6,7,10,6,160,280,90,.5,1.00,.3,.6,.7,500,1.00,100,60,3,3,2048,2048,1664,3,93297664,972,328499696,8,94,1,94,0,1022,0,9.87234,3.13943,96,1,96,0,1017,0,9.59375,3.26464,94,1,94,0,1018,0,9.82979,3.11359,
20444,0,0,6,6,12,2,10,170,210,85,.6,.65,.5,.9,1.0,2000,.40,60,50,3,4,2048,1024,1280,3,114004992,934,328499696,8,94,1,94,0,1022,0,9.87234,3.13943,96,1,96,0,1017,0,9.59375,3.26464,94,1,94,0,1018,0,9.82979,3.11359,
17329,0,0,6,6,2,18,16,220,150,60,.5,.80,.3,.5,.5,1300,.10,10,40,2,2,1152,1536,1280,2,117420032,246,328499696,8,94,1,94,0,1022,0,9.87234,3.13943,96,1,96,0,1017,0,9.59375,3.26464,94,1,94,0,1018,0,9.82979,3.11359,
65501,0,0,3,6,12,8,20,200,270,45,.9,.75,.2,.5,.8,800,.50,30,60,3,4,1408,1408,1536,1,1690624,570,3284923183,8,93,1,93,0,1004,0,9.7957,3.24802,97,1,97,0,1017,0,9.48454,2.95015,93,1,93,0,1000,0,9.88043,3.2699,
49322,0,0,6,6,12,18,6,160,210,10,.5,.85,.2,.7,.7,2000,.25,60,40,2,4,1408,1536,1152,1,124249088,779,3284923183,8,93,1,93,0,1004,0,9.7957,3.24802,97,1,97,0,1017,0,9.48454,2.95015,93,1,93,0,1000,0,9.88043,3.2699,
561813,0,0,3,6,10,2,20,180,10,65,1.0,.65,.5,.8,.7,2000,.60,50,50,4,4,1664,1792,1024,3,88929280,292,32849172587,8,96,1,96,0,1018,0,9.60417,3.51923,90,1,90,0,1017,0,10.3,3.20919,89,1,89,0,1004,0,10.2809,3.38864,
34409,0,0,12,6,1,16,8,120,190,50,.8,.95,.4,.7,.5,1900,.70,70,50,3,4,1920,1024,1280,1,74639360,302,3284923183,8,93,1,93,0,1004,0,9.7957,3.24802,97,1,97,0,1017,0,9.48454,2.95015,93,1,93,0,1000,0,9.88043,3.2699,
262035,0,0,12,6,13,4,24,150,250,5,.9,.65,.5,.9,.2,1400,.10,60,60,4,1,1792,1152,1280,3,80541696,419,32849172587,8,96,1,96,0,1018,0,9.60417,3.51923,90,1,90,0,1017,0,10.3,3.20919,89,1,89,0,1004,0,10.2809,3.38864,
266039,0,0,12,6,10,10,2,210,90,95,.7,.75,.2,.6,.8,600,1.00,100,60,2,1,1152,1792,1792,3,39478272,373,32849172587,8,96,1,96,0,1018,0,9.60417,3.51923,90,1,90,0,1017,0,10.3,3.20919,89,1,89,0,1004,0,10.2809,3.38864,
39541,0,0,12,6,11,20,12,230,210,10,.9,.65,.2,.8,.6,1500,.30,30,50,4,3,1152,1792,1792,4,92633088,978,3284923183,8,93,1,93,0,1004,0,9.7957,3.24802,97,1,97,0,1017,0,9.48454,2.95015,93,1,93,0,1000,0,9.88043,3.2699,
159435,0,0,3,6,2,6,24,110,250,85,1.0,1.00,.2,.9,0,1600,.85,30,50,1,3,2048,1152,1536,1,114492416,899,10265360706,8,95,1,95,0,1002,0,9.54737,3.76345,93,1,93,0,1004,0,9.7957,3.13687,95,1,95,0,1004,0,9.58947,3.06592,
439017,0,0,1,6,4,16,22,190,200,100,.9,.85,.5,.7,.2,1400,.50,90,50,4,2,1536,1920,1152,1,112760832,714,10265360706,8,95,1,95,0,1002,0,9.54737,3.76345,93,1,93,0,1004,0,9.7957,3.13687,95,1,95,0,1004,0,9.58947,3.06592,
64382,0,0,3,6,12,8,18,160,230,80,.8,.70,.5,.7,.2,1800,.75,30,50,2,1,1152,1280,1920,2,49971200,511,3284923183,8,93,1,93,0,1004,0,9.7957,3.24802,97,1,97,0,1017,0,9.48454,2.95015,93,1,93,0,1000,0,9.88043,3.2699,
40551,0,0,12,6,3,10,14,240,10,55,.9,.70,.4,.7,0,600,.15,10,60,1,1,1792,1536,1408,3,65267712,613,3284923183,8,93,1,93,0,1004,0,9.7957,3.24802,97,1,97,0,1017,0,9.48454,2.95015,93,1,93,0,1000,0,9.88043,3.2699,
296016,0,0,6,6,6,6,14,230,110,55,.7,.60,.3,.5,.6,1300,.50,50,40,3,1,1024,1920,2048,2,116940800,386,32849172587,8,96,1,96,0,1018,0,9.60417,3.51923,90,1,90,0,1017,0,10.3,3.20919,89,1,89,0,1004,0,10.2809,3.38864,
269382,0,0,12,6,4,12,10,200,240,15,.8,.90,.5,.6,.5,600,.30,90,40,1,1,1920,1536,1024,1,107224064,781,32849172587,8,96,1,96,0,1018,0,9.60417,3.51923,90,1,90,0,1017,0,10.3,3.20919,89,1,89,0,1004,0,10.2809,3.38864,
179021,0,0,3,6,15,14,22,120,240,30,1.0,.80,.4,.7,.9,1100,.40,40,40,1,4,1408,1152,1152,4,43407360,241,10265360706,8,95,1,95,0,1002,0,9.54737,3.76345,93,1,93,0,1004,0,9.7957,3.13687,95,1,95,0,1004,0,9.58947,3.06592,
35866,0,0,1,6,7,4,18,200,250,95,1.0,.80,.3,.9,.7,1000,1.00,70,60,2,2,1024,1152,2048,3,119988224,809,328499696,8,94,1,94,0,1022,0,9.87234,3.13943,96,1,96,0,1017,0,9.59375,3.26464,94,1,94,0,1018,0,9.82979,3.11359,
17566,0,0,12,6,10,8,4,230,90,15,.9,.60,.5,.8,.3,500,.85,90,50,4,2,1536,1152,1152,1,8146944,926,328499696,8,94,1,94,0,1022,0,9.87234,3.13943,96,1,96,0,1017,0,9.59375,3.26464,94,1,94,0,1018,0,9.82979,3.11359,
322591,0,0,6,6,14,8,12,220,50,95,.8,.70,.5,.8,.1,1400,.35,90,60,1,4,1152,1280,1792,4,38716416,235,32849172587,8,96,1,96,0,1018,0,9.60417,3.51923,90,1,90,0,1017,0,10.3,3.20919,89,1,89,0,1004,0,10.2809,3.38864,
170587,0,0,3,6,9,2,24,240,80,50,.8,.60,.2,.8,.3,1100,.60,80,50,4,3,1280,1792,1408,4,113920000,909,10265360706,8,95,1,95,0,1002,0,9.54737,3.76345,93,1,93,0,1004,0,9.7957,3.13687,95,1,95,0,1004,0,9.58947,3.06592,
93161,0,0,12,6,16,2,12,130,40,90,.9,.65,.2,.7,.2,1900,.10,100,60,3,3,1152,1408,1664,4,61452288,717,10265360706,8,95,1,95,0,1002,0,9.54737,3.76345,93,1,93,0,1004,0,9.7957,3.13687,95,1,95,0,1004,0,9.58947,3.06592,
266551,0,0,12,6,2,16,22,230,250,40,.5,.95,.3,.9,.6,1000,.35,80,40,3,2,1280,1792,1152,2,84424704,813,32849172587,8,96,1,96,0,1018,0,9.60417,3.51923,90,1,90,0,1017,0,10.3,3.20919,89,1,89,0,1004,0,10.2809,3.38864,
23666,0,0,3,6,2,10,8,220,170,40,.9,.50,.2,.9,.6,1400,.25,80,60,2,4,1024,2048,1536,2,64560128,359,328499696,8,94,1,94,0,1022,0,9.87234,3.13943,96,1,96,0,1017,0,9.59375,3.26464,94,1,94,0,1018,0,9.82979,3.11359,
274020,0,0,12,6,5,6,6,110,50,75,.8,.95,.5,.8,.2,1200,.15,70,40,1,4,1664,1408,1280,3,37373952,479,32849172587,8,96,1,96,0,1018,0,9.60417,3.51923,90,1,90,0,1017,0,10.3,3.20919,89,1,89,0,1004,0,10.2809,3.38864,
50166,0,0,6,6,12,20,18,130,270,70,1.0,.90,.2,.5,.8,1600,.05,40,60,4,3,1280,2048,1536,3,101031936,634,3284923183,8,93,1,93,0,1004,0,9.7957,3.24802,97,1,97,0,1017,0,9.48454,2.95015,93,1,93,0,1000,0,9.88043,3.2699,
147813,0,0,1,6,3,8,10,140,230,75,.8,.75,.4,.7,.6,500,.50,20,60,3,1,1280,1536,1024,2,108981248,286,3284923183,8,93,1,93,0,1004,0,9.7957,3.24802,97,1,97,0,1017,0,9.48454,2.95015,93,1,93,0,1000,0,9.88043,3.2699,
1365250,0,0,1,6,9,22,14,240,160,60,.7,.50,.4,.8,1.0,1800,.50,100,60,2,4,1024,1536,1920,3,10199040,581,32849172587,8,96,1,96,0,1018,0,9.60417,3.51923,90,1,90,0,1017,0,10.3,3.20919,89,1,89,0,1004,0,10.2809,3.38864,
509508,0,0,1,6,6,6,4,240,60,80,.5,.55,.4,.8,0,1800,0,10,40,2,1,1536,1792,1408,1,129776640,719,10265360706,8,95,1,95,0,1002,0,9.54737,3.76345,93,1,93,0,1004,0,9.7957,3.13687,95,1,95,0,1004,0,9.58947,3.06592,
564844,0,0,3,6,14,16,18,110,120,80,1.0,.65,.4,.6,.4,1700,.35,40,60,3,4,1536,1664,1408,1,77865984,588,32849172587,8,96,1,96,0,1018,0,9.60417,3.51923,90,1,90,0,1017,0,10.3,3.20919,89,1,89,0,1004,0,10.2809,3.38864,
92460,0,0,12,6,12,16,20,210,100,85,.8,.60,.4,.7,.6,1000,.80,20,40,2,4,2048,1536,1664,4,58471424,299,10265360706,8,95,1,95,0,1002,0,9.54737,3.76345,93,1,93,0,1004,0,9.7957,3.13687,95,1,95,0,1004,0,9.58947,3.06592,
18477,0,0,12,6,14,8,10,190,80,25,.5,.65,.2,.8,.7,1800,.85,20,40,3,1,1664,1792,1408,3,101706752,768,328499696,8,94,1,94,0,1022,0,9.87234,3.13943,96,1,96,0,1017,0,9.59375,3.26464,94,1,94,0,1018,0,9.82979,3.11359,
37498,0,0,12,6,10,6,4,220,10,55,.6,.95,.5,.8,0,1000,.60,30,60,3,1,2048,2048,1280,4,60778496,420,3284923183,8,93,1,93,0,1004,0,9.7957,3.24802,97,1,97,0,1017,0,9.48454,2.95015,93,1,93,0,1000,0,9.88043,3.2699,
18550,0,0,6,6,6,10,2,230,240,70,.7,.60,.4,.6,.6,600,.65,10,60,1,1,1152,2048,1408,3,132528128,664,328499696,8,94,1,94,0,1022,0,9.87234,3.13943,96,1,96,0,1017,0,9.59375,3.26464,94,1,94,0,1018,0,9.82979,3.11359,
66839,0,0,3,6,11,10,2,130,10,85,.8,.60,.4,.5,.4,1500,.40,50,50,1,3,1408,1280,1024,2,94091264,575,3284923183,8,93,1,93,0,1004,0,9.7957,3.24802,97,1,97,0,1017,0,9.48454,2.95015,93,1,93,0,1000,0,9.88043,3.2699,
150502,0,0,1,6,14,18,6,250,170,30,.8,.90,.2,.5,1.0,1700,.55,90,60,4,2,1024,1024,1280,1,10120192,932,3284923183,8,93,1,93,0,1004,0,9.7957,3.24802,97,1,97,0,1017,0,9.48454,2.95015,93,1,93,0,1000,0,9.88043,3.2699,
17661,0,0,12,6,12,22,4,200,50,70,.6,.95,.4,.9,.5,1100,.55,10,50,3,4,1408,2048,1152,4,19540992,400,328499696,8,94,1,94,0,1022,0,9.87234,3.13943,96,1,96,0,1017,0,9.59375,3.26464,94,1,94,0,1018,0,9.82979,3.11359,
523943,0,0,3,6,6,10,12,140,10,5,.7,.65,.5,.8,.9,600,.05,50,50,4,3,1792,1024,1664,4,94098432,510,32849172587,8,96,1,96,0,1018,0,9.60417,3.51923,90,1,90,0,1017,0,10.3,3.20919,89,1,89,0,1004,0,10.2809,3.38864,
179648,0,0,1,6,2,8,24,180,250,85,.9,.80,.4,.7,.2,1600,.40,50,60,1,2,1792,1536,1920,2,10617856,258,3284923183,8,93,1,93,0,1004,0,9.7957,3.24802,97,1,97,0,1017,0,9.48454,2.95015,93,1,93,0,1000,0,9.88043,3.2699,
322580,0,0,6,6,13,6,18,220,90,25,.9,.65,.4,.5,.5,2000,.55,100,40,2,4,1664,1152,1408,1,59048960,766,32849172587,8,96,1,96,0,1018,0,9.60417,3.51923,90,1,90,0,1017,0,10.3,3.20919,89,1,89,0,1004,0,10.2809,3.38864,
37363,0,0,1,6,12,18,20,210,50,80,.6,.60,.5,.7,.1,900,.50,80,50,4,4,1152,1152,1664,2,62445568,425,328499696,8,94,1,94,0,1022,0,9.87234,3.13943,96,1,96,0,1017,0,9.59375,3.26464,94,1,94,0,1018,0,9.82979,3.11359,
53812,0,0,6,6,16,20,10,100,270,85,.5,.60,.3,.7,.4,1300,.90,10,60,1,3,1536,1536,1024,1,99450880,952,3284923183,8,93,1,93,0,1004,0,9.7957,3.24802,97,1,97,0,1017,0,9.48454,2.95015,93,1,93,0,1000,0,9.88043,3.2699,
31758,0,0,1,6,7,10,24,150,60,50,.7,.80,.3,.9,.5,1200,.35,50,60,2,3,1152,1792,1280,3,69923840,902,328499696,8,94,1,94,0,1022,0,9.87234,3.13943,96,1,96,0,1017,0,9.59375,3.26464,94,1,94,0,1018,0,9.82979,3.11359,
17839,0,0,12,6,6,4,10,150,210,80,.5,.55,.5,.5,0,2000,.75,70,60,3,4,1664,1024,1664,2,76497920,625,328499696,8,94,1,94,0,1022,0,9.87234,3.13943,96,1,96,0,1017,0,9.59375,3.26464,94,1,94,0,1018,0,9.82979,3.11359,
1281046,0,0,1,6,15,16,16,210,270,60,.8,.60,.3,.6,.5,2000,.25,70,40,4,1,1024,1152,1920,4,85460992,804,32849172587,8,96,1,96,0,1018,0,9.60417,3.51923,90,1,90,0,1017,0,10.3,3.20919,89,1,89,0,1004,0,10.2809,3.38864,
668354,0,0,3,6,15,8,16,200,260,45,.6,.65,.4,.7,.8,1900,.15,20,50,2,1,2048,1920,1920,2,64789504,369,32849172587,8,96,1,96,0,1018,0,9.60417,3.51923,90,1,90,0,1017,0,10.3,3.20919,89,1,89,0,1004,0,10.2809,3.38864,
543113,0,0,3,6,3,20,10,120,220,65,.7,.85,.3,.5,.7,1900,.10,30,60,3,4,2048,1920,2048,4,51989504,770,32849172587,8,96,1,96,0,1018,0,9.60417,3.51923,90,1,90,0,1017,0,10.3,3.20919,89,1,89,0,1004,0,10.2809,3.38864,
77240,0,0,3,6,9,6,14,120,70,70,.9,.90,.4,.7,0,1900,.05,70,40,4,4,1664,1792,1536,4,120553472,994,3284923183,8,93,1,93,0,1004,0,9.7957,3.24802,97,1,97,0,1017,0,9.48454,2.95015,93,1,93,0,1000,0,9.88043,3.2699,
54622,0,0,6,6,6,16,12,230,20,90,.5,.90,.4,.8,.8,900,.90,90,60,2,1,1152,1280,1024,3,133685248,202,3284923183,8,93,1,93,0,1004,0,9.7957,3.24802,97,1,97,0,1017,0,9.48454,2.95015,93,1,93,0,1000,0,9.88043,3.2699,
52757,0,0,6,6,13,10,22,240,210,50,.5,.55,.3,.8,.1,600,.75,30,40,4,2,1152,1024,1280,1,94748672,671,3284923183,8,93,1,93,0,1004,0,9.7957,3.24802,97,1,97,0,1017,0,9.48454,2.95015,93,1,93,0,1000,0,9.88043,3.2699,
13360,0,0,12,6,2,22,10,130,10,100,.6,1.00,.4,.9,.1,600,0,50,50,2,3,1792,2048,1920,3,103178240,945,328499696,8,94,1,94,0,1022,0,9.87234,3.13943,96,1,96,0,1017,0,9.59375,3.26464,94,1,94,0,1018,0,9.82979,3.11359,
305909,0,0,6,6,12,12,8,140,120,35,.8,.65,.5,.7,.9,1200,.05,30,60,2,3,1408,1792,1920,3,5348352,207,32849172587,8,96,1,96,0,1018,0,9.60417,3.51923,90,1,90,0,1017,0,10.3,3.20919,89,1,89,0,1004,0,10.2809,3.38864,
451659,0,0,1,6,8,2,22,170,220,55,.5,.70,.3,.7,.1,900,.40,40,60,3,2,1280,1024,1664,1,11461632,333,10265360706,8,95,1,95,0,1002,0,9.54737,3.76345,93,1,93,0,1004,0,9.7957,3.13687,95,1,95,0,1004,0,9.58947,3.06592,
67539,0,0,6,6,6,6,12,240,50,25,.7,1.00,.2,.6,.4,500,1.00,100,40,3,1,1024,1920,1152,3,14508032,336,3284923183,8,93,1,93,0,1004,0,9.7957,3.24802,97,1,97,0,1017,0,9.48454,2.95015,93,1,93,0,1000,0,9.88043,3.2699,
162313,0,0,3,6,1,12,12,230,200,20,.5,.55,.2,.8,.7,1900,.55,10,50,2,1,1024,2048,1792,1,44497920,822,10265360706,8,95,1,95,0,1002,0,9.54737,3.76345,93,1,93,0,1004,0,9.7957,3.13687,95,1,95,0,1004,0,9.58947,3.06592,
36613,0,0,12,6,14,20,20,150,160,20,.6,1.00,.4,.9,.7,1700,.75,40,50,3,4,1024,1664,1152,3,112475136,955,3284923183,8,93,1,93,0,1004,0,9.7957,3.24802,97,1,97,0,1017,0,9.48454,2.95015,93,1,93,0,1000,0,9.88043,3.2699,
119882,0,0,6,6,16,10,4,220,140,40,.9,.50,.4,.9,0,1100,.05,50,50,2,1,2048,1280,2048,3,37751808,277,10265360706,8,95,1,95,0,1002,0,9.54737,3.76345,93,1,93,0,1004,0,9.7957,3.13687,95,1,95,0,1004,0,9.58947,3.06592,
35273,0,0,1,6,6,22,12,120,230,45,.8,1.00,.2,.6,1.0,600,.70,30,40,4,3,2048,1920,1408,1,81988608,733,328499696,8,94,1,94,0,1022,0,9.87234,3.13943,96,1,96,0,1017,0,9.59375,3.26464,94,1,94,0,1018,0,9.82979,3.11359,
44798,0,0,1,6,16,20,18,180,160,10,1.0,.90,.5,.9,.6,700,.70,30,40,4,2,1920,1792,1792,2,111162368,506,328499696,8,94,1,94,0,1022,0,9.87234,3.13943,96,1,96,0,1017,0,9.59375,3.26464,94,1,94,0,1018,0,9.82979,3.11359,
135563,0,0,1,6,4,18,12,150,250,100,1.0,1.00,.5,.7,.6,900,.65,50,40,2,2,1408,2048,1024,3,82658304,473,3284923183,8,93,1,93,0,1004,0,9.7957,3.24802,97,1,97,0,1017,0,9.48454,2.95015,93,1,93,0,1000,0,9.88043,3.2699,
24587,0,0,3,6,16,12,8,110,170,25,.6,.55,.5,.9,.6,600,.20,30,40,2,3,1920,1408,1792,2,27609088,531,328499696,8,94,1,94,0,1022,0,9.87234,3.13943,96,1,96,0,1017,0,9.59375,3.26464,94,1,94,0,1018,0,9.82979,3.11359,
43588,0,0,12,6,8,12,12,250,90,60,.8,.90,.3,.8,1.0,1000,.90,50,60,2,2,1024,1792,1152,4,17227776,427,3284923183,8,93,1,93,0,1004,0,9.7957,3.24802,97,1,97,0,1017,0,9.48454,2.95015,93,1,93,0,1000,0,9.88043,3.2699,
23787,0,0,3,6,7,6,10,180,240,65,.8,.85,.2,.8,.8,1300,.15,30,50,4,2,1024,1408,1024,3,115414016,789,328499696,8,94,1,94,0,1022,0,9.87234,3.13943,96,1,96,0,1017,0,9.59375,3.26464,94,1,94,0,1018,0,9.82979,3.11359,
34474,0,0,12,6,2,12,20,110,230,35,.6,.80,.5,.5,.3,2000,.85,10,60,1,2,1280,1664,1536,2,104354816,685,3284923183,8,93,1,93,0,1004,0,9.7957,3.24802,97,1,97,0,1017,0,9.48454,2.95015,93,1,93,0,1000,0,9.88043,3.2699,
261887,0,0,12,6,4,20,18,250,210,85,1.0,.95,.4,.8,0,1800,.90,50,60,1,2,1024,1408,1536,2,66911232,529,32849172587,8,96,1,96,0,1018,0,9.60417,3.51923,90,1,90,0,1017,0,10.3,3.20919,89,1,89,0,1004,0,10.2809,3.38864,
118028,0,0,6,6,15,24,20,170,210,30,.6,.90,.3,.7,.7,1200,1.00,80,40,3,2,1152,1792,1664,2,31631360,961,10265360706,8,95,1,95,0,1002,0,9.54737,3.76345,93,1,93,0,1004,0,9.7957,3.13687,95,1,95,0,1004,0,9.58947,3.06592,
164878,0,0,3,6,8,18,18,190,30,70,1.0,.55,.3,.9,.9,900,.45,40,50,4,3,1408,2048,1408,1,66756608,231,10265360706,8,95,1,95,0,1002,0,9.54737,3.76345,93,1,93,0,1004,0,9.7957,3.13687,95,1,95,0,1004,0,9.58947,3.06592,
111715,0,0,6,6,14,18,10,170,60,55,.9,.75,.3,.5,.9,500,.20,90,40,4,3,1536,1664,1408,4,90931200,325,10265360706,8,95,1,95,0,1002,0,9.54737,3.76345,93,1,93,0,1004,0,9.7957,3.13687,95,1,95,0,1004,0,9.58947,3.06592,
488115,0,0,3,6,3,10,2,180,260,35,.7,1.00,.5,.6,.9,1500,.75,50,40,2,4,2048,1920,1152,3,66197504,610,32849172587,8,96,1,96,0,1018,0,9.60417,3.51923,90,1,90,0,1017,0,10.3,3.20919,89,1,89,0,1004,0,10.2809,3.38864,
443993,0,0,3,6,4,16,24,150,230,70,.8,.95,.4,.8,.1,1600,.45,70,50,3,4,1536,1408,1536,2,6265856,537,32849172587,8,96,1,96,0,1018,0,9.60417,3.51923,90,1,90,0,1017,0,10.3,3.20919,89,1,89,0,1004,0,10.2809,3.38864,
507797,0,0,3,6,2,18,20,210,30,5,.8,.80,.3,.9,.6,500,.30,50,60,3,2,1792,2048,2048,3,60050432,216,32849172587,8,96,1,96,0,1018,0,9.60417,3.51923,90,1,90,0,1017,0,10.3,3.20919,89,1,89,0,1004,0,10.2809,3.38864,
91036,0,0,12,6,11,18,14,130,80,80,.8,.65,.2,.6,.8,800,.30,90,50,3,3,1664,2048,1664,3,118506496,364,10265360706,8,95,1,95,0,1002,0,9.54737,3.76345,93,1,93,0,1004,0,9.7957,3.13687,95,1,95,0,1004,0,9.58947,3.06592,
50764,0,0,6,6,13,16,8,130,230,55,.9,.75,.2,.6,.3,1100,.25,100,50,1,4,1152,1152,1152,1,61005824,334,3284923183,8,93,1,93,0,1004,0,9.7957,3.24802,97,1,97,0,1017,0,9.48454,2.95015,93,1,93,0,1000,0,9.88043,3.2699,
538431,0,0,1,6,13,16,6,180,90,95,.5,1.00,.3,.8,.8,1000,.45,70,50,3,4,1920,2048,2048,1,18922496,837,10265360706,8,95,1,95,0,1002,0,9.54737,3.76345,93,1,93,0,1004,0,9.7957,3.13687,95,1,95,0,1004,0,9.58947,3.06592,
18460,0,0,6,6,3,12,2,180,240,15,.6,.90,.3,.8,.7,1100,.15,80,50,2,3,1536,1664,1152,2,113952768,871,328499696,8,94,1,94,0,1022,0,9.87234,3.13943,96,1,96,0,1017,0,9.59375,3.26464,94,1,94,0,1018,0,9.82979,3.11359,
1758344,0,0,1,6,5,10,12,170,70,80,.7,.55,.3,.8,.9,1000,.40,20,60,3,1,1792,1920,1792,1,2999296,378,32849172587,8,96,1,96,0,1018,0,9.60417,3.51923,90,1,90,0,1017,0,10.3,3.20919,89,1,89,0,1004,0,10.2809,3.38864,
66697,0,0,3,6,16,10,10,170,90,80,.6,.75,.4,.8,.9,1200,.80,80,40,3,1,1152,1536,2048,3,37536768,328,3284923183,8,93,1,93,0,1004,0,9.7957,3.24802,97,1,97,0,1017,0,9.48454,2.95015,93,1,93,0,1000,0,9.88043,3.2699,
488958,0,0,1,6,11,14,24,100,90,55,.8,.50,.2,.7,.9,1500,.65,100,50,3,4,1792,1280,1408,1,130058240,302,10265360706,8,95,1,95,0,1002,0,9.54737,3.76345,93,1,93,0,1004,0,9.7957,3.13687,95,1,95,0,1004,0,9.58947,3.06592,
90897,0,0,12,6,10,16,24,130,290,5,.5,.65,.4,.5,.7,1000,.10,60,40,4,1,1408,1024,1920,3,120376320,1004,10265360706,8,95,1,95,0,1002,0,9.54737,3.76345,93,1,93,0,1004,0,9.7957,3.13687,95,1,95,0,1004,0,9.58947,3.06592,
39555,0,0,12,6,2,16,8,210,120,50,.7,.80,.5,.7,1.0,1600,.85,80,50,2,4,1920,1664,1664,1,71656448,230,3284923183,8,93,1,93,0,1004,0,9.7957,3.24802,97,1,97,0,1017,0,9.48454,2.95015,93,1,93,0,1000,0,9.88043,3.2699,
49424,0,0,6,6,1,6,2,120,200,90,.8,.65,.2,.9,.7,1400,.70,50,60,4,4,1408,1920,2048,4,106756096,933,3284923183,8,93,1,93,0,1004,0,9.7957,3.24802,97,1,97,0,1017,0,9.48454,2.95015,93,1,93,0,1000,0,9.88043,3.2699,
42483,0,0,12,6,13,20,2,250,70,100,.6,.55,.4,.8,.6,700,.95,80,50,4,2,1920,1920,1536,2,27015168,909,3284923183,8,93,1,93,0,1004,0,9.7957,3.24802,97,1,97,0,1017,0,9.48454,2.95015,93,1,93,0,1000,0,9.88043,3.2699,
25304,0,0,3,6,5,10,14,140,40,5,.6,.50,.4,.9,.7,900,.70,20,50,3,4,1792,2048,1024,4,105035776,217,328499696,8,94,1,94,0,1022,0,9.87234,3.13943,96,1,96,0,1017,0,9.59375,3.26464,94,1,94,0,1018,0,9.82979,3.11359,
2180274,0,0,1,6,6,20,16,170,150,30,.5,.95,.2,.8,.9,2000,.45,30,50,1,1,2048,1664,1280,1,32546816,994,32849172587,8,96,1,96,0,1018,0,9.60417,3.51923,90,1,90,0,1017,0,10.3,3.20919,89,1,89,0,1004,0,10.2809,3.38864,
594552,0,0,3,6,9,2,24,240,120,65,.9,.80,.3,.5,.7,1900,.60,70,40,4,4,2048,1152,1408,2,67919872,288,32849172587,8,96,1,96,0,1018,0,9.60417,3.51923,90,1,90,0,1017,0,10.3,3.20919,89,1,89,0,1004,0,10.2809,3.38864,
21327,0,0,6,6,1,14,2,200,80,70,.7,.65,.3,.5,.5,1600,.50,20,60,3,1,1664,1920,1792,4,124243968,556,328499696,8,94,1,94,0,1022,0,9.87234,3.13943,96,1,96,0,1017,0,9.59375,3.26464,94,1,94,0,1018,0,9.82979,3.11359,
71761,0,0,3,6,7,24,16,140,300,35,.5,1.00,.3,.7,.1,800,.35,90,60,4,1,1664,1536,1280,3,33532928,784,3284923183,8,93,1,93,0,1004,0,9.7957,3.24802,97,1,97,0,1017,0,9.48454,2.95015,93,1,93,0,1000,0,9.88043,3.2699,
41450,0,0,1,6,11,24,16,180,220,25,1.0,.50,.2,.8,.9,1200,1.00,90,50,3,1,1408,1536,1024,2,82260992,246,328499696,8,94,1,94,0,1022,0,9.87234,3.13943,96,1,96,0,1017,0,9.59375,3.26464,94,1,94,0,1018,0,9.82979,3.11359,
35548,0,0,12,6,2,16,12,120,190,85,1.0,.80,.4,.9,.9,600,.60,30,50,2,2,1792,2048,1408,2,77155328,695,3284923183,8,93,1,93,0,1004,0,9.7957,3.24802,97,1,97,0,1017,0,9.48454,2.95015,93,1,93,0,1000,0,9.88043,3.2699,
74684,0,0,3,6,9,18,14,220,100,60,.9,.75,.5,.6,0,700,1.00,30,40,2,3,2048,1920,1280,1,110458880,929,3284923183,8,93,1,93,0,1004,0,9.7957,3.24802,97,1,97,0,1017,0,9.48454,2.95015,93,1,93,0,1000,0,9.88043,3.2699,
52956,0,0,6,6,10,22,22,120,250,45,.5,1.00,.4,.5,.6,600,.80,70,40,1,2,1664,1408,1408,3,78631936,720,3284923183,8,93,1,93,0,1004,0,9.7957,3.24802,97,1,97,0,1017,0,9.48454,2.95015,93,1,93,0,1000,0,9.88043,3.2699,
1629239,0,0,1,6,10,12,22,210,210,5,.5,.95,.2,.7,.8,1000,.55,30,40,1,4,1664,1024,1152,3,70800384,494,32849172587,8,96,1,96,0,1018,0,9.60417,3.51923,90,1,90,0,1017,0,10.3,3.20919,89,1,89,0,1004,0,10.2809,3.38864,
135568,0,0,1,6,9,20,16,200,190,40,.6,.75,.3,.9,.3,1500,.90,60,40,1,1,1280,1152,1280,4,93736960,221,3284923183,8,93,1,93,0,1004,0,9.7957,3.24802,97,1,97,0,1017,0,9.48454,2.95015,93,1,93,0,1000,0,9.88043,3.2699,
1241197,0,0,1,6,7,20,18,110,90,35,1.0,.95,.3,.9,.2,1800,.80,80,60,3,1,1152,1024,1664,2,17044480,625,32849172587,8,96,1,96,0,1018,0,9.60417,3.51923,90,1,90,0,1017,0,10.3,3.20919,89,1,89,0,1004,0,10.2809,3.38864,
266255,0,0,12,6,4,10,18,110,10,90,1.0,.90,.2,.7,.7,1300,.90,70,40,1,3,1920,1664,1920,3,50440192,1000,32849172587,8,96,1,96,0,1018,0,9.60417,3.51923,90,1,90,0,1017,0,10.3,3.20919,89,1,89,0,1004,0,10.2809,3.38864,
299939,0,0,6,6,11,8,10,210,250,5,1.0,.60,.3,.9,.8,1400,.65,100,60,1,2,1536,2048,2048,4,59872256,846,32849172587,8,96,1,96,0,1018,0,9.60417,3.51923,90,1,90,0,1017,0,10.3,3.20919,89,1,89,0,1004,0,10.2809,3.38864,
53943,0,0,6,6,7,22,6,230,10,90,.9,.70,.5,.5,1.0,1200,.40,100,50,3,3,1536,1280,1792,4,108713984,370,3284923183,8,93,1,93,0,1004,0,9.7957,3.24802,97,1,97,0,1017,0,9.48454,2.95015,93,1,93,0,1000,0,9.88043,3.2699,
47245,0,0,6,6,15,8,18,130,40,95,1.0,.70,.4,.8,1.0,1200,.10,10,50,4,2,1920,1536,1664,2,99773440,450,3284923183,8,93,1,93,0,1004,0,9.7957,3.24802,97,1,97,0,1017,0,9.48454,2.95015,93,1,93,0,1000,0,9.88043,3.2699,
419656,0,0,3,6,15,4,6,190,80,85,.8,.55,.4,.7,.3,1100,.75,70,60,1,2,1024,1792,1920,3,94369792,717,32849172587,8,96,1,96,0,1018,0,9.60417,3.51923,90,1,90,0,1017,0,10.3,3.20919,89,1,89,0,1004,0,10.2809,3.38864,
305028,0,0,6,6,3,22,8,240,160,15,.8,.50,.3,.8,0,1900,.50,90,40,1,3,1408,2048,1152,1,36800512,290,32849172587,8,96,1,96,0,1018,0,9.60417,3.51923,90,1,90,0,1017,0,10.3,3.20919,89,1,89,0,1004,0,10.2809,3.38864,
1319641,0,0,1,6,14,4,4,130,90,95,.6,.95,.2,.7,.9,900,.55,80,40,2,1,1280,1408,1024,4,67168256,812,32849172587,8,96,1,96,0,1018,0,9.60417,3.51923,90,1,90,0,1017,0,10.3,3.20919,89,1,89,0,1004,0,10.2809,3.38864,
69991,0,0,3,6,13,8,20,250,290,90,1.0,.90,.4,.8,.9,1900,.60,50,50,1,4,1536,1024,1664,3,23923712,603,3284923183,8,93,1,93,0,1004,0,9.7957,3.24802,97,1,97,0,1017,0,9.48454,2.95015,93,1,93,0,1000,0,9.88043,3.2699,
19292,0,0,12,6,14,22,24,240,70,60,1.0,.50,.4,.6,.3,1500,.95,10,50,4,1,2048,2048,1024,2,117224448,476,328499696,8,94,1,94,0,1022,0,9.87234,3.13943,96,1,96,0,1017,0,9.59375,3.26464,94,1,94,0,1018,0,9.82979,3.11359,
293670,0,0,6,6,3,4,6,130,260,20,.8,.90,.4,.9,.7,1800,.95,80,60,3,4,1408,1280,2048,4,8384512,666,32849172587,8,96,1,96,0,1018,0,9.60417,3.51923,90,1,90,0,1017,0,10.3,3.20919,89,1,89,0,1004,0,10.2809,3.38864,
97123,0,0,12,6,1,6,4,180,90,50,.8,.80,.5,.8,.3,2000,1.00,90,50,3,1,1920,1280,1152,1,6026240,297,10265360706,8,95,1,95,0,1002,0,9.54737,3.76345,93,1,93,0,1004,0,9.7957,3.13687,95,1,95,0,1004,0,9.58947,3.06592,
204626,0,0,3,6,10,18,6,170,40,65,.9,.75,.4,.5,.9,1300,.35,10,40,1,3,1664,1664,1536,4,129188864,409,10265360706,8,95,1,95,0,1002,0,9.54737,3.76345,93,1,93,0,1004,0,9.7957,3.13687,95,1,95,0,1004,0,9.58947,3.06592,
470824,0,0,1,6,6,10,14,100,280,55,.9,.80,.4,.6,.2,1000,.85,30,50,1,4,2048,1024,1920,3,119777280,429,10265360706,8,95,1,95,0,1002,0,9.54737,3.76345,93,1,93,0,1004,0,9.7957,3.13687,95,1,95,0,1004,0,9.58947,3.06592,
298664,0,0,6,6,13,4,20,140,220,60,.5,.95,.5,.7,1.0,1900,.95,60,60,3,2,1792,1536,1152,2,43482112,781,32849172587,8,96,1,96,0,1018,0,9.60417,3.51923,90,1,90,0,1017,0,10.3,3.20919,89,1,89,0,1004,0,10.2809,3.38864,
92022,0,0,12,6,4,16,8,210,300,100,.5,1.00,.5,.6,.8,1600,.85,30,40,4,3,1152,1280,1664,4,49689600,208,10265360706,8,95,1,95,0,1002,0,9.54737,3.76345,93,1,93,0,1004,0,9.7957,3.13687,95,1,95,0,1004,0,9.58947,3.06592,
24097,0,0,3,6,13,20,8,230,230,95,.7,.80,.4,.5,.7,700,.05,70,60,3,3,1792,1536,1536,2,11681792,296,328499696,8,94,1,94,0,1022,0,9.87234,3.13943,96,1,96,0,1017,0,9.59375,3.26464,94,1,94,0,1018,0,9.82979,3.11359,
272525,0,0,12,6,16,16,20,240,130,65,.8,1.00,.2,.9,.6,900,.15,30,60,3,4,1664,1280,2048,3,65652736,692,32849172587,8,96,1,96,0,1018,0,9.60417,3.51923,90,1,90,0,1017,0,10.3,3.20919,89,1,89,0,1004,0,10.2809,3.38864,
590388,0,0,1,6,6,20,12,230,10,90,1.0,.55,.4,.6,.8,500,.25,100,60,2,3,1664,2048,1664,4,94518272,557,10265360706,8,95,1,95,0,1002,0,9.54737,3.76345,93,1,93,0,1004,0,9.7957,3.13687,95,1,95,0,1004,0,9.58947,3.06592,
755684,0,0,1,6,7,22,6,190,270,40,.8,.60,.4,.6,.6,500,.20,70,60,1,1,1792,1152,2048,4,69223424,235,10265360706,8,95,1,95,0,1002,0,9.54737,3.76345,93,1,93,0,1004,0,9.7957,3.13687,95,1,95,0,1004,0,9.58947,3.06592,
58664,0,0,6,6,1,8,14,120,190,20,1.0,.70,.2,.6,.9,1100,.55,10,40,3,2,1024,1408,1536,2,49500160,487,3284923183,8,93,1,93,0,1004,0,9.7957,3.24802,97,1,97,0,1017,0,9.48454,2.95015,93,1,93,0,1000,0,9.88043,3.2699,
51892,0,0,6,6,16,12,20,100,210,55,.7,.55,.4,.5,.6,700,.25,60,60,2,1,1792,1408,1664,3,91399168,881,3284923183,8,93,1,93,0,1004,0,9.7957,3.24802,97,1,97,0,1017,0,9.48454,2.95015,93,1,93,0,1000,0,9.88043,3.2699,
213882,0,0,1,6,12,10,20,230,290,90,.5,.90,.3,.5,.4,1300,.05,90,60,3,1,1664,1408,1152,1,105766912,557,3284923183,8,93,1,93,0,1004,0,9.7957,3.24802,97,1,97,0,1017,0,9.48454,2.95015,93,1,93,0,1000,0,9.88043,3.2699,
138014,0,0,1,6,7,18,14,120,210,90,.6,.55,.5,.5,.5,1000,.50,70,40,4,3,1024,1408,2048,1,104448,529,3284923183,8,93,1,93,0,1004,0,9.7957,3.24802,97,1,97,0,1017,0,9.48454,2.95015,93,1,93,0,1000,0,9.88043,3.2699,
112074,0,0,6,6,10,10,14,200,240,80,.8,.55,.4,.5,.5,1900,.55,90,50,4,3,1152,1408,1152,3,71678976,656,10265360706,8,95,1,95,0,1002,0,9.54737,3.76345,93,1,93,0,1004,0,9.7957,3.13687,95,1,95,0,1004,0,9.58947,3.06592,
21290,0,0,3,6,2,8,24,100,20,25,.7,.75,.4,.5,.3,1300,.20,40,40,3,4,1664,1536,2048,3,118771712,915,328499696,8,94,1,94,0,1022,0,9.87234,3.13943,96,1,96,0,1017,0,9.59375,3.26464,94,1,94,0,1018,0,9.82979,3.11359,
36648,0,0,1,6,11,14,14,230,290,50,.9,.55,.3,.6,.3,1900,.10,20,40,4,3,1280,1536,1024,4,103844864,653,328499696,8,94,1,94,0,1022,0,9.87234,3.13943,96,1,96,0,1017,0,9.59375,3.26464,94,1,94,0,1018,0,9.82979,3.11359,
343437,0,0,6,6,11,4,18,170,40,90,1.0,.70,.3,.7,.6,1400,.10,70,40,2,2,1792,2048,1024,4,66668544,515,32849172587,8,96,1,96,0,1018,0,9.60417,3.51923,90,1,90,0,1017,0,10.3,3.20919,89,1,89,0,1004,0,10.2809,3.38864,
32800,0,0,1,6,8,22,24,170,250,35,1.0,1.00,.4,.8,.3,1400,.40,90,60,1,2,1536,1920,1280,1,11421696,806,328499696,8,94,1,94,0,1022,0,9.87234,3.13943,96,1,96,0,1017,0,9.59375,3.26464,94,1,94,0,1018,0,9.82979,3.11359,
540913,0,0,1,6,3,16,2,190,120,80,.7,.55,.4,.7,.1,1300,.70,60,40,3,4,1536,1664,1920,1,33830912,568,10265360706,8,95,1,95,0,1002,0,9.54737,3.76345,93,1,93,0,1004,0,9.7957,3.13687,95,1,95,0,1004,0,9.58947,3.06592,
24284,0,0,3,6,6,20,8,220,100,100,.6,.95,.4,.9,.5,900,.45,70,60,2,4,1920,1024,1536,3,84691968,234,328499696,8,94,1,94,0,1022,0,9.87234,3.13943,96,1,96,0,1017,0,9.59375,3.26464,94,1,94,0,1018,0,9.82979,3.11359,
111888,0,0,6,6,16,16,16,120,20,55,.8,.65,.4,.8,.5,1400,.35,20,50,3,4,1024,1408,1152,4,85454848,638,10265360706,8,95,1,95,0,1002,0,9.54737,3.76345,93,1,93,0,1004,0,9.7957,3.13687,95,1,95,0,1004,0,9.58947,3.06592,
34315,0,0,1,6,4,18,8,150,200,5,1.0,.75,.5,.5,.7,1300,.70,10,50,1,2,1920,1664,1536,3,53117952,286,328499696,8,94,1,94,0,1022,0,9.87234,3.13943,96,1,96,0,1017,0,9.59375,3.26464,94,1,94,0,1018,0,9.82979,3.11359,
311755,0,0,6,6,6,12,14,100,300,80,.5,.70,.2,.5,0,1500,.25,100,40,2,2,1920,1408,1024,1,132145152,692,32849172587,8,96,1,96,0,1018,0,9.60417,3.51923,90,1,90,0,1017,0,10.3,3.20919,89,1,89,0,1004,0,10.2809,3.38864,
266146,0,0,12,6,8,14,16,110,280,25,.7,.65,.2,.6,0,800,.05,40,40,3,4,1792,2048,2048,1,98822144,663,32849172587,8,96,1,96,0,1018,0,9.60417,3.51923,90,1,90,0,1017,0,10.3,3.20919,89,1,89,0,1004,0,10.2809,3.38864,
17500,0,0,12,6,11,22,14,130,170,30,.5,.65,.2,.7,.6,1500,.10,80,60,1,4,1920,2048,1792,3,129235968,713,328499696,8,94,1,94,0,1022,0,9.87234,3.13943,96,1,96,0,1017,0,9.59375,3.26464,94,1,94,0,1018,0,9.82979,3.11359,
146121,0,0,1,6,16,14,22,110,80,25,.7,.85,.5,.5,.5,900,.85,20,40,1,1,1280,2048,1792,1,25797632,532,3284923183,8,93,1,93,0,1004,0,9.7957,3.24802,97,1,97,0,1017,0,9.48454,2.95015,93,1,93,0,1000,0,9.88043,3.2699,
34647,0,0,1,6,11,18,24,250,280,80,.6,.85,.4,.7,1.0,1500,.15,40,50,4,3,1024,1536,1792,1,289792,865,328499696,8,94,1,94,0,1022,0,9.87234,3.13943,96,1,96,0,1017,0,9.59375,3.26464,94,1,94,0,1018,0,9.82979,3.11359,
328588,0,0,6,6,13,2,18,180,40,60,.8,.80,.4,.9,.1,800,.35,90,40,1,4,1920,1280,1152,4,106150912,618,32849172587,8,96,1,96,0,1018,0,9.60417,3.51923,90,1,90,0,1017,0,10.3,3.20919,89,1,89,0,1004,0,10.2809,3.38864,
19276,0,0,6,6,4,12,18,200,130,90,.6,.75,.2,.7,.1,1700,.90,100,60,4,2,1536,1280,1024,2,118204416,510,328499696,8,94,1,94,0,1022,0,9.87234,3.13943,96,1,96,0,1017,0,9.59375,3.26464,94,1,94,0,1018,0,9.82979,3.11359,
18160,0,0,12,6,13,20,18,170,50,5,.9,.75,.3,.6,.1,1100,.20,60,60,2,1,1536,1152,1920,4,66383872,335,328499696,8,94,1,94,0,1022,0,9.87234,3.13943,96,1,96,0,1017,0,9.59375,3.26464,94,1,94,0,1018,0,9.82979,3.11359,
94092,0,0,12,6,7,2,18,250,200,40,.9,.90,.2,.6,.7,900,.85,30,60,3,1,1792,1280,1664,2,45273088,868,10265360706,8,95,1,95,0,1002,0,9.54737,3.76345,93,1,93,0,1004,0,9.7957,3.13687,95,1,95,0,1004,0,9.58947,3.06592,
18509,0,0,12,6,8,20,2,240,160,40,.7,.80,.5,.9,.8,900,.20,50,60,2,1,1280,1024,1536,4,33596416,560,328499696,8,94,1,94,0,1022,0,9.87234,3.13943,96,1,96,0,1017,0,9.59375,3.26464,94,1,94,0,1018,0,9.82979,3.11359,
14510,0,0,12,6,10,4,6,180,190,55,.8,.85,.4,.9,.5,1200,0,10,40,4,3,1536,1920,1280,1,50385920,724,328499696,8,94,1,94,0,1022,0,9.87234,3.13943,96,1,96,0,1017,0,9.59375,3.26464,94,1,94,0,1018,0,9.82979,3.11359,
76173,0,0,3,6,12,6,16,200,30,40,.8,.50,.2,.7,.9,500,.20,80,60,2,3,1792,1792,1280,4,16491520,536,3284923183,8,93,1,93,0,1004,0,9.7957,3.24802,97,1,97,0,1017,0,9.48454,2.95015,93,1,93,0,1000,0,9.88043,3.2699,
161247,0,0,1,6,12,14,6,220,200,20,.5,.70,.5,.5,.6,800,.90,80,50,1,3,1664,1536,1536,4,29702144,553,3284923183,8,93,1,93,0,1004,0,9.7957,3.24802,97,1,97,0,1017,0,9.48454,2.95015,93,1,93,0,1000,0,9.88043,3.2699,
1445428,0,0,1,6,13,16,22,210,10,70,.8,.55,.2,.6,.2,2000,.30,10,40,1,4,1280,1024,2048,1,110801920,273,32849172587,8,96,1,96,0,1018,0,9.60417,3.51923,90,1,90,0,1017,0,10.3,3.20919,89,1,89,0,1004,0,10.2809,3.38864,
68585,0,0,3,6,10,2,8,160,290,35,1.0,.60,.4,.9,.3,1800,.90,70,40,2,4,1280,1408,1408,2,51556352,222,3284923183,8,93,1,93,0,1004,0,9.7957,3.24802,97,1,97,0,1017,0,9.48454,2.95015,93,1,93,0,1000,0,9.88043,3.2699,
27590,0,0,3,6,12,6,24,230,110,45,1.0,.80,.2,.7,.4,1400,.50,70,60,3,2,1024,1920,2048,1,61936640,575,328499696,8,94,1,94,0,1022,0,9.87234,3.13943,96,1,96,0,1017,0,9.59375,3.26464,94,1,94,0,1018,0,9.82979,3.11359,
412404,0,0,3,6,9,12,24,170,110,60,.6,.90,.3,.9,.1,1600,.80,40,60,1,3,1024,1024,1280,3,75369472,454,32849172587,8,96,1,96,0,1018,0,9.60417,3.51923,90,1,90,0,1017,0,10.3,3.20919,89,1,89,0,1004,0,10.2809,3.38864,
20453,0,0,6,6,15,10,8,200,170,45,.5,.90,.2,.9,.6,600,.70,50,50,4,3,1152,1408,1792,4,101412864,500,328499696,8,94,1,94,0,1022,0,9.87234,3.13943,96,1,96,0,1017,0,9.59375,3.26464,94,1,94,0,1018,0,9.82979,3.11359,
136974,0,0,1,6,8,22,14,140,80,55,.8,1.00,.3,.6,.9,800,.60,30,40,1,1,1536,1408,1152,3,96171008,559,3284923183,8,93,1,93,0,1004,0,9.7957,3.24802,97,1,97,0,1017,0,9.48454,2.95015,93,1,93,0,1000,0,9.88043,3.2699,
17439,0,0,12,6,3,6,6,210,20,70,.9,.80,.2,.5,.3,1600,.60,70,50,1,3,1408,1792,1664,3,125437952,481,328499696,8,94,1,94,0,1022,0,9.87234,3.13943,96,1,96,0,1017,0,9.59375,3.26464,94,1,94,0,1018,0,9.82979,3.11359,
2371428,0,0,1,6,13,20,12,250,210,15,.6,.90,.5,.6,1.0,1300,.25,100,50,2,3,2048,1792,1024,3,9151488,464,32849172587,8,96,1,96,0,1018,0,9.60417,3.51923,90,1,90,0,1017,0,10.3,3.20919,89,1,89,0,1004,0,10.2809,3.38864,
32166,0,0,1,6,2,12,6,190,250,80,.8,1.00,.3,.6,.8,1100,.65,90,60,3,1,1920,1152,1024,2,129055744,788,328499696,8,94,1,94,0,1022,0,9.87234,3.13943,96,1,96,0,1017,0,9.59375,3.26464,94,1,94,0,1018,0,9.82979,3.11359,
301679,0,0,6,6,1,8,12,130,50,25,1.0,.80,.5,.7,.9,1300,.90,60,50,4,3,1920,1536,1152,3,58211328,206,32849172587,8,96,1,96,0,1018,0,9.60417,3.51923,90,1,90,0,1017,0,10.3,3.20919,89,1,89,0,1004,0,10.2809,3.38864,
189265,0,0,3,6,9,2,10,120,100,75,.7,.70,.5,.9,.4,1800,.40,60,40,4,2,1920,1536,1536,2,91163648,820,10265360706,8,95,1,95,0,1002,0,9.54737,3.76345,93,1,93,0,1004,0,9.7957,3.13687,95,1,95,0,1004,0,9.58947,3.06592,
320063,0,0,6,6,12,4,6,170,60,100,.5,.95,.3,.8,.6,1800,.05,50,40,1,4,1792,1024,1920,2,9909248,531,32849172587,8,96,1,96,0,1018,0,9.60417,3.51923,90,1,90,0,1017,0,10.3,3.20919,89,1,89,0,1004,0,10.2809,3.38864,
266103,0,0,12,6,6,18,16,120,60,80,.8,.95,.3,.7,.9,500,.35,60,50,4,4,1024,1280,1536,1,132623360,279,32849172587,8,96,1,96,0,1018,0,9.60417,3.51923,90,1,90,0,1017,0,10.3,3.20919,89,1,89,0,1004,0,10.2809,3.38864,
268860,0,0,12,6,8,12,20,210,230,60,.8,.90,.5,.7,.3,1200,.55,20,60,3,1,1920,1536,2048,4,46859264,501,32849172587,8,96,1,96,0,1018,0,9.60417,3.51923,90,1,90,0,1017,0,10.3,3.20919,89,1,89,0,1004,0,10.2809,3.38864,
140590,0,0,1,6,11,10,6,190,140,30,.7,.60,.2,.5,.7,900,.95,20,40,4,4,1536,1280,1408,4,130981888,599,3284923183,8,93,1,93,0,1004,0,9.7957,3.24802,97,1,97,0,1017,0,9.48454,2.95015,93,1,93,0,1000,0,9.88043,3.2699,
550753,0,0,3,6,13,24,18,110,40,50,.7,.50,.3,.6,.2,1200,.35,80,40,2,4,1280,1664,1408,2,117026816,580,32849172587,8,96,1,96,0,1018,0,9.60417,3.51923,90,1,90,0,1017,0,10.3,3.20919,89,1,89,0,1004,0,10.2809,3.38864,
21379,0,0,6,6,7,2,6,120,290,35,.6,.95,.2,.7,.9,600,.50,30,50,1,3,1152,1664,1152,3,301056,839,328499696,8,94,1,94,0,1022,0,9.87234,3.13943,96,1,96,0,1017,0,9.59375,3.26464,94,1,94,0,1018,0,9.82979,3.11359,
91417,0,0,12,6,15,22,2,130,200,35,.8,1.00,.4,.7,.6,800,.10,100,60,4,3,1664,1024,1408,1,20691968,907,10265360706,8,95,1,95,0,1002,0,9.54737,3.76345,93,1,93,0,1004,0,9.7957,3.13687,95,1,95,0,1004,0,9.58947,3.06592,
303283,0,0,6,6,1,8,2,120,250,60,.9,.60,.5,.6,.5,1300,.05,70,40,4,3,2048,1920,1408,2,120599552,713,32849172587,8,96,1,96,0,1018,0,9.60417,3.51923,90,1,90,0,1017,0,10.3,3.20919,89,1,89,0,1004,0,10.2809,3.38864,
645778,0,0,1,6,3,24,6,250,240,25,.6,.55,.5,.8,.9,1800,.05,50,60,1,4,1664,1280,1152,1,659456,506,10265360706,8,95,1,95,0,1002,0,9.54737,3.76345,93,1,93,0,1004,0,9.7957,3.13687,95,1,95,0,1004,0,9.58947,3.06592,
227797,0,0,3,6,16,14,24,190,240,65,.7,.75,.4,.8,1.0,1700,0,90,50,1,2,1664,1152,1920,4,38482944,954,10265360706,8,95,1,95,0,1002,0,9.54737,3.76345,93,1,93,0,1004,0,9.7957,3.13687,95,1,95,0,1004,0,9.58947,3.06592,
24499,0,0,6,6,12,14,2,190,260,60,.6,.70,.4,.5,.7,600,.70,70,40,2,1,1152,1408,1920,4,7078912,506,328499696,8,94,1,94,0,1022,0,9.87234,3.13943,96,1,96,0,1017,0,9.59375,3.26464,94,1,94,0,1018,0,9.82979,3.11359,
262955,0,0,12,6,14,8,12,200,190,40,1.0,.65,.5,.5,.7,1900,.85,20,40,3,2,1792,1152,2048,2,104570880,797,32849172587,8,96,1,96,0,1018,0,9.60417,3.51923,90,1,90,0,1017,0,10.3,3.20919,89,1,89,0,1004,0,10.2809,3.38864,
40273,0,0,1,6,14,14,6,190,240,55,.8,1.00,.5,.5,.6,500,.55,10,60,2,3,1664,2048,2048,2,54377472,514,328499696,8,94,1,94,0,1022,0,9.87234,3.13943,96,1,96,0,1017,0,9.59375,3.26464,94,1,94,0,1018,0,9.82979,3.11359,
1481166,0,0,1,6,10,2,12,210,250,10,1.0,.55,.4,.5,.1,1200,.90,20,40,3,4,1792,1152,1280,1,84289536,620,32849172587,8,96,1,96,0,1018,0,9.60417,3.51923,90,1,90,0,1017,0,10.3,3.20919,89,1,89,0,1004,0,10.2809,3.38864,
66869,0,0,3,6,11,4,16,100,90,5,.9,.55,.2,.7,.5,1200,.50,40,40,4,4,1792,1024,1024,3,36814848,389,3284923183,8,93,1,93,0,1004,0,9.7957,3.24802,97,1,97,0,1017,0,9.48454,2.95015,93,1,93,0,1000,0,9.88043,3.2699,
473290,0,0,3,6,5,20,18,190,270,95,.5,.60,.2,.6,.3,2000,.25,70,40,2,4,1280,1280,1792,2,81570816,625,32849172587,8,96,1,96,0,1018,0,9.60417,3.51923,90,1,90,0,1017,0,10.3,3.20919,89,1,89,0,1004,0,10.2809,3.38864,
86988,0,0,12,6,12,2,20,110,260,75,.5,.75,.4,.6,.5,1700,.35,100,60,2,2,1280,1920,2048,3,61442048,735,10265360706,8,95,1,95,0,1002,0,9.54737,3.76345,93,1,93,0,1004,0,9.7957,3.13687,95,1,95,0,1004,0,9.58947,3.06592,
115050,0,0,6,6,5,8,24,240,70,30,.8,.60,.3,.9,.7,600,.40,10,40,3,1,1536,2048,1664,3,50597888,778,10265360706,8,95,1,95,0,1002,0,9.54737,3.76345,93,1,93,0,1004,0,9.7957,3.13687,95,1,95,0,1004,0,9.58947,3.06592,
18735,0,0,12,6,7,22,22,170,240,25,1.0,1.00,.2,.6,.3,600,.70,50,50,4,4,1536,1152,1664,1,37226496,445,328499696,8,94,1,94,0,1022,0,9.87234,3.13943,96,1,96,0,1017,0,9.59375,3.26464,94,1,94,0,1018,0,9.82979,3.11359,
91812,0,0,12,6,1,12,4,140,270,55,.8,.80,.3,.7,.3,1700,.70,60,50,2,3,1152,1408,1920,2,7692288,666,10265360706,8,95,1,95,0,1002,0,9.54737,3.76345,93,1,93,0,1004,0,9.7957,3.13687,95,1,95,0,1004,0,9.58947,3.06592,
49506,0,0,6,6,4,10,16,160,180,100,.5,.50,.3,.6,.8,600,.10,20,50,4,3,1280,1024,1792,4,28684288,867,3284923183,8,93,1,93,0,1004,0,9.7957,3.24802,97,1,97,0,1017,0,9.48454,2.95015,93,1,93,0,1000,0,9.88043,3.2699,
36487,0,0,12,6,3,16,10,190,200,100,.8,.70,.2,.7,.1,700,.40,20,50,2,2,1792,1920,1408,1,11820032,292,3284923183,8,93,1,93,0,1004,0,9.7957,3.24802,97,1,97,0,1017,0,9.48454,2.95015,93,1,93,0,1000,0,9.88043,3.2699,
255583,0,0,12,6,2,4,10,110,80,25,1.0,.85,.3,.8,.1,800,.30,60,60,1,4,1280,1792,1280,4,79140864,211,32849172587,8,96,1,96,0,1018,0,9.60417,3.51923,90,1,90,0,1017,0,10.3,3.20919,89,1,89,0,1004,0,10.2809,3.38864,
30464,0,0,12,6,5,12,18,100,230,70,.5,.95,.5,.5,.6,1100,.10,80,50,1,4,1920,1920,1280,4,73999360,330,3284923183,8,93,1,93,0,1004,0,9.7957,3.24802,97,1,97,0,1017,0,9.48454,2.95015,93,1,93,0,1000,0,9.88043,3.2699,
36723,0,0,12,6,11,8,4,140,30,60,1.0,.90,.4,.6,.6,900,.35,10,40,1,4,1792,1792,1152,4,20919296,1022,3284923183,8,93,1,93,0,1004,0,9.7957,3.24802,97,1,97,0,1017,0,9.48454,2.95015,93,1,93,0,1000,0,9.88043,3.2699,
1820253,0,0,1,6,3,24,4,140,230,60,.7,.90,.4,.5,.2,1100,.30,70,40,2,3,1920,1408,1408,2,129346560,772,32849172587,8,96,1,96,0,1018,0,9.60417,3.51923,90,1,90,0,1017,0,10.3,3.20919,89,1,89,0,1004,0,10.2809,3.38864,
30192,0,0,3,6,7,8,18,220,280,5,1.0,.70,.5,.8,.4,600,.90,10,50,3,2,1152,1280,1024,2,125027328,232,328499696,8,94,1,94,0,1022,0,9.87234,3.13943,96,1,96,0,1017,0,9.59375,3.26464,94,1,94,0,1018,0,9.82979,3.11359,
28475,0,0,1,6,1,16,20,160,230,20,.5,.70,.3,.5,.6,1000,.70,40,50,1,3,1536,1280,1920,2,44299264,409,328499696,8,94,1,94,0,1022,0,9.87234,3.13943,96,1,96,0,1017,0,9.59375,3.26464,94,1,94,0,1018,0,9.82979,3.11359,
114789,0,0,6,6,3,4,22,230,300,45,.6,.85,.5,.6,0,1700,.65,70,40,4,3,1792,1664,1920,4,1465344,623,10265360706,8,95,1,95,0,1002,0,9.54737,3.76345,93,1,93,0,1004,0,9.7957,3.13687,95,1,95,0,1004,0,9.58947,3.06592,
64823,0,0,3,6,10,24,12,100,10,25,.6,.90,.5,.9,.3,900,.35,100,50,2,4,1536,1664,1024,1,100326400,439,3284923183,8,93,1,93,0,1004,0,9.7957,3.24802,97,1,97,0,1017,0,9.48454,2.95015,93,1,93,0,1000,0,9.88043,3.2699,
24455,0,0,3,6,4,12,18,170,80,20,.9,.65,.4,.7,.4,1900,.10,40,50,1,4,1280,1408,1024,4,11509760,791,328499696,8,94,1,94,0,1022,0,9.87234,3.13943,96,1,96,0,1017,0,9.59375,3.26464,94,1,94,0,1018,0,9.82979,3.11359,
311571,0,0,6,6,13,14,12,160,280,75,1.0,.85,.5,.8,.1,700,1.00,30,60,3,1,1920,1408,1536,4,20348928,730,32849172587,8,96,1,96,0,1018,0,9.60417,3.51923,90,1,90,0,1017,0,10.3,3.20919,89,1,89,0,1004,0,10.2809,3.38864,
95031,0,0,12,6,6,4,10,140,140,70,.5,.70,.4,.8,.7,900,.40,80,50,2,3,1280,1280,1152,1,119758848,987,10265360706,8,95,1,95,0,1002,0,9.54737,3.76345,93,1,93,0,1004,0,9.7957,3.13687,95,1,95,0,1004,0,9.58947,3.06592,
26586,0,0,3,6,3,10,20,210,20,35,.8,.75,.2,.7,0,1300,.90,10,60,3,2,1792,1792,1536,4,74332160,511,328499696,8,94,1,94,0,1022,0,9.87234,3.13943,96,1,96,0,1017,0,9.59375,3.26464,94,1,94,0,1018,0,9.82979,3.11359,
70579,0,0,3,6,9,6,10,150,80,80,.9,.55,.2,.8,.4,1200,.95,70,40,2,2,1792,1792,2048,2,102515712,703,3284923183,8,93,1,93,0,1004,0,9.7957,3.24802,97,1,97,0,1017,0,9.48454,2.95015,93,1,93,0,1000,0,9.88043,3.2699,
293015,0,0,6,6,16,12,16,160,60,35,.9,.80,.2,.8,.8,800,.75,70,40,4,2,1024,1920,1152,2,108469248,396,32849172587,8,96,1,96,0,1018,0,9.60417,3.51923,90,1,90,0,1017,0,10.3,3.20919,89,1,89,0,1004,0,10.2809,3.38864,
47388,0,0,6,6,1,20,14,140,220,25,.6,1.00,.2,.8,.5,800,.25,70,50,1,2,1792,1152,1280,2,11307008,754,3284923183,8,93,1,93,0,1004,0,9.7957,3.24802,97,1,97,0,1017,0,9.48454,2.95015,93,1,93,0,1000,0,9.88043,3.2699,
1428261,0,0,1,6,10,14,24,170,30,10,.9,1.00,.2,.6,1.0,1500,.35,90,60,4,2,1152,2048,1792,3,37084160,898,32849172587,8,96,1,96,0,1018,0,9.60417,3.51923,90,1,90,0,1017,0,10.3,3.20919,89,1,89,0,1004,0,10.2809,3.38864,
91238,0,0,12,6,2,14,10,120,300,45,.7,.90,.3,.7,0,1800,.90,30,40,3,4,1408,1536,1024,1,133387264,681,10265360706,8,95,1,95,0,1002,0,9.54737,3.76345,93,1,93,0,1004,0,9.7957,3.13687,95,1,95,0,1004,0,9.58947,3.06592,
503107,0,0,1,6,13,12,2,240,290,5,.9,.85,.5,.5,.6,1200,.90,20,60,2,3,1792,1920,1152,3,24215552,936,10265360706,8,95,1,95,0,1002,0,9.54737,3.76345,93,1,93,0,1004,0,9.7957,3.13687,95,1,95,0,1004,0,9.58947,3.06592,
52667,0,0,6,6,4,18,10,180,250,45,.5,.60,.3,.7,.3,1500,0,90,50,4,3,1920,1792,1408,3,32198656,570,3284923183,8,93,1,93,0,1004,0,9.7957,3.24802,97,1,97,0,1017,0,9.48454,2.95015,93,1,93,0,1000,0,9.88043,3.2699,
84191,0,0,12,6,10,24,14,100,270,85,.8,.55,.2,.9,.5,500,.25,90,50,1,3,1536,1280,1536,3,37292032,866,10265360706,8,95,1,95,0,1002,0,9.54737,3.76345,93,1,93,0,1004,0,9.7957,3.13687,95,1,95,0,1004,0,9.58947,3.06592,
601005,0,0,1,6,8,22,2,140,60,70,.9,1.00,.2,.5,.2,1600,.60,90,40,4,1,2048,1024,1536,1,127943680,388,10265360706,8,95,1,95,0,1002,0,9.54737,3.76345,93,1,93,0,1004,0,9.7957,3.13687,95,1,95,0,1004,0,9.58947,3.06592,
36881,0,0,12,6,9,8,14,180,100,75,.7,.55,.3,.5,.7,1400,.30,70,50,2,3,1792,1280,1024,3,114795520,430,3284923183,8,93,1,93,0,1004,0,9.7957,3.24802,97,1,97,0,1017,0,9.48454,2.95015,93,1,93,0,1000,0,9.88043,3.2699,
38493,0,0,12,6,6,16,20,200,250,15,1.0,.90,.2,.7,.9,1500,.85,90,40,1,1,1408,2048,1408,4,117583872,388,3284923183,8,93,1,93,0,1004,0,9.7957,3.24802,97,1,97,0,1017,0,9.48454,2.95015,93,1,93,0,1000,0,9.88043,3.2699,
210634,0,0,1,6,15,12,18,240,100,95,.8,.65,.5,.6,.6,800,.10,100,60,4,1,1664,2048,1408,3,78237696,1015,3284923183,8,93,1,93,0,1004,0,9.7957,3.24802,97,1,97,0,1017,0,9.48454,2.95015,93,1,93,0,1000,0,9.88043,3.2699,
149584,0,0,3,6,3,4,4,160,40,60,.5,.60,.5,.6,.4,1400,.55,90,50,1,2,1536,1792,1280,2,91247616,583,10265360706,8,95,1,95,0,1002,0,9.54737,3.76345,93,1,93,0,1004,0,9.7957,3.13687,95,1,95,0,1004,0,9.58947,3.06592,
321158,0,0,6,6,7,14,22,250,190,80,.8,.85,.4,.9,0,1700,1.00,60,60,4,2,1920,1664,1280,3,43163648,656,32849172587,8,96,1,96,0,1018,0,9.60417,3.51923,90,1,90,0,1017,0,10.3,3.20919,89,1,89,0,1004,0,10.2809,3.38864,
68413,0,0,3,6,2,14,20,230,260,50,.7,.60,.4,.6,.2,600,.75,50,50,4,2,1280,1536,1280,4,80078848,264,3284923183,8,93,1,93,0,1004,0,9.7957,3.24802,97,1,97,0,1017,0,9.48454,2.95015,93,1,93,0,1000,0,9.88043,3.2699,
62361,0,0,3,6,8,2,10,150,190,50,.5,.90,.4,.9,.2,1700,.75,20,60,1,1,1024,1536,1408,1,127895552,711,3284923183,8,93,1,93,0,1004,0,9.7957,3.24802,97,1,97,0,1017,0,9.48454,2.95015,93,1,93,0,1000,0,9.88043,3.2699,
140317,0,0,1,6,13,18,6,140,270,80,.7,.50,.2,.6,.9,1000,.95,10,50,1,3,1408,1408,1664,1,64137216,901,3284923183,8,93,1,93,0,1004,0,9.7957,3.24802,97,1,97,0,1017,0,9.48454,2.95015,93,1,93,0,1000,0,9.88043,3.2699,
66413,0,0,6,6,14,20,22,130,270,20,1.0,.50,.3,.5,.2,2000,.45,80,50,1,3,1024,2048,1152,1,17895424,273,3284923183,8,93,1,93,0,1004,0,9.7957,3.24802,97,1,97,0,1017,0,9.48454,2.95015,93,1,93,0,1000,0,9.88043,3.2699,
31381,0,0,1,6,5,2,12,180,160,80,.7,.65,.4,.6,.6,600,.30,20,50,4,2,1408,2048,2048,4,18516992,481,328499696,8,94,1,94,0,1022,0,9.87234,3.13943,96,1,96,0,1017,0,9.59375,3.26464,94,1,94,0,1018,0,9.82979,3.11359,
428914,0,0,3,6,2,12,22,200,130,20,.5,.65,.4,.8,.5,2000,.05,70,60,4,2,1536,1024,1920,1,86989824,348,32849172587,8,96,1,96,0,1018,0,9.60417,3.51923,90,1,90,0,1017,0,10.3,3.20919,89,1,89,0,1004,0,10.2809,3.38864,
123020,0,0,6,6,12,18,6,230,10,15,.9,.80,.3,.5,.4,700,0,20,60,2,3,1664,1280,1280,2,41735168,336,10265360706,8,95,1,95,0,1002,0,9.54737,3.76345,93,1,93,0,1004,0,9.7957,3.13687,95,1,95,0,1004,0,9.58947,3.06592,
158309,0,0,3,6,11,20,8,230,170,50,.7,.50,.2,.9,.3,900,.65,70,60,3,3,1408,2048,1024,1,110876672,746,10265360706,8,95,1,95,0,1002,0,9.54737,3.76345,93,1,93,0,1004,0,9.7957,3.13687,95,1,95,0,1004,0,9.58947,3.06592,
551784,0,0,1,6,13,6,20,250,20,25,.7,.95,.5,.9,.1,1600,.35,80,40,2,4,1536,1024,1280,1,32078848,210,10265360706,8,95,1,95,0,1002,0,9.54737,3.76345,93,1,93,0,1004,0,9.7957,3.13687,95,1,95,0,1004,0,9.58947,3.06592,
40723,0,0,1,6,15,18,4,220,160,35,.7,.80,.2,.9,.1,700,.85,60,60,2,4,1536,2048,1408,4,53365760,330,328499696,8,94,1,94,0,1022,0,9.87234,3.13943,96,1,96,0,1017,0,9.59375,3.26464,94,1,94,0,1018,0,9.82979,3.11359,
17554,0,0,12,6,16,24,20,140,40,100,.8,.85,.4,.9,.6,2000,.05,90,50,3,2,2048,1920,1920,4,91857920,387,328499696,8,94,1,94,0,1022,0,9.87234,3.13943,96,1,96,0,1017,0,9.59375,3.26464,94,1,94,0,1018,0,9.82979,3.11359,
184593,0,0,3,6,6,18,2,180,270,35,.9,.90,.3,.7,.2,1700,.50,80,40,4,3,1920,1792,1792,1,54309888,295,10265360706,8,95,1,95,0,1002,0,9.54737,3.76345,93,1,93,0,1004,0,9.7957,3.13687,95,1,95,0,1004,0,9.58947,3.06592,
25406,0,0,3,6,3,16,20,160,180,20,.8,.90,.4,.8,.8,1100,.60,10,40,1,3,1408,1664,2048,1,35566592,274,328499696,8,94,1,94,0,1022,0,9.87234,3.13943,96,1,96,0,1017,0,9.59375,3.26464,94,1,94,0,1018,0,9.82979,3.11359,
258778,0,0,12,6,15,12,2,100,160,35,.6,1.00,.2,.7,1.0,1700,.45,50,50,2,1,1280,1792,1920,1,55256064,243,32849172587,8,96,1,96,0,1018,0,9.60417,3.51923,90,1,90,0,1017,0,10.3,3.20919,89,1,89,0,1004,0,10.2809,3.38864,
395115,0,0,1,6,10,12,14,190,240,80,.9,.55,.4,.5,0,1100,1.00,20,40,1,2,1408,1792,1536,4,93961216,488,10265360706,8,95,1,95,0,1002,0,9.54737,3.76345,93,1,93,0,1004,0,9.7957,3.13687,95,1,95,0,1004,0,9.58947,3.06592,
1563019,0,0,1,6,3,4,24,200,190,95,.9,.90,.4,.9,.4,600,.70,90,40,1,2,1664,1024,1536,3,27721728,435,32849172587,8,96,1,96,0,1018,0,9.60417,3.51923,90,1,90,0,1017,0,10.3,3.20919,89,1,89,0,1004,0,10.2809,3.38864,
95087,0,0,12,6,11,2,2,220,130,35,.5,.70,.2,.9,.6,1200,.75,80,60,1,1,1664,1152,1792,4,101820416,959,10265360706,8,95,1,95,0,1002,0,9.54737,3.76345,93,1,93,0,1004,0,9.7957,3.13687,95,1,95,0,1004,0,9.58947,3.06592,
24747,0,0,3,6,9,12,14,160,130,55,1.0,.60,.4,.9,.8,1100,.40,80,50,1,1,1664,1664,1920,3,27749376,418,328499696,8,94,1,94,0,1022,0,9.87234,3.13943,96,1,96,0,1017,0,9.59375,3.26464,94,1,94,0,1018,0,9.82979,3.11359,
59679,0,0,6,6,15,24,20,130,190,55,.7,.95,.2,.8,.7,700,.95,20,40,4,4,1024,1024,1280,3,91322368,235,3284923183,8,93,1,93,0,1004,0,9.7957,3.24802,97,1,97,0,1017,0,9.48454,2.95015,93,1,93,0,1000,0,9.88043,3.2699,
68897,0,0,3,6,5,8,4,130,210,95,1.0,.60,.2,.7,1.0,1000,.65,40,40,3,2,1664,1280,1280,1,7852032,931,3284923183,8,93,1,93,0,1004,0,9.7957,3.24802,97,1,97,0,1017,0,9.48454,2.95015,93,1,93,0,1000,0,9.88043,3.2699,
305001,0,0,6,6,10,2,2,240,180,15,.5,.60,.5,.8,.6,900,1.00,20,60,4,3,1152,1792,1024,1,116163584,787,32849172587,8,96,1,96,0,1018,0,9.60417,3.51923,90,1,90,0,1017,0,10.3,3.20919,89,1,89,0,1004,0,10.2809,3.38864,
24700,0,0,3,6,8,12,4,180,230,50,.9,1.00,.3,.6,.8,900,0,100,40,1,2,1920,1280,1792,3,51269632,975,328499696,8,94,1,94,0,1022,0,9.87234,3.13943,96,1,96,0,1017,0,9.59375,3.26464,94,1,94,0,1018,0,9.82979,3.11359,
50834,0,0,6,6,12,2,24,140,300,75,.7,.85,.5,.9,.3,700,.70,20,40,3,1,1792,1792,1024,2,24034304,296,3284923183,8,93,1,93,0,1004,0,9.7957,3.24802,97,1,97,0,1017,0,9.48454,2.95015,93,1,93,0,1000,0,9.88043,3.2699,
198229,0,0,3,6,6,20,10,140,180,100,.8,.55,.3,.8,.1,1000,.10,80,60,2,1,2048,1792,2048,3,32224256,491,10265360706,8,95,1,95,0,1002,0,9.54737,3.76345,93,1,93,0,1004,0,9.7957,3.13687,95,1,95,0,1004,0,9.58947,3.06592,
34294,0,0,1,6,3,4,18,150,50,85,.7,1.00,.3,.7,1.0,1200,1.00,60,60,4,2,1152,1024,1792,2,86258688,648,328499696,8,94,1,94,0,1022,0,9.87234,3.13943,96,1,96,0,1017,0,9.59375,3.26464,94,1,94,0,1018,0,9.82979,3.11359,
421467,0,0,3,6,16,10,18,140,260,60,.8,.55,.4,.6,.7,600,.70,80,60,3,4,1024,1792,1024,4,68820992,294,32849172587,8,96,1,96,0,1018,0,9.60417,3.51923,90,1,90,0,1017,0,10.3,3.20919,89,1,89,0,1004,0,10.2809,3.38864,
23469,0,0,3,6,7,22,10,120,280,55,1.0,.85,.3,.9,.5,1500,.30,100,50,3,1,1280,1920,1792,2,20052992,283,328499696,8,94,1,94,0,1022,0,9.87234,3.13943,96,1,96,0,1017,0,9.59375,3.26464,94,1,94,0,1018,0,9.82979,3.11359,
296622,0,0,6,6,14,14,6,250,10,65,.8,.60,.4,.5,.6,900,.75,60,40,3,3,1024,2048,1664,4,104187904,641,32849172587,8,96,1,96,0,1018,0,9.60417,3.51923,90,1,90,0,1017,0,10.3,3.20919,89,1,89,0,1004,0,10.2809,3.38864,
68002,0,0,3,6,6,8,8,150,160,80,.8,.55,.2,.8,.2,1100,.40,20,60,3,4,2048,1664,1280,4,10701824,635,3284923183,8,93,1,93,0,1004,0,9.7957,3.24802,97,1,97,0,1017,0,9.48454,2.95015,93,1,93,0,1000,0,9.88043,3.2699,
40842,0,0,12,6,13,20,12,250,100,20,.5,.65,.3,.7,.2,800,.60,10,40,1,3,1152,1280,2048,4,85637120,792,3284923183,8,93,1,93,0,1004,0,9.7957,3.24802,97,1,97,0,1017,0,9.48454,2.95015,93,1,93,0,1000,0,9.88043,3.2699,
17430,0,0,12,6,8,12,18,130,50,30,.6,.50,.3,.9,.1,1300,.05,70,40,2,3,1024,1152,2048,1,51518464,729,328499696,8,94,1,94,0,1022,0,9.87234,3.13943,96,1,96,0,1017,0,9.59375,3.26464,94,1,94,0,1018,0,9.82979,3.11359,
263098,0,0,12,6,1,6,6,230,150,70,.5,.60,.4,.6,.6,1700,.10,90,50,3,3,1536,1408,1664,3,86872064,862,32849172587,8,96,1,96,0,1018,0,9.60417,3.51923,90,1,90,0,1017,0,10.3,3.20919,89,1,89,0,1004,0,10.2809,3.38864,
114273,0,0,6,6,7,12,20,230,20,5,.6,.50,.2,.6,0,700,.10,10,60,1,4,1152,1152,1664,4,55832576,266,10265360706,8,95,1,95,0,1002,0,9.54737,3.76345,93,1,93,0,1004,0,9.7957,3.13687,95,1,95,0,1004,0,9.58947,3.06592,
33291,0,0,12,6,1,24,16,120,130,40,.5,.65,.2,.7,.4,1600,.10,70,40,4,2,1408,1536,2048,3,23652352,543,3284923183,8,93,1,93,0,1004,0,9.7957,3.24802,97,1,97,0,1017,0,9.48454,2.95015,93,1,93,0,1000,0,9.88043,3.2699,
111979,0,0,6,6,5,10,10,210,260,95,1.0,.60,.5,.5,.8,800,.25,10,50,4,1,1280,1920,1920,1,3920896,360,10265360706,8,95,1,95,0,1002,0,9.54737,3.76345,93,1,93,0,1004,0,9.7957,3.13687,95,1,95,0,1004,0,9.58947,3.06592,
38469,0,0,12,6,11,24,2,210,210,15,.7,.80,.2,.8,.2,500,0,10,50,3,4,1152,1920,1920,2,80627712,410,3284923183,8,93,1,93,0,1004,0,9.7957,3.24802,97,1,97,0,1017,0,9.48454,2.95015,93,1,93,0,1000,0,9.88043,3.2699,
65651,0,0,3,6,4,12,6,230,70,55,.5,1.00,.2,.9,.4,1200,.10,60,40,1,4,1024,1280,1280,1,107232256,245,3284923183,8,93,1,93,0,1004,0,9.7957,3.24802,97,1,97,0,1017,0,9.48454,2.95015,93,1,93,0,1000,0,9.88043,3.2699,
1760689,0,0,1,6,14,20,18,190,260,65,.6,.55,.5,.6,.2,1300,.70,60,50,4,1,2048,1024,1152,4,46382080,313,32849172587,8,96,1,96,0,1018,0,9.60417,3.51923,90,1,90,0,1017,0,10.3,3.20919,89,1,89,0,1004,0,10.2809,3.38864,
37817,0,0,1,6,6,10,22,250,120,5,.6,.55,.4,.5,.5,900,.75,80,50,1,1,1792,1280,1024,4,133522432,319,328499696,8,94,1,94,0,1022,0,9.87234,3.13943,96,1,96,0,1017,0,9.59375,3.26464,94,1,94,0,1018,0,9.82979,3.11359,
52861,0,0,6,6,15,24,14,250,130,100,.5,.75,.4,.8,.5,900,.40,90,60,1,3,1536,1664,1664,2,74052608,268,3284923183,8,93,1,93,0,1004,0,9.7957,3.24802,97,1,97,0,1017,0,9.48454,2.95015,93,1,93,0,1000,0,9.88043,3.2699,
113001,0,0,6,6,2,8,6,170,160,25,.7,.80,.2,.8,.7,900,.20,70,40,2,3,1920,1664,1792,4,21473280,205,10265360706,8,95,1,95,0,1002,0,9.54737,3.76345,93,1,93,0,1004,0,9.7957,3.13687,95,1,95,0,1004,0,9.58947,3.06592,
38481,0,0,12,6,13,2,10,230,110,30,.8,1.00,.2,.6,1.0,900,.15,80,60,3,4,1920,1920,1920,1,70996992,798,3284923183,8,93,1,93,0,1004,0,9.7957,3.24802,97,1,97,0,1017,0,9.48454,2.95015,93,1,93,0,1000,0,9.88043,3.2699,
68418,0,0,3,6,4,18,24,170,100,55,.8,.90,.2,.6,.9,1300,0,20,40,1,2,2048,1920,1664,3,133649408,543,3284923183,8,93,1,93,0,1004,0,9.7957,3.24802,97,1,97,0,1017,0,9.48454,2.95015,93,1,93,0,1000,0,9.88043,3.2699,
506030,0,0,3,6,3,22,22,150,160,65,.5,.70,.4,.6,0,1800,.50,60,60,4,3,1664,1664,1024,3,78905344,898,32849172587,8,96,1,96,0,1018,0,9.60417,3.51923,90,1,90,0,1017,0,10.3,3.20919,89,1,89,0,1004,0,10.2809,3.38864,
557203,0,0,1,6,4,6,6,150,120,65,.9,.75,.5,.6,.9,1300,.35,50,40,2,3,2048,1920,1280,4,71956480,407,10265360706,8,95,1,95,0,1002,0,9.54737,3.76345,93,1,93,0,1004,0,9.7957,3.13687,95,1,95,0,1004,0,9.58947,3.06592,
31428,0,0,1,6,5,22,14,220,60,35,.8,.85,.4,.9,.6,1700,.50,50,60,4,1,2048,1536,1280,4,23134208,962,328499696,8,94,1,94,0,1022,0,9.87234,3.13943,96,1,96,0,1017,0,9.59375,3.26464,94,1,94,0,1018,0,9.82979,3.11359,
108718,0,0,6,6,9,6,12,230,100,65,.9,.90,.3,.5,.8,2000,.70,60,40,3,4,1152,1664,1792,3,29180928,210,10265360706,8,95,1,95,0,1002,0,9.54737,3.76345,93,1,93,0,1004,0,9.7957,3.13687,95,1,95,0,1004,0,9.58947,3.06592,
30237,0,0,1,6,5,16,6,160,10,50,.9,.50,.3,.5,.9,1300,.20,10,50,2,1,1024,1664,1408,1,36340736,317,328499696,8,94,1,94,0,1022,0,9.87234,3.13943,96,1,96,0,1017,0,9.59375,3.26464,94,1,94,0,1018,0,9.82979,3.11359,
285621,0,0,6,6,3,16,20,190,140,25,.5,.50,.2,.5,0,1900,.35,90,60,4,2,1024,1536,1664,3,134002688,446,32849172587,8,96,1,96,0,1018,0,9.60417,3.51923,90,1,90,0,1017,0,10.3,3.20919,89,1,89,0,1004,0,10.2809,3.38864,
52135,0,0,6,6,11,10,2,210,120,60,.6,.90,.3,.6,.7,1600,.35,30,50,1,2,1920,1920,1792,4,9001984,263,3284923183,8,93,1,93,0,1004,0,9.7957,3.24802,97,1,97,0,1017,0,9.48454,2.95015,93,1,93,0,1000,0,9.88043,3.2699,
21819,0,0,3,6,7,6,20,190,120,70,.8,.90,.4,.5,.3,1100,.05,100,50,1,3,1792,1152,1408,1,11660288,802,328499696,8,94,1,94,0,1022,0,9.87234,3.13943,96,1,96,0,1017,0,9.59375,3.26464,94,1,94,0,1018,0,9.82979,3.11359,
442477,0,0,3,6,3,6,12,140,260,55,.9,.80,.4,.7,.1,1100,.65,90,60,3,1,1536,1792,2048,2,1139712,561,32849172587,8,96,1,96,0,1018,0,9.60417,3.51923,90,1,90,0,1017,0,10.3,3.20919,89,1,89,0,1004,0,10.2809,3.38864,
51477,0,0,6,6,6,18,12,200,120,15,.5,.80,.4,.5,.6,900,.65,50,40,1,3,1152,1152,1792,1,34521088,723,3284923183,8,93,1,93,0,1004,0,9.7957,3.24802,97,1,97,0,1017,0,9.48454,2.95015,93,1,93,0,1000,0,9.88043,3.2699,
167703,0,0,1,6,6,18,16,150,150,30,.5,.95,.4,.5,.4,1600,.55,80,50,3,2,1664,1024,2048,4,69086208,415,3284923183,8,93,1,93,0,1004,0,9.7957,3.24802,97,1,97,0,1017,0,9.48454,2.95015,93,1,93,0,1000,0,9.88043,3.2699,
378261,0,0,1,6,9,2,14,180,90,25,.6,1.00,.3,.9,.1,1000,1.00,60,40,1,1,1408,2048,1536,4,30117888,385,10265360706,8,95,1,95,0,1002,0,9.54737,3.76345,93,1,93,0,1004,0,9.7957,3.13687,95,1,95,0,1004,0,9.58947,3.06592,
88654,0,0,12,6,1,4,20,160,190,25,.8,.80,.2,.6,.1,1000,.45,70,50,1,3,1792,1920,1536,3,71719936,467,10265360706,8,95,1,95,0,1002,0,9.54737,3.76345,93,1,93,0,1004,0,9.7957,3.13687,95,1,95,0,1004,0,9.58947,3.06592,
92939,0,0,12,6,4,16,6,190,180,95,1.0,.60,.4,.5,.4,1500,.25,90,40,4,4,1408,1792,1920,2,56347648,652,10265360706,8,95,1,95,0,1002,0,9.54737,3.76345,93,1,93,0,1004,0,9.7957,3.13687,95,1,95,0,1004,0,9.58947,3.06592,
145961,0,0,1,6,13,2,22,140,90,10,.7,.85,.2,.6,.1,700,1.00,100,40,1,3,1536,1024,1792,2,30353408,525,3284923183,8,93,1,93,0,1004,0,9.7957,3.24802,97,1,97,0,1017,0,9.48454,2.95015,93,1,93,0,1000,0,9.88043,3.2699,
1320949,0,0,1,6,12,24,18,150,70,100,.7,.75,.5,.8,.7,500,1.00,100,50,1,4,1920,1792,1792,3,112008192,547,32849172587,8,96,1,96,0,1018,0,9.60417,3.51923,90,1,90,0,1017,0,10.3,3.20919,89,1,89,0,1004,0,10.2809,3.38864,
303180,0,0,6,6,2,18,16,110,80,10,.7,1.00,.5,.6,.6,1500,.20,50,40,4,3,1792,1408,1792,3,20706304,1005,32849172587,8,96,1,96,0,1018,0,9.60417,3.51923,90,1,90,0,1017,0,10.3,3.20919,89,1,89,0,1004,0,10.2809,3.38864,
71714,0,0,3,6,9,2,8,250,190,5,1.0,.70,.2,.9,0,1200,.95,90,50,3,2,1408,1152,1536,2,45834240,320,3284923183,8,93,1,93,0,1004,0,9.7957,3.24802,97,1,97,0,1017,0,9.48454,2.95015,93,1,93,0,1000,0,9.88043,3.2699,
68741,0,0,3,6,6,8,6,100,190,15,1.0,.90,.4,.7,.3,1300,.90,20,60,1,2,1920,1280,1408,4,106569728,908,3284923183,8,93,1,93,0,1004,0,9.7957,3.24802,97,1,97,0,1017,0,9.48454,2.95015,93,1,93,0,1000,0,9.88043,3.2699,
76200,0,0,3,6,11,12,10,110,20,85,.9,.80,.4,.6,.1,1300,.05,10,40,4,4,1920,1408,2048,4,14870528,276,3284923183,8,93,1,93,0,1004,0,9.7957,3.24802,97,1,97,0,1017,0,9.48454,2.95015,93,1,93,0,1000,0,9.88043,3.2699,
294287,0,0,6,6,5,6,4,190,300,60,.6,.75,.2,.6,1.0,600,.75,60,40,2,2,1536,1792,1280,2,115151872,306,32849172587,8,96,1,96,0,1018,0,9.60417,3.51923,90,1,90,0,1017,0,10.3,3.20919,89,1,89,0,1004,0,10.2809,3.38864,
167371,0,0,1,6,3,18,10,160,160,45,1.0,1.00,.4,.6,.4,600,.55,30,50,1,4,2048,1408,1280,4,16801792,354,3284923183,8,93,1,93,0,1004,0,9.7957,3.24802,97,1,97,0,1017,0,9.48454,2.95015,93,1,93,0,1000,0,9.88043,3.2699,
405823,0,0,1,6,16,14,6,190,180,75,1.0,.65,.5,.6,.6,1200,.85,60,40,3,4,1280,1024,2048,1,98673664,431,10265360706,8,95,1,95,0,1002,0,9.54737,3.76345,93,1,93,0,1004,0,9.7957,3.13687,95,1,95,0,1004,0,9.58947,3.06592,
432370,0,0,3,6,3,20,10,140,100,10,.7,.90,.5,.8,.1,1700,.60,60,50,4,4,1152,1536,2048,3,40088576,340,32849172587,8,96,1,96,0,1018,0,9.60417,3.51923,90,1,90,0,1017,0,10.3,3.20919,89,1,89,0,1004,0,10.2809,3.38864,
150611,0,0,1,6,7,8,4,140,80,85,.7,.90,.3,.9,.7,500,0,30,40,3,4,1280,1152,1536,3,48784384,525,3284923183,8,93,1,93,0,1004,0,9.7957,3.24802,97,1,97,0,1017,0,9.48454,2.95015,93,1,93,0,1000,0,9.88043,3.2699,
35078,0,0,1,6,12,16,12,150,200,90,1.0,.65,.5,.5,.6,1000,.15,30,60,2,3,1024,1792,1408,1,51420160,262,328499696,8,94,1,94,0,1022,0,9.87234,3.13943,96,1,96,0,1017,0,9.59375,3.26464,94,1,94,0,1018,0,9.82979,3.11359,
63078,0,0,3,6,10,8,16,120,170,60,.6,.65,.2,.5,.4,700,.30,40,60,3,3,1024,1792,1664,1,3546112,848,3284923183,8,93,1,93,0,1004,0,9.7957,3.24802,97,1,97,0,1017,0,9.48454,2.95015,93,1,93,0,1000,0,9.88043,3.2699,
156164,0,0,3,6,12,4,16,170,70,50,1.0,.70,.2,.8,.6,1900,.90,80,50,3,3,1664,1408,1152,2,62432256,697,10265360706,8,95,1,95,0,1002,0,9.54737,3.76345,93,1,93,0,1004,0,9.7957,3.13687,95,1,95,0,1004,0,9.58947,3.06592,
19360,0,0,6,6,11,24,16,120,140,30,.5,1.00,.4,.9,.7,600,.90,30,40,1,1,1024,1536,2048,2,86513664,535,328499696,8,94,1,94,0,1022,0,9.87234,3.13943,96,1,96,0,1017,0,9.59375,3.26464,94,1,94,0,1018,0,9.82979,3.11359,
177634,0,0,3,6,10,20,16,210,270,10,.9,.80,.5,.7,.9,1600,.40,50,40,3,3,1408,1792,1024,3,113865728,754,10265360706,8,95,1,95,0,1002,0,9.54737,3.76345,93,1,93,0,1004,0,9.7957,3.13687,95,1,95,0,1004,0,9.58947,3.06592,
1511757,0,0,1,6,12,16,10,180,70,90,.9,.70,.5,.6,.5,700,.60,90,50,2,1,1280,1152,1664,4,17722368,967,32849172587,8,96,1,96,0,1018,0,9.60417,3.51923,90,1,90,0,1017,0,10.3,3.20919,89,1,89,0,1004,0,10.2809,3.38864,
19341,0,0,6,6,8,22,16,190,270,60,.9,.75,.5,.9,0,1500,.55,50,60,3,3,1152,1408,1408,2,125650944,928,328499696,8,94,1,94,0,1022,0,9.87234,3.13943,96,1,96,0,1017,0,9.59375,3.26464,94,1,94,0,1018,0,9.82979,3.11359,
91330,0,0,12,6,9,14,14,160,220,40,.5,.85,.5,.9,1.0,700,.65,70,40,1,4,2048,1280,1152,2,13630464,987,10265360706,8,95,1,95,0,1002,0,9.54737,3.76345,93,1,93,0,1004,0,9.7957,3.13687,95,1,95,0,1004,0,9.58947,3.06592,
162249,0,0,1,6,12,16,24,230,100,60,1.0,.80,.2,.9,.5,1600,.40,50,40,3,1,1152,1408,1280,4,70702080,654,3284923183,8,93,1,93,0,1004,0,9.7957,3.24802,97,1,97,0,1017,0,9.48454,2.95015,93,1,93,0,1000,0,9.88043,3.2699,
18612,0,0,6,6,3,22,24,130,230,50,.7,.90,.2,.6,.3,1900,.55,90,50,3,3,1408,2048,1920,4,60165120,393,328499696,8,94,1,94,0,1022,0,9.87234,3.13943,96,1,96,0,1017,0,9.59375,3.26464,94,1,94,0,1018,0,9.82979,3.11359,
1195027,0,0,1,6,1,4,14,160,210,80,.7,.70,.2,.8,1.0,1100,.80,70,40,1,2,1408,1536,1664,4,51998720,603,32849172587,8,96,1,96,0,1018,0,9.60417,3.51923,90,1,90,0,1017,0,10.3,3.20919,89,1,89,0,1004,0,10.2809,3.38864,
344203,0,0,6,6,15,8,2,240,130,65,.9,.55,.4,.5,.7,1400,.50,100,50,2,4,1408,1920,1536,1,120818688,441,32849172587,8,96,1,96,0,1018,0,9.60417,3.51923,90,1,90,0,1017,0,10.3,3.20919,89,1,89,0,1004,0,10.2809,3.38864,
28645,0,0,3,6,12,16,20,160,40,25,.5,.85,.5,.6,.6,900,.80,50,60,2,3,2048,1792,1024,4,98522112,936,328499696,8,94,1,94,0,1022,0,9.87234,3.13943,96,1,96,0,1017,0,9.59375,3.26464,94,1,94,0,1018,0,9.82979,3.11359,
299583,0,0,6,6,11,18,18,100,140,35,.7,.90,.4,.5,.2,1100,.75,50,60,4,2,1280,1664,1536,1,93702144,697,32849172587,8,96,1,96,0,1018,0,9.60417,3.51923,90,1,90,0,1017,0,10.3,3.20919,89,1,89,0,1004,0,10.2809,3.38864,
315223,0,0,12,6,4,24,8,150,60,90,1.0,.90,.5,.8,.8,1800,.10,60,50,1,4,1152,1536,1408,2,29320192,352,32849172587,8,96,1,96,0,1018,0,9.60417,3.51923,90,1,90,0,1017,0,10.3,3.20919,89,1,89,0,1004,0,10.2809,3.38864,
90000,0,0,12,6,10,16,22,100,150,30,1.0,.90,.4,.8,.3,1800,.20,50,40,2,2,1792,1792,1024,4,7690240,577,10265360706,8,95,1,95,0,1002,0,9.54737,3.76345,93,1,93,0,1004,0,9.7957,3.13687,95,1,95,0,1004,0,9.58947,3.06592,
28209,0,0,3,6,6,24,24,160,160,55,1.0,.75,.3,.9,.4,1800,.80,70,50,3,4,1536,1408,1536,1,25161728,846,328499696,8,94,1,94,0,1022,0,9.87234,3.13943,96,1,96,0,1017,0,9.59375,3.26464,94,1,94,0,1018,0,9.82979,3.11359,
113391,0,0,6,6,12,20,18,200,120,80,1.0,.60,.5,.8,.4,1400,.05,100,60,4,4,1792,1152,1024,1,128557056,652,10265360706,8,95,1,95,0,1002,0,9.54737,3.76345,93,1,93,0,1004,0,9.7957,3.13687,95,1,95,0,1004,0,9.58947,3.06592,
97868,0,0,12,6,2,4,16,230,130,20,.5,.90,.5,.5,.5,1600,.65,50,50,1,3,1792,2048,1024,1,131701760,821,10265360706,8,95,1,95,0,1002,0,9.54737,3.76345,93,1,93,0,1004,0,9.7957,3.13687,95,1,95,0,1004,0,9.58947,3.06592,
19381,0,0,6,6,3,18,6,110,40,65,.5,.90,.2,.5,.2,600,.90,30,50,1,2,1536,1152,1152,4,73960448,271,328499696,8,94,1,94,0,1022,0,9.87234,3.13943,96,1,96,0,1017,0,9.59375,3.26464,94,1,94,0,1018,0,9.82979,3.11359,
295930,0,0,6,6,15,18,8,250,120,55,.5,.70,.3,.9,1.0,500,.95,80,50,2,4,1280,1280,1408,4,38103040,459,32849172587,8,96,1,96,0,1018,0,9.60417,3.51923,90,1,90,0,1017,0,10.3,3.20919,89,1,89,0,1004,0,10.2809,3.38864,
17468,0,0,6,6,14,6,20,140,170,15,.6,1.00,.5,.5,.4,1100,0,30,50,2,1,1536,1408,1536,3,69900288,727,328499696,8,94,1,94,0,1022,0,9.87234,3.13943,96,1,96,0,1017,0,9.59375,3.26464,94,1,94,0,1018,0,9.82979,3.11359,
71403,0,0,3,6,4,14,14,240,30,55,.7,.95,.3,.9,.6,1500,.60,90,60,4,3,1920,1024,1152,4,46172160,349,3284923183,8,93,1,93,0,1004,0,9.7957,3.24802,97,1,97,0,1017,0,9.48454,2.95015,93,1,93,0,1000,0,9.88043,3.2699,
30480,0,0,3,6,8,12,16,220,210,90,.6,.95,.4,.8,.1,700,.90,30,60,4,1,1024,1664,1920,1,18461696,616,328499696,8,94,1,94,0,1022,0,9.87234,3.13943,96,1,96,0,1017,0,9.59375,3.26464,94,1,94,0,1018,0,9.82979,3.11359,
1376538,0,0,1,6,9,6,6,120,20,5,.9,.60,.5,.7,.4,1900,.50,70,40,4,2,1408,2048,2048,4,60943360,268,32849172587,8,96,1,96,0,1018,0,9.60417,3.51923,90,1,90,0,1017,0,10.3,3.20919,89,1,89,0,1004,0,10.2809,3.38864,
51739,0,0,6,6,6,12,16,110,160,70,.7,.55,.3,.8,.1,1500,.25,60,40,4,2,1664,1792,1408,2,97122304,913,3284923183,8,93,1,93,0,1004,0,9.7957,3.24802,97,1,97,0,1017,0,9.48454,2.95015,93,1,93,0,1000,0,9.88043,3.2699,
67590,0,0,6,6,3,14,16,180,290,25,.6,.75,.4,.5,.4,1500,.30,90,50,1,3,1024,1280,1536,3,6809600,369,3284923183,8,93,1,93,0,1004,0,9.7957,3.24802,97,1,97,0,1017,0,9.48454,2.95015,93,1,93,0,1000,0,9.88043,3.2699,
298850,0,0,6,6,1,14,16,200,260,60,.6,.70,.5,.6,.1,600,.25,70,60,1,1,2048,1280,1280,1,20365312,693,32849172587,8,96,1,96,0,1018,0,9.60417,3.51923,90,1,90,0,1017,0,10.3,3.20919,89,1,89,0,1004,0,10.2809,3.38864,
34237,0,0,1,6,2,10,16,140,180,80,.5,.55,.5,.8,0,1400,.95,90,40,2,1,1792,1024,1280,1,32056320,655,328499696,8,94,1,94,0,1022,0,9.87234,3.13943,96,1,96,0,1017,0,9.59375,3.26464,94,1,94,0,1018,0,9.82979,3.11359,
158192,0,0,3,6,10,12,20,190,140,20,1.0,1.00,.5,.8,.9,700,.10,10,40,4,2,1536,1024,1792,1,267264,994,10265360706,8,95,1,95,0,1002,0,9.54737,3.76345,93,1,93,0,1004,0,9.7957,3.13687,95,1,95,0,1004,0,9.58947,3.06592,
69563,0,0,3,6,6,16,2,130,160,25,.9,.60,.2,.7,.1,900,0,30,40,1,4,1664,1408,1152,1,4705280,476,3284923183,8,93,1,93,0,1004,0,9.7957,3.24802,97,1,97,0,1017,0,9.48454,2.95015,93,1,93,0,1000,0,9.88043,3.2699,
1444072,0,0,1,6,13,8,18,240,230,90,.8,1.00,.3,.8,.5,1100,1.00,50,60,1,3,1792,1664,1280,2,3906560,447,32849172587,8,96,1,96,0,1018,0,9.60417,3.51923,90,1,90,0,1017,0,10.3,3.20919,89,1,89,0,1004,0,10.2809,3.38864,
50277,0,0,6,6,4,10,8,150,280,20,.5,.80,.3,.7,.1,1900,.70,10,40,4,2,1408,1664,1664,3,63156224,898,3284923183,8,93,1,93,0,1004,0,9.7957,3.24802,97,1,97,0,1017,0,9.48454,2.95015,93,1,93,0,1000,0,9.88043,3.2699,
479588,0,0,3,6,1,20,24,140,270,60,.9,.85,.5,.7,.8,1500,0,50,50,4,1,1792,1920,1664,2,46035968,405,32849172587,8,96,1,96,0,1018,0,9.60417,3.51923,90,1,90,0,1017,0,10.3,3.20919,89,1,89,0,1004,0,10.2809,3.38864,
533228,0,0,3,6,10,24,20,110,210,45,.8,.55,.2,.8,.6,1300,.70,80,40,4,4,1792,1152,1536,3,52217856,895,32849172587,8,96,1,96,0,1018,0,9.60417,3.51923,90,1,90,0,1017,0,10.3,3.20919,89,1,89,0,1004,0,10.2809,3.38864,
307449,0,0,6,6,2,16,20,140,230,70,.9,.65,.3,.5,.6,1100,.20,60,40,2,2,2048,1024,1536,3,115104768,231,32849172587,8,96,1,96,0,1018,0,9.60417,3.51923,90,1,90,0,1017,0,10.3,3.20919,89,1,89,0,1004,0,10.2809,3.38864,
17574,0,0,12,6,12,2,12,160,40,100,.7,.50,.2,.8,.1,1900,.05,50,40,4,1,1408,1920,1664,3,14521344,933,328499696,8,94,1,94,0,1022,0,9.87234,3.13943,96,1,96,0,1017,0,9.59375,3.26464,94,1,94,0,1018,0,9.82979,3.11359,
18106,0,0,12,6,13,12,4,190,130,60,.9,.95,.2,.9,.5,1400,.15,80,40,3,3,1920,1664,1024,2,33402880,731,328499696,8,94,1,94,0,1022,0,9.87234,3.13943,96,1,96,0,1017,0,9.59375,3.26464,94,1,94,0,1018,0,9.82979,3.11359,
86247,0,0,12,6,11,8,2,100,280,100,.6,.60,.5,.5,.9,1600,0,40,60,3,1,1280,1408,1152,4,23787520,581,10265360706,8,95,1,95,0,1002,0,9.54737,3.76345,93,1,93,0,1004,0,9.7957,3.13687,95,1,95,0,1004,0,9.58947,3.06592,
40521,0,0,1,6,16,8,20,140,240,5,.6,.95,.3,.5,.5,1400,.30,60,50,1,1,1664,1024,1920,3,30080000,523,328499696,8,94,1,94,0,1022,0,9.87234,3.13943,96,1,96,0,1017,0,9.59375,3.26464,94,1,94,0,1018,0,9.82979,3.11359,
95688,0,0,12,6,9,20,22,140,300,65,.5,.65,.3,.7,.7,1800,.75,80,50,1,3,1024,1024,1792,4,71510016,432,10265360706,8,95,1,95,0,1002,0,9.54737,3.76345,93,1,93,0,1004,0,9.7957,3.13687,95,1,95,0,1004,0,9.58947,3.06592,
55489,0,0,6,6,11,2,16,230,30,10,.7,.75,.4,.8,.6,1200,.85,90,60,1,3,1280,1664,1792,2,102811648,503,3284923183,8,93,1,93,0,1004,0,9.7957,3.24802,97,1,97,0,1017,0,9.48454,2.95015,93,1,93,0,1000,0,9.88043,3.2699,
394038,0,0,1,6,6,8,16,140,130,40,.8,.80,.4,.7,.4,2000,1.00,50,60,1,2,1152,1920,1792,3,21201920,885,10265360706,8,95,1,95,0,1002,0,9.54737,3.76345,93,1,93,0,1004,0,9.7957,3.13687,95,1,95,0,1004,0,9.58947,3.06592,
199052,0,0,3,6,7,2,18,160,240,20,.8,.55,.5,.8,.8,1700,.10,40,50,2,4,1920,1152,1920,1,99097600,527,10265360706,8,95,1,95,0,1002,0,9.54737,3.76345,93,1,93,0,1004,0,9.7957,3.13687,95,1,95,0,1004,0,9.58947,3.06592,
30971,0,0,3,6,16,22,6,180,210,25,.9,.75,.2,.6,.3,900,.95,90,40,4,1,1280,1408,2048,2,45147136,683,328499696,8,94,1,94,0,1022,0,9.87234,3.13943,96,1,96,0,1017,0,9.59375,3.26464,94,1,94,0,1018,0,9.82979,3.11359,
160535,0,0,1,6,3,16,24,240,70,25,.5,.80,.4,.7,.6,800,.70,30,50,4,2,1280,1152,2048,1,31816704,848,3284923183,8,93,1,93,0,1004,0,9.7957,3.24802,97,1,97,0,1017,0,9.48454,2.95015,93,1,93,0,1000,0,9.88043,3.2699,
27381,0,0,3,6,15,16,20,180,80,15,1.0,.80,.3,.8,.4,1700,.40,50,50,1,3,1280,1536,1664,4,64837632,624,328499696,8,94,1,94,0,1022,0,9.87234,3.13943,96,1,96,0,1017,0,9.59375,3.26464,94,1,94,0,1018,0,9.82979,3.11359,
127266,0,0,6,6,15,18,10,220,90,40,.8,.70,.5,.8,1.0,1100,.10,100,40,1,2,1664,1664,1920,1,104138752,595,10265360706,8,95,1,95,0,1002,0,9.54737,3.76345,93,1,93,0,1004,0,9.7957,3.13687,95,1,95,0,1004,0,9.58947,3.06592,
396139,0,0,1,6,14,14,22,140,100,30,1.0,.75,.2,.6,.8,500,.40,50,60,3,3,1024,1280,1408,2,84539392,418,10265360706,8,95,1,95,0,1002,0,9.54737,3.76345,93,1,93,0,1004,0,9.7957,3.13687,95,1,95,0,1004,0,9.58947,3.06592,
101404,0,0,12,6,1,22,8,250,170,30,.7,.75,.2,.6,.5,500,.35,70,40,2,2,1024,1408,1024,1,133022720,689,10265360706,8,95,1,95,0,1002,0,9.54737,3.76345,93,1,93,0,1004,0,9.7957,3.13687,95,1,95,0,1004,0,9.58947,3.06592,
263118,0,0,12,6,12,2,8,120,290,60,.5,.55,.4,.6,.8,1100,.65,60,50,1,3,2048,1152,1408,4,38883328,438,32849172587,8,96,1,96,0,1018,0,9.60417,3.51923,90,1,90,0,1017,0,10.3,3.20919,89,1,89,0,1004,0,10.2809,3.38864,
